30.0,0.0,0.0
60.0,30.0,0.0
60.0,30.0,20.0
30.0,0.0,20.0
90.0,0.0,0.0
90.0,0.0,20.0
120.0,0.0,0.0
120.0,0.0,20.0
120.0,60.0,0.0
120.0,60.0,20.0
0.0,60.0,0.0
0.0,60.0,20.0
0.0,0.0,20.0
0.0,0.0,0.0
31.4285717,1.42857146,0.0
32.8571434,2.85714293,0.0
34.2857132,4.28571415,0.0
35.7142868,5.71428585,0.0
37.1428566,7.14285707,0.0
38.5714302,8.5714283,0.0
40.0,10.0,0.0
41.4285698,11.4285717,0.0
42.8571434,12.8571424,0.0
44.2857132,14.2857141,0.0
45.7142868,15.7142859,0.0
47.1428566,17.1428566,0.0
48.5714302,18.5714283,0.0
50.0,20.0,0.0
51.4285698,21.4285717,0.0
52.8571434,22.8571434,0.0
54.2857132,24.2857151,0.0
55.7142868,25.7142849,0.0
57.1428566,27.1428566,0.0
58.5714302,28.5714283,0.0
60.0,30.0,2.0
60.0,30.0,4.0
60.0,30.0,6.0
60.0,30.0,8.0
60.0,30.0,10.0
60.0,30.0,12.0
60.0,30.0,14.0
60.0,30.0,16.0
60.0,30.0,18.0
58.5714302,28.5714283,20.0
57.1428566,27.1428566,20.0
55.7142868,25.7142849,20.0
54.2857132,24.2857151,20.0
52.8571434,22.8571434,20.0
51.4285698,21.4285717,20.0
50.0,20.0,20.0
48.5714302,18.5714283,20.0
47.1428566,17.1428566,20.0
45.7142868,15.7142859,20.0
44.2857132,14.2857141,20.0
42.8571434,12.8571424,20.0
41.4285698,11.4285717,20.0
40.0,10.0,20.0
38.5714302,8.5714283,20.0
37.1428566,7.14285707,20.0
35.7142868,5.71428585,20.0
34.2857132,4.28571415,20.0
32.8571434,2.85714293,20.0
31.4285717,1.42857146,20.0
30.0,0.0,18.0
30.0,0.0,16.0
30.0,0.0,14.0
30.0,0.0,12.0
30.0,0.0,10.0
30.0,0.0,8.0
30.0,0.0,6.0
30.0,0.0,4.0
30.0,0.0,2.0
61.4285698,28.5714283,0.0
62.8571434,27.1428566,0.0
64.2857132,25.7142849,0.0
65.7142868,24.2857151,0.0
67.1428604,22.8571434,0.0
68.5714264,21.4285717,0.0
70.0,20.0,0.0
71.4285736,18.5714283,0.0
72.8571396,17.1428566,0.0
74.2857132,15.7142859,0.0
75.7142868,14.2857141,0.0
77.1428604,12.8571424,0.0
78.5714264,11.4285717,0.0
80.0,10.0,0.0
81.4285736,8.5714283,0.0
82.8571396,7.14285707,0.0
84.2857132,5.71428585,0.0
85.7142868,4.28571415,0.0
87.1428604,2.85714293,0.0
88.5714264,1.42857146,0.0
90.0,0.0,2.0
90.0,0.0,4.0
90.0,0.0,6.0
90.0,0.0,8.0
90.0,0.0,10.0
90.0,0.0,12.0
90.0,0.0,14.0
90.0,0.0,16.0
90.0,0.0,18.0
88.5714264,1.42857146,20.0
87.1428604,2.85714293,20.0
85.7142868,4.28571415,20.0
84.2857132,5.71428585,20.0
82.8571396,7.14285707,20.0
81.4285736,8.5714283,20.0
80.0,10.0,20.0
78.5714264,11.4285717,20.0
77.1428604,12.8571424,20.0
75.7142868,14.2857141,20.0
74.2857132,15.7142859,20.0
72.8571396,17.1428566,20.0
71.4285736,18.5714283,20.0
70.0,20.0,20.0
68.5714264,21.4285717,20.0
67.1428604,22.8571434,20.0
65.7142868,24.2857151,20.0
64.2857132,25.7142849,20.0
62.8571434,27.1428566,20.0
61.4285698,28.5714283,20.0
92.0,0.0,0.0
94.0,0.0,0.0
96.0,0.0,0.0
98.0,0.0,0.0
100.0,0.0,0.0
102.0,0.0,0.0
104.0,0.0,0.0
106.0,0.0,0.0
108.0,0.0,0.0
110.0,0.0,0.0
112.0,0.0,0.0
114.0,0.0,0.0
116.0,0.0,0.0
118.0,0.0,0.0
120.0,0.0,2.0
120.0,0.0,4.0
120.0,0.0,6.0
120.0,0.0,8.0
120.0,0.0,10.0
120.0,0.0,12.0
120.0,0.0,14.0
120.0,0.0,16.0
120.0,0.0,18.0
118.0,0.0,20.0
116.0,0.0,20.0
114.0,0.0,20.0
112.0,0.0,20.0
110.0,0.0,20.0
108.0,0.0,20.0
106.0,0.0,20.0
104.0,0.0,20.0
102.0,0.0,20.0
100.0,0.0,20.0
98.0,0.0,20.0
96.0,0.0,20.0
94.0,0.0,20.0
92.0,0.0,20.0
120.0,2.0,0.0
120.0,4.0,0.0
120.0,6.0,0.0
120.0,8.0,0.0
120.0,10.0,0.0
120.0,12.0,0.0
120.0,14.0,0.0
120.0,16.0,0.0
120.0,18.0,0.0
120.0,20.0,0.0
120.0,22.0,0.0
120.0,24.0,0.0
120.0,26.0,0.0
120.0,28.0,0.0
120.0,30.0,0.0
120.0,32.0,0.0
120.0,34.0,0.0
120.0,36.0,0.0
120.0,38.0,0.0
120.0,40.0,0.0
120.0,42.0,0.0
120.0,44.0,0.0
120.0,46.0,0.0
120.0,48.0,0.0
120.0,50.0,0.0
120.0,52.0,0.0
120.0,54.0,0.0
120.0,56.0,0.0
120.0,58.0,0.0
120.0,60.0,2.0
120.0,60.0,4.0
120.0,60.0,6.0
120.0,60.0,8.0
120.0,60.0,10.0
120.0,60.0,12.0
120.0,60.0,14.0
120.0,60.0,16.0
120.0,60.0,18.0
120.0,58.0,20.0
120.0,56.0,20.0
120.0,54.0,20.0
120.0,52.0,20.0
120.0,50.0,20.0
120.0,48.0,20.0
120.0,46.0,20.0
120.0,44.0,20.0
120.0,42.0,20.0
120.0,40.0,20.0
120.0,38.0,20.0
120.0,36.0,20.0
120.0,34.0,20.0
120.0,32.0,20.0
120.0,30.0,20.0
120.0,28.0,20.0
120.0,26.0,20.0
120.0,24.0,20.0
120.0,22.0,20.0
120.0,20.0,20.0
120.0,18.0,20.0
120.0,16.0,20.0
120.0,14.0,20.0
120.0,12.0,20.0
120.0,10.0,20.0
120.0,8.0,20.0
120.0,6.0,20.0
120.0,4.0,20.0
120.0,2.0,20.0
118.0,60.0,0.0
116.0,60.0,0.0
114.0,60.0,0.0
112.0,60.0,0.0
110.0,60.0,0.0
108.0,60.0,0.0
106.0,60.0,0.0
104.0,60.0,0.0
102.0,60.0,0.0
100.0,60.0,0.0
98.0,60.0,0.0
96.0,60.0,0.0
94.0,60.0,0.0
92.0,60.0,0.0
90.0,60.0,0.0
88.0,60.0,0.0
86.0,60.0,0.0
84.0,60.0,0.0
82.0,60.0,0.0
80.0,60.0,0.0
78.0,60.0,0.0
76.0,60.0,0.0
74.0,60.0,0.0
72.0,60.0,0.0
70.0,60.0,0.0
68.0,60.0,0.0
66.0,60.0,0.0
64.0,60.0,0.0
62.0,60.0,0.0
60.0,60.0,0.0
58.0,60.0,0.0
56.0,60.0,0.0
54.0,60.0,0.0
52.0,60.0,0.0
50.0,60.0,0.0
48.0,60.0,0.0
46.0,60.0,0.0
44.0,60.0,0.0
42.0,60.0,0.0
40.0,60.0,0.0
38.0,60.0,0.0
36.0,60.0,0.0
34.0,60.0,0.0
32.0,60.0,0.0
30.0,60.0,0.0
28.0,60.0,0.0
26.0,60.0,0.0
24.0,60.0,0.0
22.0,60.0,0.0
20.0,60.0,0.0
18.0,60.0,0.0
16.0,60.0,0.0
14.0,60.0,0.0
12.0,60.0,0.0
10.0,60.0,0.0
8.0,60.0,0.0
6.0,60.0,0.0
4.0,60.0,0.0
2.0,60.0,0.0
0.0,60.0,2.0
0.0,60.0,4.0
0.0,60.0,6.0
0.0,60.0,8.0
0.0,60.0,10.0
0.0,60.0,12.0
0.0,60.0,14.0
0.0,60.0,16.0
0.0,60.0,18.0
2.0,60.0,20.0
4.0,60.0,20.0
6.0,60.0,20.0
8.0,60.0,20.0
10.0,60.0,20.0
12.0,60.0,20.0
14.0,60.0,20.0
16.0,60.0,20.0
18.0,60.0,20.0
20.0,60.0,20.0
22.0,60.0,20.0
24.0,60.0,20.0
26.0,60.0,20.0
28.0,60.0,20.0
30.0,60.0,20.0
32.0,60.0,20.0
34.0,60.0,20.0
36.0,60.0,20.0
38.0,60.0,20.0
40.0,60.0,20.0
42.0,60.0,20.0
44.0,60.0,20.0
46.0,60.0,20.0
48.0,60.0,20.0
50.0,60.0,20.0
52.0,60.0,20.0
54.0,60.0,20.0
56.0,60.0,20.0
58.0,60.0,20.0
60.0,60.0,20.0
62.0,60.0,20.0
64.0,60.0,20.0
66.0,60.0,20.0
68.0,60.0,20.0
70.0,60.0,20.0
72.0,60.0,20.0
74.0,60.0,20.0
76.0,60.0,20.0
78.0,60.0,20.0
80.0,60.0,20.0
82.0,60.0,20.0
84.0,60.0,20.0
86.0,60.0,20.0
88.0,60.0,20.0
90.0,60.0,20.0
92.0,60.0,20.0
94.0,60.0,20.0
96.0,60.0,20.0
98.0,60.0,20.0
100.0,60.0,20.0
102.0,60.0,20.0
104.0,60.0,20.0
106.0,60.0,20.0
108.0,60.0,20.0
110.0,60.0,20.0
112.0,60.0,20.0
114.0,60.0,20.0
116.0,60.0,20.0
118.0,60.0,20.0
2.0,0.0,20.0
4.0,0.0,20.0
6.0,0.0,20.0
8.0,0.0,20.0
10.0,0.0,20.0
12.0,0.0,20.0
14.0,0.0,20.0
16.0,0.0,20.0
18.0,0.0,20.0
20.0,0.0,20.0
22.0,0.0,20.0
24.0,0.0,20.0
26.0,0.0,20.0
28.0,0.0,20.0
0.0,58.0,20.0
0.0,56.0,20.0
0.0,54.0,20.0
0.0,52.0,20.0
0.0,50.0,20.0
0.0,48.0,20.0
0.0,46.0,20.0
0.0,44.0,20.0
0.0,42.0,20.0
0.0,40.0,20.0
0.0,38.0,20.0
0.0,36.0,20.0
0.0,34.0,20.0
0.0,32.0,20.0
0.0,30.0,20.0
0.0,28.0,20.0
0.0,26.0,20.0
0.0,24.0,20.0
0.0,22.0,20.0
0.0,20.0,20.0
0.0,18.0,20.0
0.0,16.0,20.0
0.0,14.0,20.0
0.0,12.0,20.0
0.0,10.0,20.0
0.0,8.0,20.0
0.0,6.0,20.0
0.0,4.0,20.0
0.0,2.0,20.0
2.0,0.0,0.0
4.0,0.0,0.0
6.0,0.0,0.0
8.0,0.0,0.0
10.0,0.0,0.0
12.0,0.0,0.0
14.0,0.0,0.0
16.0,0.0,0.0
18.0,0.0,0.0
20.0,0.0,0.0
22.0,0.0,0.0
24.0,0.0,0.0
26.0,0.0,0.0
28.0,0.0,0.0
0.0,0.0,18.0
0.0,0.0,16.0
0.0,0.0,14.0
0.0,0.0,12.0
0.0,0.0,10.0
0.0,0.0,8.0
0.0,0.0,6.0
0.0,0.0,4.0
0.0,0.0,2.0
0.0,2.0,0.0
0.0,4.0,0.0
0.0,6.0,0.0
0.0,8.0,0.0
0.0,10.0,0.0
0.0,12.0,0.0
0.0,14.0,0.0
0.0,16.0,0.0
0.0,18.0,0.0
0.0,20.0,0.0
0.0,22.0,0.0
0.0,24.0,0.0
0.0,26.0,0.0
0.0,28.0,0.0
0.0,30.0,0.0
0.0,32.0,0.0
0.0,34.0,0.0
0.0,36.0,0.0
0.0,38.0,0.0
0.0,40.0,0.0
0.0,42.0,0.0
0.0,44.0,0.0
0.0,46.0,0.0
0.0,48.0,0.0
0.0,50.0,0.0
0.0,52.0,0.0
0.0,54.0,0.0
0.0,56.0,0.0
0.0,58.0,0.0
31.4285717,1.42857158,2.0
32.8571434,2.85714316,2.0
34.2857132,4.28571367,2.0
35.7142868,5.71428633,2.0
37.1428566,7.14285707,2.0
38.5714302,8.57142925,2.0
40.0,10.0,2.0
41.4285698,11.4285707,2.0
42.8571434,12.8571434,2.0
44.2857132,14.2857141,2.0
45.7142868,15.7142868,2.0
47.1428566,17.1428566,2.0
48.5714302,18.5714302,2.0
50.0,20.0,2.0
51.4285698,21.4285717,2.0
52.8571434,22.8571434,2.0
54.2857132,24.2857151,2.0
55.7142868,25.7142868,2.0
57.1428566,27.1428566,2.0
58.5714302,28.5714302,2.0
31.4285717,1.42857158,4.0
32.8571434,2.85714316,4.0
34.2857132,4.28571367,4.0
35.7142868,5.71428633,4.0
37.1428566,7.14285707,4.0
38.5714302,8.57142925,4.0
40.0,10.0,4.0
41.4285698,11.4285707,4.0
42.8571434,12.8571434,4.0
44.2857132,14.2857141,4.0
45.7142868,15.7142868,4.0
47.1428566,17.1428566,4.0
48.5714302,18.5714302,4.0
50.0,20.0,4.0
51.4285698,21.4285717,4.0
52.8571434,22.8571434,4.0
54.2857132,24.2857151,4.0
55.7142868,25.7142868,4.0
57.1428566,27.1428566,4.0
58.5714302,28.5714302,4.0
31.4285717,1.42857158,6.0
32.8571434,2.85714316,6.0
34.2857132,4.28571367,6.0
35.7142868,5.71428633,6.0
37.1428566,7.14285707,6.0
38.5714302,8.57142925,6.0
40.0,10.0,6.0
41.4285698,11.4285707,6.0
42.8571434,12.8571434,6.0
44.2857132,14.2857141,6.0
45.7142868,15.7142868,6.0
47.1428566,17.1428566,6.0
48.5714302,18.5714302,6.0
50.0,20.0,6.0
51.4285698,21.4285717,6.0
52.8571434,22.8571434,6.0
54.2857132,24.2857151,6.0
55.7142868,25.7142868,6.0
57.1428566,27.1428566,6.0
58.5714302,28.5714302,6.0
31.4285717,1.42857158,8.0
32.8571434,2.85714316,8.0
34.2857132,4.28571367,8.0
35.7142868,5.71428633,8.0
37.1428566,7.14285707,8.0
38.5714302,8.57142925,8.0
40.0,10.0,8.0
41.4285698,11.4285707,8.0
42.8571434,12.8571434,8.0
44.2857132,14.2857141,8.0
45.7142868,15.7142868,8.0
47.1428566,17.1428566,8.0
48.5714302,18.5714302,8.0
50.0,20.0,8.0
51.4285698,21.4285717,8.0
52.8571434,22.8571434,8.0
54.2857132,24.2857151,8.0
55.7142868,25.7142868,8.0
57.1428566,27.1428566,8.0
58.5714302,28.5714302,8.0
31.4285717,1.42857158,10.0
32.8571434,2.85714316,10.0
34.2857132,4.28571367,10.0
35.7142868,5.71428633,10.0
37.1428566,7.14285707,10.0
38.5714302,8.57142925,10.0
40.0,10.0,10.0
41.4285698,11.4285707,10.0
42.8571434,12.8571434,10.0
44.2857132,14.2857141,10.0
45.7142868,15.7142868,10.0
47.1428566,17.1428566,10.0
48.5714302,18.5714302,10.0
50.0,20.0,10.0
51.4285698,21.4285717,10.0
52.8571434,22.8571434,10.0
54.2857132,24.2857151,10.0
55.7142868,25.7142868,10.0
57.1428566,27.1428566,10.0
58.5714302,28.5714302,10.0
31.4285717,1.42857158,12.0
32.8571434,2.85714316,12.0
34.2857132,4.28571367,12.0
35.7142868,5.71428633,12.0
37.1428566,7.14285707,12.0
38.5714302,8.57142925,12.0
40.0,10.0,12.0
41.4285698,11.4285707,12.0
42.8571434,12.8571434,12.0
44.2857132,14.2857141,12.0
45.7142868,15.7142868,12.0
47.1428566,17.1428566,12.0
48.5714302,18.5714302,12.0
50.0,20.0,12.0
51.4285698,21.4285717,12.0
52.8571434,22.8571434,12.0
54.2857132,24.2857151,12.0
55.7142868,25.7142868,12.0
57.1428566,27.1428566,12.0
58.5714302,28.5714302,12.0
31.4285717,1.42857158,14.0
32.8571434,2.85714316,14.0
34.2857132,4.28571367,14.0
35.7142868,5.71428633,14.0
37.1428566,7.14285707,14.0
38.5714302,8.57142925,14.0
40.0,10.0,14.0
41.4285698,11.4285707,14.0
42.8571434,12.8571434,14.0
44.2857132,14.2857141,14.0
45.7142868,15.7142868,14.0
47.1428566,17.1428566,14.0
48.5714302,18.5714302,14.0
50.0,20.0,14.0
51.4285698,21.4285717,14.0
52.8571434,22.8571434,14.0
54.2857132,24.2857151,14.0
55.7142868,25.7142868,14.0
57.1428566,27.1428566,14.0
58.5714302,28.5714302,14.0
31.4285717,1.42857158,16.0
32.8571434,2.85714316,16.0
34.2857132,4.28571367,16.0
35.7142868,5.71428633,16.0
37.1428566,7.14285707,16.0
38.5714302,8.57142925,16.0
40.0,10.0,16.0
41.4285698,11.4285707,16.0
42.8571434,12.8571434,16.0
44.2857132,14.2857141,16.0
45.7142868,15.7142868,16.0
47.1428566,17.1428566,16.0
48.5714302,18.5714302,16.0
50.0,20.0,16.0
51.4285698,21.4285717,16.0
52.8571434,22.8571434,16.0
54.2857132,24.2857151,16.0
55.7142868,25.7142868,16.0
57.1428566,27.1428566,16.0
58.5714302,28.5714302,16.0
31.4285717,1.42857158,18.0
32.8571434,2.85714316,18.0
34.2857132,4.28571367,18.0
35.7142868,5.71428633,18.0
37.1428566,7.14285707,18.0
38.5714302,8.57142925,18.0
40.0,10.0,18.0
41.4285698,11.4285707,18.0
42.8571434,12.8571434,18.0
44.2857132,14.2857141,18.0
45.7142868,15.7142868,18.0
47.1428566,17.1428566,18.0
48.5714302,18.5714302,18.0
50.0,20.0,18.0
51.4285698,21.4285717,18.0
52.8571434,22.8571434,18.0
54.2857132,24.2857151,18.0
55.7142868,25.7142868,18.0
57.1428566,27.1428566,18.0
58.5714302,28.5714302,18.0
61.4285698,28.5714302,2.0
62.8571434,27.1428566,2.0
64.2857132,25.7142868,2.0
65.7142868,24.2857151,2.0
67.1428604,22.8571415,2.0
68.5714264,21.4285736,2.0
70.0,20.0,2.0
71.4285736,18.5714283,2.0
72.8571396,17.1428585,2.0
74.2857132,15.7142868,2.0
75.7142868,14.2857141,2.0
77.1428604,12.8571415,2.0
78.5714264,11.4285727,2.0
80.0,10.0,2.0
81.4285736,8.57142735,2.0
82.8571396,7.14285898,2.0
84.2857132,5.71428633,2.0
85.7142868,4.28571367,2.0
87.1428604,2.85714126,2.0
88.5714264,1.42857254,2.0
61.4285698,28.5714302,4.0
62.8571434,27.1428566,4.0
64.2857132,25.7142868,4.0
65.7142868,24.2857151,4.0
67.1428604,22.8571415,4.0
68.5714264,21.4285736,4.0
70.0,20.0,4.0
71.4285736,18.5714283,4.0
72.8571396,17.1428585,4.0
74.2857132,15.7142868,4.0
75.7142868,14.2857141,4.0
77.1428604,12.8571415,4.0
78.5714264,11.4285727,4.0
80.0,10.0,4.0
81.4285736,8.57142735,4.0
82.8571396,7.14285898,4.0
84.2857132,5.71428633,4.0
85.7142868,4.28571367,4.0
87.1428604,2.85714126,4.0
88.5714264,1.42857254,4.0
61.4285698,28.5714302,6.0
62.8571434,27.1428566,6.0
64.2857132,25.7142868,6.0
65.7142868,24.2857151,6.0
67.1428604,22.8571415,6.0
68.5714264,21.4285736,6.0
70.0,20.0,6.0
71.4285736,18.5714283,6.0
72.8571396,17.1428585,6.0
74.2857132,15.7142868,6.0
75.7142868,14.2857141,6.0
77.1428604,12.8571415,6.0
78.5714264,11.4285727,6.0
80.0,10.0,6.0
81.4285736,8.57142735,6.0
82.8571396,7.14285898,6.0
84.2857132,5.71428633,6.0
85.7142868,4.28571367,6.0
87.1428604,2.85714126,6.0
88.5714264,1.42857254,6.0
61.4285698,28.5714302,8.0
62.8571434,27.1428566,8.0
64.2857132,25.7142868,8.0
65.7142868,24.2857151,8.0
67.1428604,22.8571415,8.0
68.5714264,21.4285736,8.0
70.0,20.0,8.0
71.4285736,18.5714283,8.0
72.8571396,17.1428585,8.0
74.2857132,15.7142868,8.0
75.7142868,14.2857141,8.0
77.1428604,12.8571415,8.0
78.5714264,11.4285727,8.0
80.0,10.0,8.0
81.4285736,8.57142735,8.0
82.8571396,7.14285898,8.0
84.2857132,5.71428633,8.0
85.7142868,4.28571367,8.0
87.1428604,2.85714126,8.0
88.5714264,1.42857254,8.0
61.4285698,28.5714302,10.0
62.8571434,27.1428566,10.0
64.2857132,25.7142868,10.0
65.7142868,24.2857151,10.0
67.1428604,22.8571415,10.0
68.5714264,21.4285736,10.0
70.0,20.0,10.0
71.4285736,18.5714283,10.0
72.8571396,17.1428585,10.0
74.2857132,15.7142868,10.0
75.7142868,14.2857141,10.0
77.1428604,12.8571415,10.0
78.5714264,11.4285727,10.0
80.0,10.0,10.0
81.4285736,8.57142735,10.0
82.8571396,7.14285898,10.0
84.2857132,5.71428633,10.0
85.7142868,4.28571367,10.0
87.1428604,2.85714126,10.0
88.5714264,1.42857254,10.0
61.4285698,28.5714302,12.0
62.8571434,27.1428566,12.0
64.2857132,25.7142868,12.0
65.7142868,24.2857151,12.0
67.1428604,22.8571415,12.0
68.5714264,21.4285736,12.0
70.0,20.0,12.0
71.4285736,18.5714283,12.0
72.8571396,17.1428585,12.0
74.2857132,15.7142868,12.0
75.7142868,14.2857141,12.0
77.1428604,12.8571415,12.0
78.5714264,11.4285727,12.0
80.0,10.0,12.0
81.4285736,8.57142735,12.0
82.8571396,7.14285898,12.0
84.2857132,5.71428633,12.0
85.7142868,4.28571367,12.0
87.1428604,2.85714126,12.0
88.5714264,1.42857254,12.0
61.4285698,28.5714302,14.0
62.8571434,27.1428566,14.0
64.2857132,25.7142868,14.0
65.7142868,24.2857151,14.0
67.1428604,22.8571415,14.0
68.5714264,21.4285736,14.0
70.0,20.0,14.0
71.4285736,18.5714283,14.0
72.8571396,17.1428585,14.0
74.2857132,15.7142868,14.0
75.7142868,14.2857141,14.0
77.1428604,12.8571415,14.0
78.5714264,11.4285727,14.0
80.0,10.0,14.0
81.4285736,8.57142735,14.0
82.8571396,7.14285898,14.0
84.2857132,5.71428633,14.0
85.7142868,4.28571367,14.0
87.1428604,2.85714126,14.0
88.5714264,1.42857254,14.0
61.4285698,28.5714302,16.0
62.8571434,27.1428566,16.0
64.2857132,25.7142868,16.0
65.7142868,24.2857151,16.0
67.1428604,22.8571415,16.0
68.5714264,21.4285736,16.0
70.0,20.0,16.0
71.4285736,18.5714283,16.0
72.8571396,17.1428585,16.0
74.2857132,15.7142868,16.0
75.7142868,14.2857141,16.0
77.1428604,12.8571415,16.0
78.5714264,11.4285727,16.0
80.0,10.0,16.0
81.4285736,8.57142735,16.0
82.8571396,7.14285898,16.0
84.2857132,5.71428633,16.0
85.7142868,4.28571367,16.0
87.1428604,2.85714126,16.0
88.5714264,1.42857254,16.0
61.4285698,28.5714302,18.0
62.8571434,27.1428566,18.0
64.2857132,25.7142868,18.0
65.7142868,24.2857151,18.0
67.1428604,22.8571415,18.0
68.5714264,21.4285736,18.0
70.0,20.0,18.0
71.4285736,18.5714283,18.0
72.8571396,17.1428585,18.0
74.2857132,15.7142868,18.0
75.7142868,14.2857141,18.0
77.1428604,12.8571415,18.0
78.5714264,11.4285727,18.0
80.0,10.0,18.0
81.4285736,8.57142735,18.0
82.8571396,7.14285898,18.0
84.2857132,5.71428633,18.0
85.7142868,4.28571367,18.0
87.1428604,2.85714126,18.0
88.5714264,1.42857254,18.0
92.0,0.0,2.0
94.0,0.0,2.0
96.0,0.0,2.0
98.0,0.0,2.0
100.0,0.0,2.0
102.0,0.0,2.0
104.0,0.0,2.0
106.0,0.0,2.0
108.0,0.0,2.0
110.0,0.0,2.0
112.0,0.0,2.0
114.0,0.0,2.0
116.0,0.0,2.0
118.0,0.0,2.0
92.0,0.0,4.0
94.0,0.0,4.0
96.0,0.0,4.0
98.0,0.0,4.0
100.0,0.0,4.0
102.0,0.0,4.0
104.0,0.0,4.0
106.0,0.0,4.0
108.0,0.0,4.0
110.0,0.0,4.0
112.0,0.0,4.0
114.0,0.0,4.0
116.0,0.0,4.0
118.0,0.0,4.0
92.0,0.0,6.0
94.0,0.0,6.0
96.0,0.0,6.0
98.0,0.0,6.0
100.0,0.0,6.0
102.0,0.0,6.0
104.0,0.0,6.0
106.0,0.0,6.0
108.0,0.0,6.0
110.0,0.0,6.0
112.0,0.0,6.0
114.0,0.0,6.0
116.0,0.0,6.0
118.0,0.0,6.0
92.0,0.0,8.0
94.0,0.0,8.0
96.0,0.0,8.0
98.0,0.0,8.0
100.0,0.0,8.0
102.0,0.0,8.0
104.0,0.0,8.0
106.0,0.0,8.0
108.0,0.0,8.0
110.0,0.0,8.0
112.0,0.0,8.0
114.0,0.0,8.0
116.0,0.0,8.0
118.0,0.0,8.0
92.0,0.0,10.0
94.0,0.0,10.0
96.0,0.0,10.0
98.0,0.0,10.0
100.0,0.0,10.0
102.0,0.0,10.0
104.0,0.0,10.0
106.0,0.0,10.0
108.0,0.0,10.0
110.0,0.0,10.0
112.0,0.0,10.0
114.0,0.0,10.0
116.0,0.0,10.0
118.0,0.0,10.0
92.0,0.0,12.0
94.0,0.0,12.0
96.0,0.0,12.0
98.0,0.0,12.0
100.0,0.0,12.0
102.0,0.0,12.0
104.0,0.0,12.0
106.0,0.0,12.0
108.0,0.0,12.0
110.0,0.0,12.0
112.0,0.0,12.0
114.0,0.0,12.0
116.0,0.0,12.0
118.0,0.0,12.0
92.0,0.0,14.0
94.0,0.0,14.0
96.0,0.0,14.0
98.0,0.0,14.0
100.0,0.0,14.0
102.0,0.0,14.0
104.0,0.0,14.0
106.0,0.0,14.0
108.0,0.0,14.0
110.0,0.0,14.0
112.0,0.0,14.0
114.0,0.0,14.0
116.0,0.0,14.0
118.0,0.0,14.0
92.0,0.0,16.0
94.0,0.0,16.0
96.0,0.0,16.0
98.0,0.0,16.0
100.0,0.0,16.0
102.0,0.0,16.0
104.0,0.0,16.0
106.0,0.0,16.0
108.0,0.0,16.0
110.0,0.0,16.0
112.0,0.0,16.0
114.0,0.0,16.0
116.0,0.0,16.0
118.0,0.0,16.0
92.0,0.0,18.0
94.0,0.0,18.0
96.0,0.0,18.0
98.0,0.0,18.0
100.0,0.0,18.0
102.0,0.0,18.0
104.0,0.0,18.0
106.0,0.0,18.0
108.0,0.0,18.0
110.0,0.0,18.0
112.0,0.0,18.0
114.0,0.0,18.0
116.0,0.0,18.0
118.0,0.0,18.0
120.0,2.0,2.0
120.0,4.0,2.0
120.0,6.0,2.0
120.0,8.0,2.0
120.0,10.0,2.0
120.0,12.0,2.0
120.0,14.0,2.0
120.0,16.0,2.0
120.0,18.0,2.0
120.0,20.0,2.0
120.0,22.0,2.0
120.0,24.0,2.0
120.0,26.0,2.0
120.0,28.0,2.0
120.0,30.0,2.0
120.0,32.0,2.0
120.0,34.0,2.0
120.0,36.0,2.0
120.0,38.0,2.0
120.0,40.0,2.0
120.0,42.0,2.0
120.0,44.0,2.0
120.0,46.0,2.0
120.0,48.0,2.0
120.0,50.0,2.0
120.0,52.0,2.0
120.0,54.0,2.0
120.0,56.0,2.0
120.0,58.0,2.0
120.0,2.0,4.0
120.0,4.0,4.0
120.0,6.0,4.0
120.0,8.0,4.0
120.0,10.0,4.0
120.0,12.0,4.0
120.0,14.0,4.0
120.0,16.0,4.0
120.0,18.0,4.0
120.0,20.0,4.0
120.0,22.0,4.0
120.0,24.0,4.0
120.0,26.0,4.0
120.0,28.0,4.0
120.0,30.0,4.0
120.0,32.0,4.0
120.0,34.0,4.0
120.0,36.0,4.0
120.0,38.0,4.0
120.0,40.0,4.0
120.0,42.0,4.0
120.0,44.0,4.0
120.0,46.0,4.0
120.0,48.0,4.0
120.0,50.0,4.0
120.0,52.0,4.0
120.0,54.0,4.0
120.0,56.0,4.0
120.0,58.0,4.0
120.0,2.0,6.0
120.0,4.0,6.0
120.0,6.0,6.0
120.0,8.0,6.0
120.0,10.0,6.0
120.0,12.0,6.0
120.0,14.0,6.0
120.0,16.0,6.0
120.0,18.0,6.0
120.0,20.0,6.0
120.0,22.0,6.0
120.0,24.0,6.0
120.0,26.0,6.0
120.0,28.0,6.0
120.0,30.0,6.0
120.0,32.0,6.0
120.0,34.0,6.0
120.0,36.0,6.0
120.0,38.0,6.0
120.0,40.0,6.0
120.0,42.0,6.0
120.0,44.0,6.0
120.0,46.0,6.0
120.0,48.0,6.0
120.0,50.0,6.0
120.0,52.0,6.0
120.0,54.0,6.0
120.0,56.0,6.0
120.0,58.0,6.0
120.0,2.0,8.0
120.0,4.0,8.0
120.0,6.0,8.0
120.0,8.0,8.0
120.0,10.0,8.0
120.0,12.0,8.0
120.0,14.0,8.0
120.0,16.0,8.0
120.0,18.0,8.0
120.0,20.0,8.0
120.0,22.0,8.0
120.0,24.0,8.0
120.0,26.0,8.0
120.0,28.0,8.0
120.0,30.0,8.0
120.0,32.0,8.0
120.0,34.0,8.0
120.0,36.0,8.0
120.0,38.0,8.0
120.0,40.0,8.0
120.0,42.0,8.0
120.0,44.0,8.0
120.0,46.0,8.0
120.0,48.0,8.0
120.0,50.0,8.0
120.0,52.0,8.0
120.0,54.0,8.0
120.0,56.0,8.0
120.0,58.0,8.0
120.0,2.0,10.0
120.0,4.0,10.0
120.0,6.0,10.0
120.0,8.0,10.0
120.0,10.0,10.0
120.0,12.0,10.0
120.0,14.0,10.0
120.0,16.0,10.0
120.0,18.0,10.0
120.0,20.0,10.0
120.0,22.0,10.0
120.0,24.0,10.0
120.0,26.0,10.0
120.0,28.0,10.0
120.0,30.0,10.0
120.0,32.0,10.0
120.0,34.0,10.0
120.0,36.0,10.0
120.0,38.0,10.0
120.0,40.0,10.0
120.0,42.0,10.0
120.0,44.0,10.0
120.0,46.0,10.0
120.0,48.0,10.0
120.0,50.0,10.0
120.0,52.0,10.0
120.0,54.0,10.0
120.0,56.0,10.0
120.0,58.0,10.0
120.0,2.0,12.0
120.0,4.0,12.0
120.0,6.0,12.0
120.0,8.0,12.0
120.0,10.0,12.0
120.0,12.0,12.0
120.0,14.0,12.0
120.0,16.0,12.0
120.0,18.0,12.0
120.0,20.0,12.0
120.0,22.0,12.0
120.0,24.0,12.0
120.0,26.0,12.0
120.0,28.0,12.0
120.0,30.0,12.0
120.0,32.0,12.0
120.0,34.0,12.0
120.0,36.0,12.0
120.0,38.0,12.0
120.0,40.0,12.0
120.0,42.0,12.0
120.0,44.0,12.0
120.0,46.0,12.0
120.0,48.0,12.0
120.0,50.0,12.0
120.0,52.0,12.0
120.0,54.0,12.0
120.0,56.0,12.0
120.0,58.0,12.0
120.0,2.0,14.0
120.0,4.0,14.0
120.0,6.0,14.0
120.0,8.0,14.0
120.0,10.0,14.0
120.0,12.0,14.0
120.0,14.0,14.0
120.0,16.0,14.0
120.0,18.0,14.0
120.0,20.0,14.0
120.0,22.0,14.0
120.0,24.0,14.0
120.0,26.0,14.0
120.0,28.0,14.0
120.0,30.0,14.0
120.0,32.0,14.0
120.0,34.0,14.0
120.0,36.0,14.0
120.0,38.0,14.0
120.0,40.0,14.0
120.0,42.0,14.0
120.0,44.0,14.0
120.0,46.0,14.0
120.0,48.0,14.0
120.0,50.0,14.0
120.0,52.0,14.0
120.0,54.0,14.0
120.0,56.0,14.0
120.0,58.0,14.0
120.0,2.0,16.0
120.0,4.0,16.0
120.0,6.0,16.0
120.0,8.0,16.0
120.0,10.0,16.0
120.0,12.0,16.0
120.0,14.0,16.0
120.0,16.0,16.0
120.0,18.0,16.0
120.0,20.0,16.0
120.0,22.0,16.0
120.0,24.0,16.0
120.0,26.0,16.0
120.0,28.0,16.0
120.0,30.0,16.0
120.0,32.0,16.0
120.0,34.0,16.0
120.0,36.0,16.0
120.0,38.0,16.0
120.0,40.0,16.0
120.0,42.0,16.0
120.0,44.0,16.0
120.0,46.0,16.0
120.0,48.0,16.0
120.0,50.0,16.0
120.0,52.0,16.0
120.0,54.0,16.0
120.0,56.0,16.0
120.0,58.0,16.0
120.0,2.0,18.0
120.0,4.0,18.0
120.0,6.0,18.0
120.0,8.0,18.0
120.0,10.0,18.0
120.0,12.0,18.0
120.0,14.0,18.0
120.0,16.0,18.0
120.0,18.0,18.0
120.0,20.0,18.0
120.0,22.0,18.0
120.0,24.0,18.0
120.0,26.0,18.0
120.0,28.0,18.0
120.0,30.0,18.0
120.0,32.0,18.0
120.0,34.0,18.0
120.0,36.0,18.0
120.0,38.0,18.0
120.0,40.0,18.0
120.0,42.0,18.0
120.0,44.0,18.0
120.0,46.0,18.0
120.0,48.0,18.0
120.0,50.0,18.0
120.0,52.0,18.0
120.0,54.0,18.0
120.0,56.0,18.0
120.0,58.0,18.0
118.0,60.0,2.0
116.0,60.0,2.0
114.0,60.0,2.0
112.0,60.0,2.0
110.0,60.0,2.0
108.0,60.0,2.0
106.0,60.0,2.0
104.0,60.0,2.0
102.0,60.0,2.0
100.0,60.0,2.0
98.0,60.0,2.0
96.0,60.0,2.0
94.0,60.0,2.0
92.0,60.0,2.0
90.0,60.0,2.0
88.0,60.0,2.0
86.0,60.0,2.0
84.0,60.0,2.0
82.0,60.0,2.0
80.0,60.0,2.0
78.0,60.0,2.0
76.0,60.0,2.0
74.0,60.0,2.0
72.0,60.0,2.0
70.0,60.0,2.0
68.0,60.0,2.0
66.0,60.0,2.0
64.0,60.0,2.0
62.0,60.0,2.0
60.0,60.0,2.0
58.0,60.0,2.0
56.0,60.0,2.0
54.0,60.0,2.0
52.0,60.0,2.0
50.0,60.0,2.0
48.0,60.0,2.0
46.0,60.0,2.0
44.0,60.0,2.0
42.0,60.0,2.0
40.0,60.0,2.0
38.0,60.0,2.0
36.0,60.0,2.0
34.0,60.0,2.0
32.0,60.0,2.0
30.0,60.0,2.0
28.0,60.0,2.0
26.0,60.0,2.0
24.0,60.0,2.0
22.0,60.0,2.0
20.0,60.0,2.0
18.0,60.0,2.0
16.0,60.0,2.0
14.0,60.0,2.0
12.0,60.0,2.0
10.0,60.0,2.0
8.0,60.0,2.0
6.0,60.0,2.0
4.0,60.0,2.0
2.0,60.0,2.0
118.0,60.0,4.0
116.0,60.0,4.0
114.0,60.0,4.0
112.0,60.0,4.0
110.0,60.0,4.0
108.0,60.0,4.0
106.0,60.0,4.0
104.0,60.0,4.0
102.0,60.0,4.0
100.0,60.0,4.0
98.0,60.0,4.0
96.0,60.0,4.0
94.0,60.0,4.0
92.0,60.0,4.0
90.0,60.0,4.0
88.0,60.0,4.0
86.0,60.0,4.0
84.0,60.0,4.0
82.0,60.0,4.0
80.0,60.0,4.0
78.0,60.0,4.0
76.0,60.0,4.0
74.0,60.0,4.0
72.0,60.0,4.0
70.0,60.0,4.0
68.0,60.0,4.0
66.0,60.0,4.0
64.0,60.0,4.0
62.0,60.0,4.0
60.0,60.0,4.0
58.0,60.0,4.0
56.0,60.0,4.0
54.0,60.0,4.0
52.0,60.0,4.0
50.0,60.0,4.0
48.0,60.0,4.0
46.0,60.0,4.0
44.0,60.0,4.0
42.0,60.0,4.0
40.0,60.0,4.0
38.0,60.0,4.0
36.0,60.0,4.0
34.0,60.0,4.0
32.0,60.0,4.0
30.0,60.0,4.0
28.0,60.0,4.0
26.0,60.0,4.0
24.0,60.0,4.0
22.0,60.0,4.0
20.0,60.0,4.0
18.0,60.0,4.0
16.0,60.0,4.0
14.0,60.0,4.0
12.0,60.0,4.0
10.0,60.0,4.0
8.0,60.0,4.0
6.0,60.0,4.0
4.0,60.0,4.0
2.0,60.0,4.0
118.0,60.0,6.0
116.0,60.0,6.0
114.0,60.0,6.0
112.0,60.0,6.0
110.0,60.0,6.0
108.0,60.0,6.0
106.0,60.0,6.0
104.0,60.0,6.0
102.0,60.0,6.0
100.0,60.0,6.0
98.0,60.0,6.0
96.0,60.0,6.0
94.0,60.0,6.0
92.0,60.0,6.0
90.0,60.0,6.0
88.0,60.0,6.0
86.0,60.0,6.0
84.0,60.0,6.0
82.0,60.0,6.0
80.0,60.0,6.0
78.0,60.0,6.0
76.0,60.0,6.0
74.0,60.0,6.0
72.0,60.0,6.0
70.0,60.0,6.0
68.0,60.0,6.0
66.0,60.0,6.0
64.0,60.0,6.0
62.0,60.0,6.0
60.0,60.0,6.0
58.0,60.0,6.0
56.0,60.0,6.0
54.0,60.0,6.0
52.0,60.0,6.0
50.0,60.0,6.0
48.0,60.0,6.0
46.0,60.0,6.0
44.0,60.0,6.0
42.0,60.0,6.0
40.0,60.0,6.0
38.0,60.0,6.0
36.0,60.0,6.0
34.0,60.0,6.0
32.0,60.0,6.0
30.0,60.0,6.0
28.0,60.0,6.0
26.0,60.0,6.0
24.0,60.0,6.0
22.0,60.0,6.0
20.0,60.0,6.0
18.0,60.0,6.0
16.0,60.0,6.0
14.0,60.0,6.0
12.0,60.0,6.0
10.0,60.0,6.0
8.0,60.0,6.0
6.0,60.0,6.0
4.0,60.0,6.0
2.0,60.0,6.0
118.0,60.0,8.0
116.0,60.0,8.0
114.0,60.0,8.0
112.0,60.0,8.0
110.0,60.0,8.0
108.0,60.0,8.0
106.0,60.0,8.0
104.0,60.0,8.0
102.0,60.0,8.0
100.0,60.0,8.0
98.0,60.0,8.0
96.0,60.0,8.0
94.0,60.0,8.0
92.0,60.0,8.0
90.0,60.0,8.0
88.0,60.0,8.0
86.0,60.0,8.0
84.0,60.0,8.0
82.0,60.0,8.0
80.0,60.0,8.0
78.0,60.0,8.0
76.0,60.0,8.0
74.0,60.0,8.0
72.0,60.0,8.0
70.0,60.0,8.0
68.0,60.0,8.0
66.0,60.0,8.0
64.0,60.0,8.0
62.0,60.0,8.0
60.0,60.0,8.0
58.0,60.0,8.0
56.0,60.0,8.0
54.0,60.0,8.0
52.0,60.0,8.0
50.0,60.0,8.0
48.0,60.0,8.0
46.0,60.0,8.0
44.0,60.0,8.0
42.0,60.0,8.0
40.0,60.0,8.0
38.0,60.0,8.0
36.0,60.0,8.0
34.0,60.0,8.0
32.0,60.0,8.0
30.0,60.0,8.0
28.0,60.0,8.0
26.0,60.0,8.0
24.0,60.0,8.0
22.0,60.0,8.0
20.0,60.0,8.0
18.0,60.0,8.0
16.0,60.0,8.0
14.0,60.0,8.0
12.0,60.0,8.0
10.0,60.0,8.0
8.0,60.0,8.0
6.0,60.0,8.0
4.0,60.0,8.0
2.0,60.0,8.0
118.0,60.0,10.0
116.0,60.0,10.0
114.0,60.0,10.0
112.0,60.0,10.0
110.0,60.0,10.0
108.0,60.0,10.0
106.0,60.0,10.0
104.0,60.0,10.0
102.0,60.0,10.0
100.0,60.0,10.0
98.0,60.0,10.0
96.0,60.0,10.0
94.0,60.0,10.0
92.0,60.0,10.0
90.0,60.0,10.0
88.0,60.0,10.0
86.0,60.0,10.0
84.0,60.0,10.0
82.0,60.0,10.0
80.0,60.0,10.0
78.0,60.0,10.0
76.0,60.0,10.0
74.0,60.0,10.0
72.0,60.0,10.0
70.0,60.0,10.0
68.0,60.0,10.0
66.0,60.0,10.0
64.0,60.0,10.0
62.0,60.0,10.0
60.0,60.0,10.0
58.0,60.0,10.0
56.0,60.0,10.0
54.0,60.0,10.0
52.0,60.0,10.0
50.0,60.0,10.0
48.0,60.0,10.0
46.0,60.0,10.0
44.0,60.0,10.0
42.0,60.0,10.0
40.0,60.0,10.0
38.0,60.0,10.0
36.0,60.0,10.0
34.0,60.0,10.0
32.0,60.0,10.0
30.0,60.0,10.0
28.0,60.0,10.0
26.0,60.0,10.0
24.0,60.0,10.0
22.0,60.0,10.0
20.0,60.0,10.0
18.0,60.0,10.0
16.0,60.0,10.0
14.0,60.0,10.0
12.0,60.0,10.0
10.0,60.0,10.0
8.0,60.0,10.0
6.0,60.0,10.0
4.0,60.0,10.0
2.0,60.0,10.0
118.0,60.0,12.0
116.0,60.0,12.0
114.0,60.0,12.0
112.0,60.0,12.0
110.0,60.0,12.0
108.0,60.0,12.0
106.0,60.0,12.0
104.0,60.0,12.0
102.0,60.0,12.0
100.0,60.0,12.0
98.0,60.0,12.0
96.0,60.0,12.0
94.0,60.0,12.0
92.0,60.0,12.0
90.0,60.0,12.0
88.0,60.0,12.0
86.0,60.0,12.0
84.0,60.0,12.0
82.0,60.0,12.0
80.0,60.0,12.0
78.0,60.0,12.0
76.0,60.0,12.0
74.0,60.0,12.0
72.0,60.0,12.0
70.0,60.0,12.0
68.0,60.0,12.0
66.0,60.0,12.0
64.0,60.0,12.0
62.0,60.0,12.0
60.0,60.0,12.0
58.0,60.0,12.0
56.0,60.0,12.0
54.0,60.0,12.0
52.0,60.0,12.0
50.0,60.0,12.0
48.0,60.0,12.0
46.0,60.0,12.0
44.0,60.0,12.0
42.0,60.0,12.0
40.0,60.0,12.0
38.0,60.0,12.0
36.0,60.0,12.0
34.0,60.0,12.0
32.0,60.0,12.0
30.0,60.0,12.0
28.0,60.0,12.0
26.0,60.0,12.0
24.0,60.0,12.0
22.0,60.0,12.0
20.0,60.0,12.0
18.0,60.0,12.0
16.0,60.0,12.0
14.0,60.0,12.0
12.0,60.0,12.0
10.0,60.0,12.0
8.0,60.0,12.0
6.0,60.0,12.0
4.0,60.0,12.0
2.0,60.0,12.0
118.0,60.0,14.0
116.0,60.0,14.0
114.0,60.0,14.0
112.0,60.0,14.0
110.0,60.0,14.0
108.0,60.0,14.0
106.0,60.0,14.0
104.0,60.0,14.0
102.0,60.0,14.0
100.0,60.0,14.0
98.0,60.0,14.0
96.0,60.0,14.0
94.0,60.0,14.0
92.0,60.0,14.0
90.0,60.0,14.0
88.0,60.0,14.0
86.0,60.0,14.0
84.0,60.0,14.0
82.0,60.0,14.0
80.0,60.0,14.0
78.0,60.0,14.0
76.0,60.0,14.0
74.0,60.0,14.0
72.0,60.0,14.0
70.0,60.0,14.0
68.0,60.0,14.0
66.0,60.0,14.0
64.0,60.0,14.0
62.0,60.0,14.0
60.0,60.0,14.0
58.0,60.0,14.0
56.0,60.0,14.0
54.0,60.0,14.0
52.0,60.0,14.0
50.0,60.0,14.0
48.0,60.0,14.0
46.0,60.0,14.0
44.0,60.0,14.0
42.0,60.0,14.0
40.0,60.0,14.0
38.0,60.0,14.0
36.0,60.0,14.0
34.0,60.0,14.0
32.0,60.0,14.0
30.0,60.0,14.0
28.0,60.0,14.0
26.0,60.0,14.0
24.0,60.0,14.0
22.0,60.0,14.0
20.0,60.0,14.0
18.0,60.0,14.0
16.0,60.0,14.0
14.0,60.0,14.0
12.0,60.0,14.0
10.0,60.0,14.0
8.0,60.0,14.0
6.0,60.0,14.0
4.0,60.0,14.0
2.0,60.0,14.0
118.0,60.0,16.0
116.0,60.0,16.0
114.0,60.0,16.0
112.0,60.0,16.0
110.0,60.0,16.0
108.0,60.0,16.0
106.0,60.0,16.0
104.0,60.0,16.0
102.0,60.0,16.0
100.0,60.0,16.0
98.0,60.0,16.0
96.0,60.0,16.0
94.0,60.0,16.0
92.0,60.0,16.0
90.0,60.0,16.0
88.0,60.0,16.0
86.0,60.0,16.0
84.0,60.0,16.0
82.0,60.0,16.0
80.0,60.0,16.0
78.0,60.0,16.0
76.0,60.0,16.0
74.0,60.0,16.0
72.0,60.0,16.0
70.0,60.0,16.0
68.0,60.0,16.0
66.0,60.0,16.0
64.0,60.0,16.0
62.0,60.0,16.0
60.0,60.0,16.0
58.0,60.0,16.0
56.0,60.0,16.0
54.0,60.0,16.0
52.0,60.0,16.0
50.0,60.0,16.0
48.0,60.0,16.0
46.0,60.0,16.0
44.0,60.0,16.0
42.0,60.0,16.0
40.0,60.0,16.0
38.0,60.0,16.0
36.0,60.0,16.0
34.0,60.0,16.0
32.0,60.0,16.0
30.0,60.0,16.0
28.0,60.0,16.0
26.0,60.0,16.0
24.0,60.0,16.0
22.0,60.0,16.0
20.0,60.0,16.0
18.0,60.0,16.0
16.0,60.0,16.0
14.0,60.0,16.0
12.0,60.0,16.0
10.0,60.0,16.0
8.0,60.0,16.0
6.0,60.0,16.0
4.0,60.0,16.0
2.0,60.0,16.0
118.0,60.0,18.0
116.0,60.0,18.0
114.0,60.0,18.0
112.0,60.0,18.0
110.0,60.0,18.0
108.0,60.0,18.0
106.0,60.0,18.0
104.0,60.0,18.0
102.0,60.0,18.0
100.0,60.0,18.0
98.0,60.0,18.0
96.0,60.0,18.0
94.0,60.0,18.0
92.0,60.0,18.0
90.0,60.0,18.0
88.0,60.0,18.0
86.0,60.0,18.0
84.0,60.0,18.0
82.0,60.0,18.0
80.0,60.0,18.0
78.0,60.0,18.0
76.0,60.0,18.0
74.0,60.0,18.0
72.0,60.0,18.0
70.0,60.0,18.0
68.0,60.0,18.0
66.0,60.0,18.0
64.0,60.0,18.0
62.0,60.0,18.0
60.0,60.0,18.0
58.0,60.0,18.0
56.0,60.0,18.0
54.0,60.0,18.0
52.0,60.0,18.0
50.0,60.0,18.0
48.0,60.0,18.0
46.0,60.0,18.0
44.0,60.0,18.0
42.0,60.0,18.0
40.0,60.0,18.0
38.0,60.0,18.0
36.0,60.0,18.0
34.0,60.0,18.0
32.0,60.0,18.0
30.0,60.0,18.0
28.0,60.0,18.0
26.0,60.0,18.0
24.0,60.0,18.0
22.0,60.0,18.0
20.0,60.0,18.0
18.0,60.0,18.0
16.0,60.0,18.0
14.0,60.0,18.0
12.0,60.0,18.0
10.0,60.0,18.0
8.0,60.0,18.0
6.0,60.0,18.0
4.0,60.0,18.0
2.0,60.0,18.0
28.3986607,3.75597835,20.0
24.3161392,3.7791214,20.0
20.2077141,3.78783202,20.0
16.1761875,3.73487306,20.0
12.0729275,3.8464756,20.0
7.86486387,3.88258171,20.0
3.87406182,3.64279032,20.0
33.0458717,8.0580883,20.0
28.6936817,8.28733921,20.0
24.6461525,8.05632496,20.0
20.3645744,8.03878117,20.0
16.582571,8.21275902,20.0
12.5468159,8.28063011,20.0
8.74149799,7.73585606,20.0
4.39168644,8.0117836,20.0
37.3685074,12.4492683,20.0
33.4117508,11.7738447,20.0
28.9526901,12.1880798,20.0
24.5388889,12.080018,20.0
20.7143745,12.0556135,20.0
17.1023312,12.1340122,20.0
11.9419146,12.2886114,20.0
8.3909893,12.1688051,20.0
3.76153636,12.1487703,20.0
41.5360222,16.2502899,20.0
37.6003342,15.8038435,20.0
33.4302711,16.0315189,20.0
28.9831238,16.0520039,20.0
24.6429329,16.0432777,20.0
20.8010559,16.0813942,20.0
16.969099,16.148716,20.0
12.8573122,16.0861263,20.0
8.22417927,16.064806,20.0
3.70811701,15.9739647,20.0
45.5459061,20.0956669,20.0
41.3448143,19.980629,20.0
37.347496,20.5096588,20.0
33.2610245,20.0121288,20.0
28.9965477,19.9815178,20.0
24.7146835,20.0627918,20.0
20.8634567,20.1997414,20.0
17.1369076,20.5119572,20.0
12.5002117,20.0141811,20.0
8.28852367,19.9690056,20.0
3.79538774,19.8923168,20.0
49.4221954,24.0964699,20.0
45.2856712,24.1520004,20.0
41.6893044,24.0001011,20.0
37.7764626,24.3684654,20.0
33.0149612,23.8268909,20.0
28.7857819,24.0371265,20.0
24.552681,24.3872108,20.0
20.9734364,24.0570488,20.0
16.6371307,24.0193615,20.0
12.4837151,24.0160255,20.0
8.31848812,23.9544525,20.0
3.82398629,23.8803711,20.0
53.4192848,27.8760586,20.0
49.9112854,27.9479275,20.0
45.4857712,27.9702072,20.0
41.3654861,28.1712456,20.0
37.4235764,28.1936665,20.0
33.0750809,28.030756,20.0
29.0744095,28.2215767,20.0
25.1330528,27.8856831,20.0
20.8475552,28.1909504,20.0
16.6010857,28.0346088,20.0
12.4688997,28.0324631,20.0
8.32208538,27.9533405,20.0
3.8250277,27.8795128,20.0
116.174973,32.1204872,20.0
111.677917,32.0466614,20.0
107.53109,31.9676914,20.0
103.40773,31.966362,20.0
99.2168274,31.9397335,20.0
94.8961105,31.9667473,20.0
91.1358871,31.9173813,20.0
87.4002838,32.2268066,20.0
82.6421509,31.6828556,20.0
78.6289902,31.7681122,20.0
74.4021683,31.8374462,20.0
70.3120041,31.8142757,20.0
65.8548279,31.8454971,20.0
61.8851395,31.7743835,20.0
58.0198784,31.8304119,20.0
53.9742393,32.3101654,20.0
49.6550789,32.1802177,20.0
45.688755,31.6606007,20.0
41.5545006,31.7658882,20.0
37.347477,31.778656,20.0
33.1193047,31.8441448,20.0
28.9486198,32.1497917,20.0
25.268755,31.3717022,20.0
20.8277874,31.9837456,20.0
16.5725632,32.0872574,20.0
12.4651642,32.0433197,20.0
8.31889629,31.9448204,20.0
3.8250277,31.8795128,20.0
66.7112045,28.1691551,20.0
70.085144,27.8911228,20.0
74.428894,27.9471149,20.0
78.641304,27.9992523,20.0
83.181633,27.9705009,20.0
87.128952,28.1801701,20.0
91.1951752,27.7478275,20.0
95.1641846,28.2452259,20.0
98.8626633,27.8907661,20.0
103.376221,27.8695793,20.0
107.533852,27.9558449,20.0
111.681107,28.0551796,20.0
116.174973,28.1204872,20.0
70.4353027,24.1370735,20.0
74.2080383,23.8448372,20.0
78.9464417,23.989397,20.0
82.4150925,23.8529625,20.0
86.7228928,23.7362804,20.0
91.3216095,23.9356022,20.0
95.1600418,24.0330505,20.0
98.7386322,24.2896194,20.0
103.409477,23.8598728,20.0
107.581215,23.9868679,20.0
111.720512,24.1068611,20.0
116.177841,24.1334381,20.0
74.7477493,19.9253616,20.0
78.4897995,20.1786232,20.0
82.6371384,19.9649048,20.0
86.9252319,19.9477577,20.0
91.3538361,20.1216164,20.0
95.2701187,20.0552063,20.0
99.081192,20.0895596,20.0
103.110771,20.0664444,20.0
107.696663,20.088501,20.0
111.903275,20.2957249,20.0
116.148026,20.2421856,20.0
78.3436508,16.4626484,20.0
82.5312347,15.89324,20.0
86.8231125,15.8045883,20.0
91.5532379,15.8245316,20.0
95.3811493,16.0482769,20.0
99.144577,16.05509,20.0
103.198891,16.1785965,20.0
107.778236,16.28022,20.0
111.833679,15.842988,20.0
115.779198,16.4537449,20.0
82.9463348,12.5268898,20.0
87.1913986,11.7104454,20.0
91.5480804,12.3342113,20.0
95.4730377,12.0892038,20.0
99.2601471,12.0565557,20.0
102.901695,12.1285896,20.0
107.82605,12.0777216,20.0
111.348671,12.3646097,20.0
116.227592,11.8584528,20.0
86.9667664,8.04649448,20.0
91.2521973,8.35497665,20.0
95.3504257,8.05751801,20.0
99.6295013,8.04033089,20.0
103.419952,8.21715355,20.0
107.448112,8.30438137,20.0
111.249207,7.77638865,20.0
115.608536,8.01838112,20.0
91.6020889,3.74849486,20.0
95.6836624,3.77693987,20.0
99.7923584,3.78732491,20.0
103.823059,3.7345686,20.0
107.92701,3.84756207,20.0
112.149712,3.89135838,20.0
116.278244,3.79064798,20.0
116.176025,36.119648,20.0
111.681511,36.0455551,20.0
107.5159,35.9839249,20.0
103.379555,35.9783096,20.0
98.8556595,35.6445045,20.0
95.118866,35.959343,20.0
91.0339279,35.9577103,20.0
87.2075119,35.8748169,20.0
82.8722229,36.1551285,20.0
79.0465622,35.7681656,20.0
74.1744919,35.8721924,20.0
70.3755264,35.7019005,20.0
66.2481232,36.0205612,20.0
62.0080109,36.343998,20.0
58.0237885,36.061676,20.0
54.2090912,36.1133194,20.0
49.8545303,36.1207466,20.0
45.467907,35.9082222,20.0
41.5230598,35.7112885,20.0
37.297451,35.7020264,20.0
33.0576897,35.9527664,20.0
28.9517422,35.6295624,20.0
24.8550529,35.9846687,20.0
21.1301365,36.0531807,20.0
16.5589294,36.1153221,20.0
12.4099035,36.0133209,20.0
8.27948475,35.8931389,20.0
3.82215953,35.8665619,20.0
116.204391,40.1077766,20.0
111.711433,40.0310364,20.0
107.500458,39.9862938,20.0
102.887207,39.4970932,20.0
99.2312012,39.8112297,20.0
95.1003952,39.9312401,20.0
90.9374924,39.9662971,20.0
86.7333984,39.9552727,20.0
82.5748978,40.0103798,20.0
78.6773682,39.6514893,20.0
74.5979156,39.9521446,20.0
70.5343399,40.0243492,20.0
66.6171265,40.0700989,20.0
61.7960281,40.0600662,20.0
57.9770279,40.0373116,20.0
54.1835823,39.8440628,20.0
49.9008369,39.6548615,20.0
45.494545,39.8683548,20.0
41.5181541,39.9898376,20.0
37.1864548,39.9750595,20.0
33.0653534,40.013916,20.0
29.0203514,40.0754242,20.0
24.6931705,40.0348167,20.0
21.0869179,39.6456337,20.0
16.4688206,40.0370407,20.0
12.2756062,39.9146461,20.0
8.09639072,39.7042999,20.0
3.85197377,39.7578125,20.0
116.291328,44.026947,20.0
111.775818,43.9353104,20.0
107.148392,43.9151573,20.0
103.069504,43.859314,20.0
99.2982025,43.9198151,20.0
95.1382523,43.9011765,20.0
90.9769669,43.9544334,20.0
86.7853241,44.0133629,20.0
82.5523453,44.0050049,20.0
78.8231583,43.9958725,20.0
74.4608841,43.6520233,20.0
70.5742645,43.9392738,20.0
66.2926636,44.0052414,20.0
62.0402107,43.7313385,20.0
57.9018936,44.3745537,20.0
53.6652794,43.6047287,20.0
49.4050903,43.9080315,20.0
45.5498199,44.0765266,20.0
41.2399635,44.0487366,20.0
37.4336205,43.9945297,20.0
33.1602173,43.9965935,20.0
29.0553722,43.9973373,20.0
24.4435368,43.9664688,20.0
20.7636414,43.8243828,20.0
16.7250977,43.7411308,20.0
12.2134438,43.7157021,20.0
8.16636086,44.1569595,20.0
4.22079802,43.5462532,20.0
116.238083,47.8517342,20.0
111.608955,47.8312492,20.0
108.060547,47.711834,20.0
102.92543,47.8685875,20.0
99.3122482,47.9226456,20.0
95.2368851,47.5900993,20.0
91.1507645,47.9274788,20.0
86.8322296,48.0059395,20.0
82.4367218,48.0842743,20.0
78.5246658,47.8987694,20.0
74.530899,47.8954659,20.0
70.2549667,47.9747658,20.0
65.8403244,47.5167389,20.0
62.210186,48.0101929,20.0
57.8961678,47.6187592,20.0
53.5606499,48.16922,20.0
49.6206703,48.1109352,20.0
45.540947,47.9573364,20.0
41.4706306,47.9225578,20.0
37.5399132,47.991394,20.0
33.1824455,47.955658,20.0
28.9479198,47.8733292,20.0
24.910841,47.4394989,20.0
20.780386,47.8764381,20.0
17.1050987,47.8549728,20.0
12.1750326,47.9206848,20.0
8.65133858,47.6353722,20.0
3.77241015,48.1415482,20.0
115.608253,51.9882355,20.0
111.25843,52.26408,20.0
107.453133,51.719326,20.0
103.419388,51.7876358,20.0
99.6313705,51.9635658,20.0
95.303154,51.9968109,20.0
91.3736115,51.9770317,20.0
86.9296494,51.9940987,20.0
83.0849915,52.1252632,20.0
78.1984253,51.9140434,20.0
74.603775,52.0251389,20.0
70.5127487,52.512867,20.0
66.3003006,51.9749413,20.0
62.3644753,52.2576599,20.0
57.9285469,51.7801819,20.0
53.7474747,52.0576935,20.0
49.5829086,52.551899,20.0
45.4450455,52.0508614,20.0
41.7376556,51.9991531,20.0
37.4656143,51.9973068,20.0
33.1256599,51.9679565,20.0
28.6725616,51.9573708,20.0
24.7560158,51.9691887,20.0
20.3928204,51.9539795,20.0
16.5807858,51.7824211,20.0
12.5518837,51.6956177,20.0
8.75078869,52.2236099,20.0
4.39146662,51.981617,20.0
116.125931,56.3572044,20.0
112.134987,56.1172791,20.0
107.926903,56.1537209,20.0
103.82328,56.2655792,20.0
99.7994385,56.2135086,20.0
95.7192307,56.2390404,20.0
91.6445923,56.3288231,20.0
86.9523697,56.3185921,20.0
82.3236923,56.1869354,20.0
78.2127151,56.1833344,20.0
74.3918533,56.1731033,20.0
69.8927841,56.2153702,20.0
66.4071808,56.5012398,20.0
62.2091255,56.2474136,20.0
57.9385719,56.2230835,20.0
53.6283188,56.5061493,20.0
50.1256599,56.2213516,20.0
45.6148186,56.1756172,20.0
41.7993355,56.2055206,20.0
37.7213936,56.2186317,20.0
33.0607719,56.3239746,20.0
28.3616066,56.3283234,20.0
24.2891407,56.2360649,20.0
20.2020378,56.2133102,20.0
16.1769428,56.2654305,20.0
12.0729856,56.1524391,20.0
7.85028458,56.1086426,20.0
3.72175527,56.2093506,20.0
1.84484541,2.68908596,20.0
1.9509846,6.95254898,20.0
1.80423534,11.0619268,20.0
1.73408544,15.0016136,20.0
2.70947337,58.1849556,20.0
5.00372696,1.72954261,20.0
6.91633844,58.1959419,20.0
8.95565891,1.80498886,20.0
10.9952326,58.2005615,20.0
13.0286341,1.77683985,20.0
17.0719719,58.2501297,20.0
15.0552197,58.2475586,20.0
15.0550261,1.7532835,20.0
21.0987759,58.2339554,20.0
19.0827389,1.75668907,20.0
25.1335239,58.2605171,20.0
23.1274509,1.76361597,20.0
29.2161236,58.2911682,20.0
27.1889744,1.73741651,20.0
33.0247231,58.589447,20.0
40.9056053,58.2271233,20.0
36.8366852,58.2582207,20.0
46.8785133,58.1439018,20.0
44.8638458,58.2140617,20.0
50.9905243,58.2460899,20.0
54.8733711,58.2008247,20.0
59.009346,58.1307602,20.0
63.1270218,58.1434593,20.0
118.20253,31.0744839,20.0
118.202774,35.0742874,20.0
96.8820801,58.2407303,20.0
92.842865,58.2787399,20.0
90.7035141,1.70078731,20.0
94.8479919,1.74673319,20.0
98.8977737,1.76669157,20.0
102.928032,1.7498697,20.0
104.944778,1.75244141,20.0
109.004768,1.79943705,20.0
113.083664,1.80405772,20.0
117.290527,1.81504488,20.0
118.196671,4.98748684,20.0
118.065956,9.00741482,20.0
118.048767,12.9891682,20.0
117.972679,15.0985298,20.0
118.156273,19.1256847,20.0
118.201042,23.0813313,20.0
118.20253,27.0744839,20.0
118.210701,39.0698624,20.0
100.918587,58.2437439,20.0
118.247604,43.035965,20.0
118.270561,44.9967651,20.0
104.946655,58.2446404,20.0
118.195595,48.9383507,20.0
106.968727,58.2266159,20.0
118.048996,53.0474586,20.0
111.044212,58.1949158,20.0
118.155151,57.3109131,20.0
114.996262,58.2704468,20.0
88.7044449,58.3323326,20.0
85.2433624,58.3191528,20.0
81.1255493,58.2240791,20.0
77.1055603,58.2280197,20.0
75.1427155,58.2164726,20.0
71.035759,58.1516685,20.0
67.1022339,58.2916794,20.0
1.80332565,55.0125122,20.0
1.934044,50.9925842,20.0
1.951231,47.0108299,20.0
2.02732038,44.9014702,20.0
1.84372449,40.8743134,20.0
1.79895508,36.9186707,20.0
1.79746997,32.9255142,20.0
1.79746997,28.9255161,20.0
1.79722667,24.9257183,20.0
1.78920877,20.9301643,20.0
1.75167358,16.96451,20.0
3.34452677,1.61228371,20.0
6.94805098,1.78849125,20.0
10.9982367,1.79725182,20.0
17.0762081,1.74449551,20.0
21.10602,1.76549637,20.0
25.1548538,1.74747276,20.0
29.2983284,1.70251989,20.0
92.8092346,1.73297846,20.0
96.8684311,1.76255667,20.0
100.912506,1.7542206,20.0
106.967842,1.77335393,20.0
111.051086,1.80831587,20.0
115.139359,1.79203498,20.0
118.353088,3.31863594,20.0
118.061134,6.97613287,20.0
118.151581,10.9864578,20.0
118.07843,17.15802,20.0
118.198288,21.1019173,20.0
118.211693,25.0727501,20.0
118.211464,29.0694504,20.0
118.21151,33.069416,20.0
118.213516,37.0681305,20.0
118.233589,41.0541687,20.0
118.254768,46.9578323,20.0
118.074135,50.9721909,20.0
118.131584,55.1526718,20.0
116.655472,58.3877144,20.0
113.051895,58.2114639,20.0
109.001213,58.2032852,20.0
102.924225,58.2553825,20.0
98.8983002,58.2358017,20.0
94.8652267,58.2625084,20.0
90.7833786,58.2946777,20.0
86.9800339,58.5940132,20.0
83.1783218,58.2521706,20.0
79.1059341,58.2207184,20.0
73.1259232,58.1439667,20.0
69.015976,58.2483559,20.0
65.1613464,58.1995239,20.0
61.0742569,58.1277313,20.0
56.9290886,58.137558,20.0
52.9052963,58.2976036,20.0
48.9695587,58.1560974,20.0
42.8904343,58.2318954,20.0
38.8801193,58.2346039,20.0
34.758564,58.327198,20.0
31.2987309,58.3397255,20.0
27.1608067,58.2827988,20.0
23.1220856,58.2411728,20.0
19.0859852,58.2459946,20.0
13.0321541,58.2266464,20.0
8.94891644,58.1916847,20.0
4.86064053,58.2079659,20.0
1.64691091,56.6813622,20.0
1.93886888,53.0238686,20.0
1.84841633,49.0135422,20.0
1.92157006,42.84198,20.0
1.80171132,38.8980827,20.0
1.78830445,34.9272499,20.0
1.788535,30.9305496,20.0
1.78849435,26.930584,20.0
1.78647745,22.9318886,20.0
1.76609063,18.9459438,20.0
1.74585342,13.0422878,20.0
1.9257803,9.0278759,20.0
1.86840844,4.84732962,20.0
70.4076767,21.9689388,20.0
87.7079468,4.74021292,20.0
83.5254745,9.67557049,20.0
47.9516792,20.2883682,20.0
53.7524643,26.2012329,20.0
32.298748,4.74528217,20.0
43.7895851,16.1800632,20.0
36.4991341,9.09766865,20.0
56.5168457,29.0230179,20.0
84.9587479,7.75009251,20.0
80.5705643,11.9978876,20.0
86.3057404,6.18738651,20.0
74.7220078,17.6860962,20.0
51.9537811,24.7629185,20.0
63.3567886,28.9891624,20.0
68.0532532,24.7728157,20.0
89.2345734,3.28342557,20.0
30.7682323,3.28877449,20.0
33.7095261,6.17380905,20.0
35.0818787,7.63375044,20.0
40.8924217,13.7831974,20.0
45.3768425,17.7242336,20.0
77.6511765,14.6825676,20.0
76.2793808,16.2074986,20.0
37.9482384,10.5364046,20.0
39.3836899,12.0178833,20.0
42.6721764,14.6712818,20.0
66.2958984,26.2535572,20.0
73.2038193,18.7624569,20.0
81.694191,10.5543556,20.0
72.2650986,20.5309677,20.0
46.9177437,18.7645111,20.0
49.5011482,21.8749218,20.0
64.8012543,27.6461201,20.0
79.0629272,13.3512716,20.0
62.0715027,30.0441818,20.0
57.8519821,30.0888824,20.0
65.2887726,29.5873756,20.0
56.1176605,31.0039501,20.0
51.8993225,26.9428101,20.0
68.1892166,26.9339428,20.0
31.748642,6.58553553,20.0
3.27669144,33.8933258,20.0
3.41814852,41.7002525,20.0
18.1668186,3.20991492,20.0
22.2269077,3.28889918,20.0
26.3045883,3.20770097,20.0
89.5106277,56.8633232,20.0
93.6961594,3.2028358,20.0
97.7729874,3.28840208,20.0
101.833023,3.21025777,20.0
116.581848,18.2997494,20.0
116.717537,22.1486416,20.0
116.723305,26.1066723,20.0
116.722954,34.1032104,20.0
116.731499,38.0989876,20.0
116.783989,42.0661659,20.0
72.155365,56.3323784,20.0
68.0789795,56.885994,20.0
3.28246069,37.8513603,20.0
3.27731109,29.8965759,20.0
3.27704597,25.8967953,20.0
3.26844335,21.9010525,20.0
3.21556997,17.9342079,20.0
47.8585892,56.3372269,20.0
97.7912521,56.7171478,20.0
93.7392578,56.8284721,20.0
101.834892,56.7905731,20.0
105.885185,56.767292,20.0
116.722687,30.1034241,20.0
64.3616714,56.2826729,20.0
60.0851097,56.2188416,20.0
55.7271194,56.2634811,20.0
51.9402351,56.8907318,20.0
30.4944134,56.8655701,20.0
26.2675705,56.8271255,20.0
22.2122803,56.715744,20.0
18.165556,56.7899132,20.0
55.1214409,27.6073627,20.0
76.9551086,18.4539108,20.0
30.2901611,5.22933388,20.0
47.1453934,22.4549217,20.0
72.2465439,22.7932014,20.0
34.3497238,9.59933949,20.0
63.7017632,30.8592415,20.0
43.1341896,18.4761562,20.0
38.6403008,13.9147701,20.0
88.2414703,6.57634926,20.0
81.0621719,14.1865854,20.0
89.7059555,5.22178602,20.0
85.8811874,9.71763706,20.0
30.5558815,55.0919304,20.0
89.4586029,55.0932045,20.0
93.5577316,5.00173044,20.0
26.4361649,55.0559082,20.0
26.4411011,5.0063839,20.0
93.5849686,55.0629845,20.0
22.3552475,54.6912079,20.0
22.3624306,5.31689358,20.0
97.6373215,5.31592274,20.0
97.6593246,54.6968269,20.0
101.72464,4.99680424,20.0
101.72747,55.0038147,20.0
18.2736816,55.0033417,20.0
18.275259,4.9969306,20.0
67.2910995,29.9998188,20.0
30.9725628,8.31781769,20.0
88.9437943,8.34622574,20.0
105.73394,54.9548187,20.0
71.3466263,54.5508995,20.0
48.6972809,54.5669212,20.0
51.9666672,28.9017677,20.0
56.1605148,33.0725555,20.0
28.412262,6.05630445,20.0
91.5734863,6.06256628,20.0
52.0560799,55.2453156,20.0
67.9907684,55.2324142,20.0
73.8153992,21.8095646,20.0
39.6386375,15.3791094,20.0
54.1569901,29.6726532,20.0
51.0325661,23.0040054,20.0
5.09520721,33.882885,20.0
5.07946014,37.798748,20.0
5.21128082,41.4443016,20.0
5.01072836,17.9362831,20.0
5.09823227,25.8915253,20.0
5.08380032,21.8961048,20.0
5.09859753,29.8912258,20.0
114.788719,18.5556984,20.0
114.92054,22.201252,20.0
114.904793,26.1171169,20.0
114.901405,30.1087723,20.0
114.901772,34.1084785,20.0
114.916145,38.1039391,20.0
114.988983,42.0640221,20.0
68.9221039,23.0329075,20.0
63.4150429,54.3562241,20.0
56.7487679,54.238945,20.0
59.0253754,54.2483826,20.0
35.8339806,11.0921106,20.0
87.7229004,9.66858768,20.0
32.174118,9.88609314,20.0
84.4271851,56.8109169,20.0
35.5965309,56.8232689,20.0
80.2234116,56.6734428,20.0
39.805397,56.7070122,20.0
76.2416306,56.7551994,20.0
43.7630653,56.7611046,20.0
105.884674,3.23237467,20.0
14.1153259,56.7676239,20.0
14.1144419,3.23313951,20.0
50.3409233,25.9662819,20.0
69.6350784,25.9526443,20.0
110.045761,3.36755252,20.0
110.040199,56.6364174,20.0
9.95423985,56.6324463,20.0
9.95955181,3.36363363,20.0
114.199051,3.34669662,20.0
114.125877,56.703186,20.0
5.80094814,56.6533051,20.0
5.87408161,3.29677057,20.0
75.6163483,22.0116959,20.0
39.4586334,17.1527348,20.0
84.5125427,55.0221367,20.0
35.5642662,55.0429611,20.0
80.3691788,54.5589333,20.0
39.7092018,54.6874771,20.0
76.351593,54.9875984,20.0
43.6582108,55.0041733,20.0
105.734894,5.04691839,20.0
14.2651062,54.953083,20.0
14.2658358,5.04538345,20.0
28.5456181,54.0619202,20.0
91.4802856,54.0706787,20.0
24.607996,53.9744873,20.0
24.5861149,6.06254482,20.0
95.4227905,53.9871483,20.0
95.4116287,6.06120348,20.0
35.3964081,13.0750189,20.0
71.3757477,26.0752258,20.0
20.233881,6.05502176,20.0
20.2357635,53.9452019,20.0
99.7746201,53.9491348,20.0
99.7650375,6.05504274,20.0
110.056435,54.5223045,20.0
110.062408,5.49149179,20.0
9.93759155,54.5085068,20.0
9.94340801,5.47764635,20.0
103.629829,6.04901934,20.0
103.62986,53.9530945,20.0
16.3700924,53.9509048,20.0
16.3710594,6.04731417,20.0
107.639336,53.8015938,20.0
30.0252743,10.0569735,20.0
89.6843109,10.5306005,20.0
69.5729065,54.3451347,20.0
46.9610519,54.8498802,20.0
50.4839973,54.368515,20.0
58.0395775,33.9826584,20.0
54.213707,54.3146858,20.0
65.8660278,54.3287086,20.0
6.14826727,27.9082851,20.0
6.14315081,23.9099178,20.0
6.10328817,19.927845,20.0
6.0761795,39.6095238,20.0
6.12546778,35.8598213,20.0
6.03016472,16.0167351,20.0
6.14635801,31.9036732,20.0
113.856842,36.0900993,20.0
113.896591,40.072258,20.0
113.969498,43.9836044,20.0
113.923767,20.39048,20.0
113.874535,24.1401768,20.0
113.853638,28.0963268,20.0
113.85173,32.0917168,20.0
61.2196732,54.337883,20.0
114.290871,54.5890884,20.0
114.334236,5.44911289,20.0
5.66576195,54.5508881,20.0
5.70908356,5.41087675,20.0
26.5479279,7.10888958,20.0
93.4404831,7.12129784,20.0
68.2260208,31.8523903,20.0
48.5110054,26.1088848,20.0
73.0703354,54.8392639,20.0
47.2590446,53.1997795,20.0
72.8007965,53.176445,20.0
76.6926575,20.5242996,20.0
82.7023621,53.877697,20.0
37.4931602,53.9698601,20.0
41.8068466,53.9620934,20.0
78.2003784,53.8867874,20.0
107.643173,6.21078014,20.0
12.3568277,53.7892189,20.0
12.3605366,6.1984477,20.0
89.9433823,6.9123807,20.0
30.649416,53.008976,20.0
89.3828659,53.0211563,20.0
93.4145813,53.0074463,20.0
26.6293945,52.9888954,20.0
21.7276344,7.05678511,20.0
98.2704926,52.9537201,20.0
21.7571354,52.9417992,20.0
98.2682114,7.0574913,20.0
112.230423,5.97486258,20.0
112.216019,54.0457153,20.0
7.7695775,54.0251389,20.0
7.78389454,5.95422506,20.0
30.0234623,6.89526606,20.0
56.2160721,35.0822868,20.0
59.9584007,32.7706909,20.0
4.97549677,14.0933485,20.0
115.024147,45.9072495,20.0
116.441124,54.2269325,20.0
116.495766,5.84435225,20.0
3.50423574,54.1556473,20.0
3.5588448,5.77306604,20.0
67.2424927,33.7694016,20.0
69.261322,30.0028038,20.0
55.6162529,52.6479912,20.0
7.16589451,17.9906921,20.0
7.21921253,21.9424553,20.0
7.23602104,25.9354076,20.0
7.22345829,33.9077454,20.0
7.15487671,37.7884674,20.0
7.23669434,29.932703,20.0
112.833969,42.0094604,20.0
112.780754,38.0575829,20.0
112.763306,30.067297,20.0
112.776543,26.0922546,20.0
112.763977,34.0645981,20.0
112.845055,22.2115383,20.0
26.5097694,9.14870739,20.0
93.4960709,9.18261433,20.0
36.882885,14.0511885,20.0
40.9831543,18.2069817,20.0
60.2037659,52.6962967,20.0
64.4586716,52.7592926,20.0
72.3290024,24.5756302,20.0
14.4586782,52.7646904,20.0
105.541428,7.23522615,20.0
14.4610729,7.22495222,20.0
105.539345,52.775219,20.0
72.3292923,27.950407,20.0
47.5813828,27.9573326,20.0
33.4014244,14.0233059,20.0
101.588173,7.08083248,20.0
18.4158859,52.9181213,20.0
101.591576,52.9220543,20.0
18.4107151,7.07940578,20.0
97.4759064,8.76387882,20.0
22.6164303,51.2118874,20.0
97.4444809,51.2411957,20.0
22.5129757,8.76152897,20.0
26.7565365,50.9172516,20.0
89.3098526,50.978302,20.0
30.7339516,50.9539566,20.0
73.3556595,26.0577736,20.0
56.2308998,37.05159,20.0
45.4187126,54.04039,20.0
74.608017,54.023777,20.0
39.3752823,19.1877995,20.0
35.3685493,14.999011,20.0
35.52425,52.9925346,20.0
84.6483307,53.0148849,20.0
40.3648376,52.9625778,20.0
79.6265259,52.7641754,20.0
87.7688828,54.0915489,20.0
32.2640228,54.0848083,20.0
59.9576378,35.0451813,20.0
54.682106,34.1855545,20.0
3.18501782,14.0519972,20.0
7.15992832,14.1400986,20.0
112.839897,45.8601112,20.0
116.815773,45.9481049,20.0
65.4003296,33.9097672,20.0
69.3114777,33.6831512,20.0
68.3075943,28.599369,20.0
77.6636581,22.0878239,20.0
24.5458374,10.0372753,20.0
95.4616623,10.0483332,20.0
60.4529381,50.8633614,20.0
55.4500427,50.8552589,20.0
64.369812,50.8974648,20.0
109.156891,7.38723373,20.0
10.8431053,52.6127663,20.0
109.160255,52.6450577,20.0
10.8396578,7.35491562,20.0
71.2865601,29.8936043,20.0
48.6015892,29.8659592,20.0
46.4336739,26.1567574,20.0
31.3498135,13.1111631,20.0
14.6130695,9.6073494,20.0
105.389923,50.393055,20.0
14.6171875,50.3776665,20.0
105.383705,9.62117958,20.0
18.6104794,9.11602974,20.0
101.392662,50.8841095,20.0
18.6315289,50.8743477,20.0
101.384705,9.11804104,20.0
113.328621,7.26199627,20.0
6.67137623,52.7380028,20.0
113.320976,52.7700043,20.0
6.67896795,7.22996855,20.0
9.35939121,25.97966,20.0
9.35013866,21.9850483,20.0
9.35925388,29.9764233,20.0
9.33854103,33.9511948,20.0
9.2305603,37.8588066,20.0
9.32817459,18.0403957,20.0
110.64061,34.0203438,20.0
110.640747,30.0235767,20.0
110.661461,26.0488052,20.0
110.768646,22.1412506,20.0
110.672043,41.9597168,20.0
110.649834,38.0149689,20.0
6.96424341,41.1070251,20.0
113.035675,18.8929787,20.0
80.0379715,51.0792465,20.0
39.59832,51.2746124,20.0
84.5809937,51.0985756,20.0
35.5366707,50.9800682,20.0
76.4078522,52.9641991,20.0
43.5973053,53.0057373,20.0
6.59022522,42.8529434,20.0
113.409767,17.147047,20.0
8.75795555,41.8921471,20.0
111.241432,18.107811,20.0
68.3510361,35.2496796,20.0
71.322052,33.6604729,20.0
99.3929214,49.9737701,20.0
23.1670609,7.05081558,20.0
20.5965347,10.0138807,20.0
99.3888931,10.0153913,20.0
20.6685143,49.9456635,20.0
72.6016693,51.1542206,20.0
47.488842,51.1908684,20.0
91.2665558,49.9454346,20.0
28.8016586,49.9065819,20.0
58.0081406,38.0592003,20.0
39.5935974,21.1851139,20.0
63.7719421,32.8954391,20.0
37.4397278,18.129837,20.0
35.4370728,17.0153389,20.0
52.8971367,34.3225899,20.0
33.907795,54.0824471,20.0
86.1623535,54.088253,20.0
59.846035,37.1291771,20.0
6.08550501,12.2861795,20.0
113.914291,47.7140656,20.0
79.6546783,21.887373,20.0
26.5287762,11.132122,20.0
93.5801163,11.1837578,20.0
62.3984146,49.9908524,20.0
53.5236053,50.1069984,20.0
66.546402,49.6439209,20.0
109.359367,9.17518806,20.0
10.6406336,50.8248138,20.0
109.420616,50.8806534,20.0
10.5793972,9.11933327,20.0
73.3733673,29.8938828,20.0
47.3595886,24.5938072,20.0
46.5729332,29.7796516,20.0
50.4234848,29.9764252,20.0
31.3868599,15.0618629,20.0
16.8821735,10.2482185,20.0
103.129112,49.7524719,20.0
16.8878021,49.7404861,20.0
103.119652,10.252059,20.0
113.220627,50.9821587,20.0
6.77929592,9.01784611,20.0
113.184723,9.0841074,20.0
6.81527662,50.9158936,20.0
44.3407784,26.1820755,20.0
81.3550568,52.4639359,20.0
61.9139633,33.9713707,20.0
18.833849,48.8638573,20.0
101.189354,11.1075716,20.0
18.8030872,11.1083174,20.0
101.217789,48.8873901,20.0
93.3140182,50.9553986,20.0
93.6349945,13.1339779,20.0
26.5396824,13.1083002,20.0
5.2389636,10.3946085,20.0
114.760857,49.6055412,20.0
31.4025841,17.0205841,20.0
29.7581387,14.1077681,20.0
44.5533257,29.8430748,20.0
75.4614258,29.9053783,20.0
59.7822609,39.0842934,20.0
41.561779,50.0215149,20.0
78.3582916,49.965416,20.0
63.9079742,34.9868126,20.0
37.5431328,50.0385399,20.0
82.3305435,50.4252815,20.0
10.1379642,39.859169,20.0
109.856384,20.1413689,20.0
6.14142275,44.9666176,20.0
113.858582,15.03337,20.0
72.3342438,31.8053646,20.0
97.356926,48.9229393,20.0
22.5898876,10.9999113,20.0
97.39785,11.0054159,20.0
22.7429943,48.8560257,20.0
45.5091972,50.0348091,20.0
74.5481415,49.9940567,20.0
89.2329483,48.9670143,20.0
30.8139915,48.9277153,20.0
56.2182541,38.9945984,20.0
41.5160904,22.0274925,20.0
51.9210205,36.1258965,20.0
80.5602875,20.0295963,20.0
68.541481,37.0302238,20.0
28.1420383,10.1626444,20.0
91.9121552,10.3172321,20.0
68.4638443,51.1464386,20.0
51.6802864,51.2270546,20.0
52.002594,30.9797897,20.0
107.680222,49.6561737,20.0
12.3216295,10.3441114,20.0
107.595322,10.3475714,20.0
12.405345,49.6514549,20.0
47.5257683,31.4184532,20.0
15.5702419,11.3328953,20.0
104.443016,48.668644,20.0
15.5675497,48.6483612,20.0
104.437332,11.34377,20.0
111.356224,50.0189133,20.0
8.64374924,9.98109531,20.0
111.24575,10.0868816,20.0
8.75425339,49.9131165,20.0
43.3913269,28.0313148,20.0
75.4566193,25.9694138,20.0
76.4401855,50.9610405,20.0
24.7803288,49.8658447,20.0
43.5577316,51.0072937,20.0
9.30460739,14.2420273,20.0
110.695732,45.7581215,20.0
64.2041779,48.815918,20.0
26.9050541,48.78862,20.0
109.60051,36.0053215,20.0
109.605789,39.9818115,20.0
109.608307,28.0091362,20.0
109.6642,24.054121,20.0
109.600845,32.0039406,20.0
10.394474,20.0183296,20.0
10.3994141,23.9946747,20.0
10.3991499,27.9960861,20.0
10.3915291,31.9907246,20.0
10.3337955,35.9459496,20.0
109.841507,16.2813854,20.0
10.1567125,43.7178268,20.0
109.578224,43.8821678,20.0
10.4231892,16.1181908,20.0
72.285553,35.1845894,20.0
15.3490314,46.9982681,20.0
104.652977,12.9866858,20.0
15.352809,12.9949675,20.0
104.666397,47.0077629,20.0
97.3376617,13.0591555,20.0
22.6628876,46.7638054,20.0
97.4276352,46.8542519,20.0
18.8870277,13.086544,20.0
101.157158,46.9113045,20.0
18.9073429,46.8749695,20.0
101.094582,13.0752611,20.0
38.9262276,52.9783669,20.0
56.1514587,40.9617805,20.0
42.4972649,29.9159241,20.0
95.3104324,49.930275,20.0
30.8907318,46.935379,20.0
89.1585312,46.9739685,20.0
95.4489441,14.0705118,20.0
24.5979519,14.0662098,20.0
3.42444038,10.128993,20.0
116.575386,49.871212,20.0
28.1571426,14.1036644,20.0
33.3788414,18.0280228,20.0
76.5271072,27.9614162,20.0
61.3096924,38.1799545,20.0
27.2268944,46.7231293,20.0
39.5315895,49.0376778,20.0
80.3696594,49.0702019,20.0
35.5534439,48.9813423,20.0
84.4510498,49.107811,20.0
47.1299248,33.6089859,20.0
59.7718582,41.0410194,20.0
47.5626335,49.093811,20.0
72.4962845,49.027523,20.0
87.6758881,49.9895554,20.0
32.3634529,49.9500542,20.0
54.7546577,37.9904747,20.0
43.3063126,20.9403572,20.0
39.7978363,23.1676941,20.0
52.9670563,37.9425125,20.0
50.8645744,34.3391953,20.0
81.5954437,21.8075409,20.0
79.3870697,18.2542534,20.0
70.4586792,37.9634171,20.0
68.7443161,49.3604546,20.0
51.6121407,49.1552162,20.0
51.960743,53.2941933,20.0
42.066597,26.1426582,20.0
60.8190498,49.1129036,20.0
93.2096786,48.8668671,20.0
76.4969635,48.8909492,20.0
43.5165405,48.9362946,20.0
10.2735825,12.7945518,20.0
109.72728,47.2056427,20.0
108.569687,29.9829636,20.0
108.593697,25.9959602,20.0
108.552696,37.9980049,20.0
108.565895,33.9895058,20.0
108.537285,41.9158669,20.0
11.4645548,18.0846443,20.0
11.4472265,22.002079,20.0
11.4340258,26.0105171,20.0
11.4301186,30.0169048,20.0
11.4043007,34.0039215,20.0
110.542488,14.4291439,20.0
108.852539,18.1743679,20.0
9.45727444,45.5706367,20.0
11.1357822,41.8252296,20.0
63.9254875,46.8560295,20.0
73.3219833,33.6967812,20.0
49.0624924,34.4478569,20.0
58.9960861,49.3473434,20.0
60.0779648,47.3309212,20.0
40.0292587,25.1647682,20.0
80.5380096,46.9862518,20.0
22.6490898,13.0524721,20.0
84.4566803,47.0406876,20.0
35.5410957,46.981781,20.0
17.0450058,45.9327888,20.0
102.935326,14.0220079,20.0
17.0463238,14.0800133,20.0
102.988678,45.923912,20.0
96.8200455,52.9751396,20.0
26.5911751,15.0633841,20.0
99.2993774,45.9095955,20.0
20.769289,14.068018,20.0
20.7633133,45.8396721,20.0
99.1995087,14.0631666,20.0
57.9389648,42.0779724,20.0
43.6162033,31.7468071,20.0
29.1068726,45.9168739,20.0
91.0427475,45.9340744,20.0
93.6102676,15.0291643,20.0
31.358902,18.9958973,20.0
77.5681381,29.8974667,20.0
33.9523354,49.9670143,20.0
86.0939636,50.039196,20.0
44.6942902,33.630497,20.0
70.5123062,50.1960449,20.0
43.3486938,22.9829197,20.0
38.1681824,22.3612213,20.0
50.8887787,37.9043579,20.0
51.8787231,32.8263893,20.0
81.5364456,18.0741329,20.0
72.2403717,36.9315071,20.0
68.660881,39.0454407,20.0
49.5912476,50.2216301,20.0
43.3462067,24.6919498,20.0
92.9919739,46.8406067,20.0
43.4701767,46.6741562,20.0
76.5772934,46.6035957,20.0
112.297653,14.0685492,20.0
108.827614,14.8318052,20.0
7.70231295,45.9313889,20.0
11.1709881,45.1662025,20.0
62.0373764,45.9954872,20.0
11.3703613,14.2048998,20.0
108.63266,45.7957344,20.0
11.2949896,37.9333496,20.0
108.692772,22.0676632,20.0
83.639389,21.8611813,20.0
112.972191,49.2303848,20.0
7.02770042,10.7697067,20.0
55.0208206,49.1768799,20.0
63.110981,38.2780991,20.0
97.2860947,15.0577421,20.0
40.451973,29.9676304,20.0
77.6485977,26.0034428,20.0
75.4407883,33.797081,20.0
72.4699783,46.9200783,20.0
47.5855522,47.0295181,20.0
76.5899506,23.9844341,20.0
89.3085632,13.0014248,20.0
51.9485664,39.6552925,20.0
13.2889042,41.8416634,20.0
106.659309,18.1541786,20.0
10.5822105,48.7972908,20.0
109.418091,11.2022657,20.0
106.505989,29.9516029,20.0
106.519684,25.9355106,20.0
106.498772,33.9753609,20.0
106.416908,38.0183487,20.0
106.6763,41.7650642,20.0
13.4683809,34.0592117,20.0
13.3272848,18.2363167,20.0
13.5830345,21.9823132,20.0
13.5007505,26.0249195,20.0
13.4916582,30.0467873,20.0
4.03472519,45.9823494,20.0
115.965279,14.0176497,20.0
35.311924,19.1353245,20.0
24.0980473,45.6681328,20.0
68.6925583,41.0314636,20.0
26.6368942,17.0257549,20.0
10.8662825,46.8464546,20.0
109.134232,13.1520329,20.0
13.1648464,45.9946594,20.0
106.830688,13.9965067,20.0
72.3376083,38.9561043,20.0
56.8366852,49.3615761,20.0
55.7018547,47.3774643,20.0
93.4797134,16.9990158,20.0
34.9723091,21.1576996,20.0
113.906746,12.6732035,20.0
6.09324837,47.3267822,20.0
101.166519,44.901329,20.0
22.7011719,15.0608759,20.0
60.081192,45.1006355,20.0
27.6130409,45.0023384,20.0
59.8386421,43.0432968,20.0
47.8340454,35.9837227,20.0
13.3803034,38.0019569,20.0
106.581009,22.013113,20.0
82.5168076,46.0177956,20.0
37.4816055,45.9897652,20.0
22.5656528,44.8267746,20.0
15.3258934,45.2830467,20.0
104.649353,14.683547,20.0
15.1023779,15.0427094,20.0
104.916649,44.9606171,20.0
97.4154282,44.8933678,20.0
18.8930416,15.0995674,20.0
18.8437347,44.8238907,20.0
101.098366,15.0753117,20.0
55.9884644,42.9880219,20.0
30.9134178,44.9697838,20.0
89.1030655,44.9811134,20.0
92.2113419,14.0865784,20.0
44.9263954,22.1251736,20.0
80.3650894,16.3081512,20.0
67.0624466,38.0798264,20.0
112.886528,10.9298525,20.0
7.11347342,49.0701408,20.0
41.289978,45.936367,20.0
78.7466354,45.8980103,20.0
13.4183359,13.7172337,20.0
106.590828,46.284317,20.0
84.7528763,19.932169,20.0
64.1874466,40.0607643,20.0
79.6642838,29.8731651,20.0
39.4166489,28.2670479,20.0
31.2692928,20.9662228,20.0
74.4133759,45.8046455,20.0
45.6388741,45.9612617,20.0
90.7564697,14.1289043,20.0
52.7720566,41.4637451,20.0
83.6660156,17.9653358,20.0
14.3778419,39.9599304,20.0
105.501236,20.0672531,20.0
76.5255585,31.8280373,20.0
105.598053,16.2329254,20.0
14.3524275,43.7413177,20.0
92.9012985,44.8969765,20.0
76.5958176,35.7688026,20.0
42.5921822,33.6141167,20.0
87.5812225,13.922123,20.0
15.0078287,17.2633877,20.0
105.008354,42.7409782,20.0
5.26978111,49.5620461,20.0
114.730217,10.437952,20.0
18.8966885,17.1674652,20.0
39.451458,46.9799271,20.0
65.2219315,38.2148476,20.0
26.7871666,43.0642929,20.0
13.8798323,48.2651825,20.0
106.12101,11.7289057,20.0
101.172272,42.8422661,20.0
70.5461121,41.9811211,20.0
24.7021122,18.041338,20.0
73.7882462,37.8877449,20.0
53.6514244,46.0491257,20.0
92.8519592,42.9314079,20.0
36.3119049,22.6304245,20.0
95.3176498,18.0414371,20.0
55.6792412,45.0875816,20.0
58.624752,46.11129,20.0
25.8465881,45.3106422,20.0
97.3977814,42.9123383,20.0
61.3110046,41.9413147,20.0
48.8311768,37.8834,20.0
84.4697037,45.0201378,20.0
35.5045547,44.9935074,20.0
80.6382751,44.9822235,20.0
30.8937492,43.0065079,20.0
89.0635757,42.987484,20.0
95.9294128,45.8124886,20.0
54.5521698,41.7724686,20.0
32.4203033,45.9670944,20.0
87.5818558,45.9988022,20.0
42.6964035,45.0012741,20.0
77.3736038,44.9135628,20.0
85.7632141,21.8496265,20.0
80.7862396,27.987318,20.0
38.4061699,29.987114,20.0
33.0392075,21.9480572,20.0
72.4864731,44.8509712,20.0
47.5139389,45.0031395,20.0
104.439964,18.1265049,20.0
15.4072084,41.8491631,20.0
63.9679375,44.9567642,20.0
77.6714478,33.7402382,20.0
75.5844727,37.7287178,20.0
40.4979134,33.6081047,20.0
85.4100647,13.6931992,20.0
79.2970047,14.9982452,20.0
22.6496239,42.8709641,20.0
51.0009499,41.0446625,20.0
72.3783264,40.9530029,20.0
105.503105,23.9375305,20.0
14.4673042,36.0674248,20.0
105.474007,31.9637756,20.0
105.47084,27.9177589,20.0
105.129234,40.2310333,20.0
105.432014,35.9753799,20.0
14.8811407,19.772934,20.0
14.5703526,24.024807,20.0
14.5256758,28.0355434,20.0
14.5117025,32.0688362,20.0
85.8521271,17.9166565,20.0
51.6055489,47.074852,20.0
39.441555,31.7844543,20.0
80.6644287,31.6387215,20.0
84.6581192,15.9552889,20.0
22.7460556,17.0689888,20.0
43.5395088,35.1748085,20.0
84.671875,23.6864357,20.0
97.2342682,17.0460529,20.0
51.2551537,42.7676544,20.0
49.0961456,41.626709,20.0
65.4393234,45.8904419,20.0
76.7770996,43.1928978,20.0
43.3819466,43.3399086,20.0
64.1313477,43.283371,20.0
72.3824387,42.8788719,20.0
39.3766365,44.9880447,20.0
57.1607819,46.1139297,20.0
64.0994034,36.7688637,20.0
16.9708195,18.3523808,20.0
103.066566,41.6567307,20.0
29.0324554,42.0459938,20.0
84.4692841,43.0190659,20.0
35.4446907,43.0040092,20.0
68.6538544,42.9824791,20.0
26.6579494,19.0190697,20.0
90.9473267,41.9638062,20.0
35.1020126,24.6272926,20.0
93.4069061,19.0425091,20.0
99.269165,41.8627892,20.0
46.7206116,37.8866386,20.0
43.390892,36.966114,20.0
3.44322371,49.9382668,20.0
116.556778,10.0617323,20.0
75.9204483,44.8333435,20.0
79.7489777,26.1142731,20.0
31.1640911,22.9456043,20.0
70.570755,45.8595734,20.0
77.6644516,37.6568871,20.0
84.9908905,11.4647484,20.0
51.5297737,44.9056511,20.0
63.1189461,41.8282547,20.0
104.463615,22.0042992,20.0
15.472146,38.0587158,20.0
104.434731,29.9296207,20.0
104.303757,37.8990517,20.0
104.424492,33.9833679,20.0
15.7064257,22.1041546,20.0
15.5886002,26.0173473,20.0
15.5482006,30.0578423,20.0
80.6594086,42.9887428,20.0
81.7442932,29.863987,20.0
79.7975998,33.4853516,20.0
83.6265488,14.4654217,20.0
39.4203529,35.1791153,20.0
86.0251617,46.0157852,20.0
83.8467484,25.6218815,20.0
97.1913147,19.0558262,20.0
89.2009125,15.3882284,20.0
38.5663414,26.5320454,20.0
49.5434303,46.0053558,20.0
65.2433014,41.8775024,20.0
47.3127899,43.0009193,20.0
20.8382683,18.1409206,20.0
22.7715168,19.1085453,20.0
87.898201,21.9129658,20.0
15.5321426,34.0839806,20.0
104.427711,25.8830204,20.0
20.8151264,41.7139969,20.0
36.3306427,29.9754238,20.0
24.5722942,41.9847717,20.0
99.1135254,18.0606136,20.0
17.2484169,41.7393761,20.0
102.555893,18.0977402,20.0
47.8398514,39.6997566,20.0
68.6992188,44.9093094,20.0
18.8631611,42.6969872,20.0
76.6661224,39.1972084,20.0
79.4334946,37.7899666,20.0
101.020622,17.0877934,20.0
40.2888641,26.8555527,20.0
89.0453949,40.9767838,20.0
30.8638401,41.0251274,20.0
93.4148712,21.0504856,20.0
67.1863174,46.121315,20.0
100.984985,19.0903053,20.0
78.7326279,41.9622688,20.0
41.3741684,42.0299416,20.0
18.9507408,19.288063,20.0
97.1379166,21.0899696,20.0
73.8256149,41.877037,20.0
22.755558,21.1612797,20.0
27.5709743,41.1200943,20.0
82.5601349,42.0009956,20.0
37.3545876,41.9542923,20.0
67.0998993,41.9933586,20.0
28.215477,18.0143356,20.0
92.8337708,40.9461441,20.0
36.4724236,26.4124985,20.0
91.6664047,17.9654465,20.0
97.3727951,40.8897552,20.0
81.7798843,26.0332146,20.0
81.5516129,33.1080742,20.0
82.5415726,14.268034,20.0
39.3835945,37.2433319,20.0
85.6341171,25.1882515,20.0
88.2952805,17.8514252,20.0
68.9248123,46.5438538,20.0
26.6342201,21.0413914,20.0
45.3532333,42.1079788,20.0
22.7917595,40.8600388,20.0
31.1165142,24.9466209,20.0
47.0193138,41.2607422,20.0
18.8280716,40.2963181,20.0
33.9617233,45.9789276,20.0
38.3745575,33.6122169,20.0
89.0993805,20.0790977,20.0
35.3527412,28.191843,20.0
35.2280731,31.8049278,20.0
101.111588,40.7212372,20.0
17.6264038,38.1158524,20.0
102.615692,22.1249866,20.0
88.909996,23.8841228,20.0
83.5566635,30.0485001,20.0
17.4813194,22.339489,20.0
17.7689533,25.9686832,20.0
17.627224,30.0628757,20.0
102.545944,37.6591759,20.0
102.336731,29.9149857,20.0
102.313477,34.0214157,20.0
81.2777786,34.8850479,20.0
85.4207077,27.0050755,20.0
83.4523849,33.8680305,20.0
87.5448532,25.9250317,20.0
92.8389969,38.9533501,20.0
26.8665314,39.3278122,20.0
101.011879,38.6116409,20.0
87.52565,41.9904327,20.0
95.2307281,22.0557137,20.0
76.7932739,40.9841919,20.0
100.980728,21.1864166,20.0
19.0359764,21.385582,20.0
29.7913265,18.0128689,20.0
39.3560371,42.9590302,20.0
43.4149628,41.0576859,20.0
26.0980282,41.1063576,20.0
84.4527283,41.0083733,20.0
35.3598862,41.0024223,20.0
94.3589783,41.9277191,20.0
95.873642,41.9124451,20.0
80.7100449,24.6449223,20.0
41.5456314,37.9908829,20.0
90.1595306,17.1359825,20.0
24.6493034,22.148716,20.0
97.3367462,38.865284,20.0
33.0146141,25.8277836,20.0
34.1960182,29.9864388,20.0
36.2563171,33.6269684,20.0
80.6665497,40.9232903,20.0
90.0770187,21.9925861,20.0
23.0037498,38.9215584,20.0
30.8316116,39.0016136,20.0
89.0720825,38.9504051,20.0
19.8155727,38.026741,20.0
85.0412674,31.579504,20.0
101.02198,23.6134377,20.0
18.7553539,36.0751305,20.0
101.198013,27.8731003,20.0
101.071815,36.2282372,20.0
101.286652,31.9551296,20.0
18.985466,23.7176514,20.0
18.780098,28.0520134,20.0
18.6864281,32.0572205,20.0
67.9161911,47.8601761,20.0
80.82547,38.9015427,20.0
20.8781643,22.2849369,20.0
43.3755226,38.9716454,20.0
97.0297318,23.1189556,20.0
81.0119705,36.9310913,20.0
85.2356186,29.1619339,20.0
90.9834671,37.9554291,20.0
28.8946362,37.9900208,20.0
39.35952,40.7072678,20.0
99.1324768,37.6787453,20.0
93.3890839,23.0105782,20.0
98.9983597,22.2313271,20.0
33.8756142,42.0065231,20.0
26.5593491,23.0664577,20.0
31.1472778,26.9722424,20.0
84.3819885,39.0141449,20.0
35.2988396,39.001915,20.0
102.255127,25.8269558,20.0
17.6487541,34.0754623,20.0
75.2909546,41.9316597,20.0
85.9932785,41.997303,20.0
100.177841,29.9384384,20.0
100.155167,33.9275818,20.0
20.220705,25.9878159,20.0
19.7601547,30.0644817,20.0
90.1148911,18.6307144,20.0
19.8476391,34.0147057,20.0
22.6819916,23.1961098,20.0
89.9716492,25.8386555,20.0
34.6033745,26.6180344,20.0
34.1467705,33.685009,20.0
34.4880791,22.8380737,20.0
82.6283493,38.0619087,20.0
80.6643372,23.2364388,20.0
21.6160221,37.9358864,20.0
84.8982239,35.8002167,20.0
91.9112854,22.0221729,20.0
89.0394135,27.6529579,20.0
32.0720406,30.1234875,20.0
24.8885899,38.0445213,20.0
35.2040825,35.1915436,20.0
32.0618248,33.7191315,20.0
23.0966663,37.0470657,20.0
97.2400894,36.8851776,20.0
44.8898964,37.9201965,20.0
89.1902237,36.9308052,20.0
30.8343868,36.9547768,20.0
93.3514023,24.9736576,20.0
87.0924606,30.183321,20.0
92.8703308,36.9559326,20.0
26.8627567,36.9653816,20.0
28.1378059,22.0183868,20.0
29.4962864,26.1395664,20.0
37.1775703,37.9885635,20.0
100.065346,25.9122448,20.0
91.8276138,25.8910675,20.0
31.0616322,28.7218628,20.0
22.3363953,25.1374111,20.0
40.0887604,38.9898834,20.0
84.1183701,37.3392715,20.0
85.9683762,33.8887444,20.0
88.47892,29.1688538,20.0
32.3717537,42.0097351,20.0
26.5384159,24.8016491,20.0
31.0303402,31.9709034,20.0
98.1129532,30.0804958,20.0
98.1176224,33.748848,20.0
21.8727455,30.0233612,20.0
85.8218231,37.6455994,20.0
93.2915955,26.9741859,20.0
92.9042206,34.9510651,20.0
35.299324,36.9721756,20.0
94.3555679,37.9461555,20.0
89.8475418,29.0485497,20.0
25.4529057,26.0000401,20.0
29.6707039,21.9897709,20.0
87.8289642,33.9838333,20.0
30.9893074,35.1967697,20.0
89.2770309,34.9459381,20.0
27.3451653,26.5225887,20.0
23.129797,35.3311195,20.0
21.9850903,26.7863655,20.0
23.079565,31.8005333,20.0
97.0459061,28.6619205,20.0
97.1136093,31.9463615,20.0
38.6391792,38.9808197,20.0
22.9103909,28.1909103,20.0
97.0991516,35.2081795,20.0
95.128067,26.0387878,20.0
29.9501362,30.2717228,20.0
30.0477276,33.7456284,20.0
89.2216721,30.7733707,20.0
91.2442627,29.9010506,20.0
98.2935562,26.0198479,20.0
23.7284203,26.3979359,20.0
89.3249512,32.9672661,20.0
96.8967361,26.9848938,20.0
91.0976257,33.9480171,20.0
33.8025703,37.9841423,20.0
87.605011,37.8713799,20.0
26.9612865,28.5426121,20.0
93.0577469,28.9783421,20.0
95.8303299,37.9174385,20.0
24.0007553,29.8187809,20.0
22.0907803,33.8184128,20.0
96.1253281,33.7929764,20.0
96.1340332,30.1580925,20.0
96.8744583,25.0808582,20.0
27.5441551,30.4181385,20.0
24.5728283,33.6930313,20.0
92.9525299,30.9600143,20.0
26.7354622,34.8015518,20.0
26.8957272,32.7069702,20.0
92.8988266,32.9452667,20.0
25.781601,29.6073837,20.0
94.3886719,33.9230804,20.0
94.440918,30.0616837,20.0
28.315855,33.8067017,20.0
32.3183212,37.9814415,20.0
94.4395599,45.8082695,20.0
44.1474457,45.0106239,20.0
23.218565,52.9577141,20.0
96.8286972,7.05120277,20.0
13.8696671,11.7141943,20.0
106.138489,48.2869644,20.0
31.1827297,11.4032307,20.0
10.3585434,11.1160851,20.0
109.642311,48.884079,20.0
68.1177673,53.256752,20.0
2.0,0.0,2.0
4.0,0.0,2.0
6.0,0.0,2.0
8.0,0.0,2.0
10.0,0.0,2.0
12.0,0.0,2.0
14.0,0.0,2.0
16.0,0.0,2.0
18.0,0.0,2.0
20.0,0.0,2.0
22.0,0.0,2.0
24.0,0.0,2.0
26.0,0.0,2.0
28.0,0.0,2.0
2.0,0.0,4.0
4.0,0.0,4.0
6.0,0.0,4.0
8.0,0.0,4.0
10.0,0.0,4.0
12.0,0.0,4.0
14.0,0.0,4.0
16.0,0.0,4.0
18.0,0.0,4.0
20.0,0.0,4.0
22.0,0.0,4.0
24.0,0.0,4.0
26.0,0.0,4.0
28.0,0.0,4.0
2.0,0.0,6.0
4.0,0.0,6.0
6.0,0.0,6.0
8.0,0.0,6.0
10.0,0.0,6.0
12.0,0.0,6.0
14.0,0.0,6.0
16.0,0.0,6.0
18.0,0.0,6.0
20.0,0.0,6.0
22.0,0.0,6.0
24.0,0.0,6.0
26.0,0.0,6.0
28.0,0.0,6.0
2.0,0.0,8.0
4.0,0.0,8.0
6.0,0.0,8.0
8.0,0.0,8.0
10.0,0.0,8.0
12.0,0.0,8.0
14.0,0.0,8.0
16.0,0.0,8.0
18.0,0.0,8.0
20.0,0.0,8.0
22.0,0.0,8.0
24.0,0.0,8.0
26.0,0.0,8.0
28.0,0.0,8.0
2.0,0.0,10.0
4.0,0.0,10.0
6.0,0.0,10.0
8.0,0.0,10.0
10.0,0.0,10.0
12.0,0.0,10.0
14.0,0.0,10.0
16.0,0.0,10.0
18.0,0.0,10.0
20.0,0.0,10.0
22.0,0.0,10.0
24.0,0.0,10.0
26.0,0.0,10.0
28.0,0.0,10.0
2.0,0.0,12.0
4.0,0.0,12.0
6.0,0.0,12.0
8.0,0.0,12.0
10.0,0.0,12.0
12.0,0.0,12.0
14.0,0.0,12.0
16.0,0.0,12.0
18.0,0.0,12.0
20.0,0.0,12.0
22.0,0.0,12.0
24.0,0.0,12.0
26.0,0.0,12.0
28.0,0.0,12.0
2.0,0.0,14.0
4.0,0.0,14.0
6.0,0.0,14.0
8.0,0.0,14.0
10.0,0.0,14.0
12.0,0.0,14.0
14.0,0.0,14.0
16.0,0.0,14.0
18.0,0.0,14.0
20.0,0.0,14.0
22.0,0.0,14.0
24.0,0.0,14.0
26.0,0.0,14.0
28.0,0.0,14.0
2.0,0.0,16.0
4.0,0.0,16.0
6.0,0.0,16.0
8.0,0.0,16.0
10.0,0.0,16.0
12.0,0.0,16.0
14.0,0.0,16.0
16.0,0.0,16.0
18.0,0.0,16.0
20.0,0.0,16.0
22.0,0.0,16.0
24.0,0.0,16.0
26.0,0.0,16.0
28.0,0.0,16.0
2.0,0.0,18.0
4.0,0.0,18.0
6.0,0.0,18.0
8.0,0.0,18.0
10.0,0.0,18.0
12.0,0.0,18.0
14.0,0.0,18.0
16.0,0.0,18.0
18.0,0.0,18.0
20.0,0.0,18.0
22.0,0.0,18.0
24.0,0.0,18.0
26.0,0.0,18.0
28.0,0.0,18.0
3.72241306,3.79172421,0.0
7.85004568,3.89116359,0.0
12.0727472,3.84753561,0.0
16.1764545,3.73502445,0.0
20.2077484,3.78753805,0.0
24.3146744,3.77809119,0.0
28.3900757,3.7614224,0.0
4.39686823,8.03749275,0.0
8.74624634,7.78103161,0.0
12.556551,8.3196125,0.0
16.5829239,8.21665573,0.0
20.3701077,8.04029369,0.0
24.6329632,8.05565739,0.0
28.5676212,8.36311436,0.0
33.1581535,8.2347374,0.0
3.79012656,12.1389084,0.0
8.46047497,12.0019398,0.0
12.2408457,12.0169659,0.0
17.1081562,12.1236324,0.0
20.7474442,12.052309,0.0
24.5622673,12.0870132,0.0
28.879715,12.1666431,0.0
33.0589294,11.7070456,0.0
37.4715385,12.2974854,0.0
4.06211329,15.6362133,0.0
8.54099846,16.3436623,0.0
13.0220289,15.9835482,0.0
17.007761,15.9949455,0.0
20.8389893,16.0467491,0.0
24.6179638,16.0825176,0.0
28.4797077,16.1994228,0.0
33.1916275,15.7718687,0.0
37.1059418,16.097599,0.0
41.6387825,16.4690609,0.0
4.23615122,20.4551525,0.0
8.16277695,19.8600483,0.0
12.1933937,20.3567772,0.0
16.688652,20.131361,0.0
20.740696,20.3441067,0.0
24.7187786,20.0572109,0.0
28.736845,19.9210949,0.0
33.0242653,19.9881878,0.0
37.3437424,20.065649,0.0
41.5049896,20.1824131,0.0
45.2420692,19.929203,0.0
3.85269141,24.2414417,0.0
8.09625721,24.2953949,0.0
12.2696161,24.0866127,0.0
16.4966507,24.0242329,0.0
21.050972,24.0573025,0.0
24.8371124,24.0081825,0.0
28.8308277,23.8328514,0.0
32.8596878,23.6811504,0.0
37.5564194,23.8557262,0.0
41.0511932,23.9900322,0.0
45.7861252,23.8475018,0.0
49.5585289,24.1395454,0.0
3.82216358,28.1334343,0.0
8.27949619,28.1068497,0.0
12.4104681,27.9871845,0.0
16.5747108,27.8927612,0.0
21.1181355,27.9332371,0.0
24.8448753,28.3061314,0.0
28.7730522,27.8034687,0.0
32.7978783,28.2211227,0.0
36.7959404,27.976387,0.0
41.3582382,27.9993248,0.0
45.5703621,27.9475918,0.0
49.9160194,27.8925266,0.0
53.3022766,28.1808357,0.0
3.8250277,32.1204872,0.0
8.31889629,32.0551796,0.0
12.4657183,31.9562149,0.0
16.6048298,31.9041271,0.0
20.8027687,31.9299564,0.0
25.1233807,32.0266418,0.0
28.8727379,31.9656487,0.0
32.5967522,32.2372589,0.0
37.3572197,31.6829319,0.0
41.3709793,31.7681293,0.0
45.5975685,31.8376446,0.0
49.6859665,31.8174801,0.0
54.1620216,31.9243927,0.0
58.2610474,32.2282562,0.0
61.9816017,32.2309189,0.0
65.8621216,31.9999828,0.0
70.2944946,31.9687519,0.0
74.1672134,31.8147316,0.0
78.4039536,31.6920834,0.0
82.5448532,31.7903099,0.0
86.8695755,32.005085,0.0
91.3108139,31.7635288,0.0
94.5618744,32.0022545,0.0
99.2166367,32.2608757,0.0
103.442566,32.1485443,0.0
107.589737,32.0132942,0.0
111.720505,31.8931503,0.0
116.177834,31.8665657,0.0
116.174973,27.8795128,0.0
111.681107,27.9448204,0.0
107.533951,28.0439873,0.0
103.351921,28.1126137,0.0
98.8320847,28.363781,0.0
95.2472305,28.1792049,0.0
91.3755722,27.5251961,0.0
87.4397125,27.9162121,0.0
82.4853439,28.0257988,0.0
78.6365433,28.1567554,0.0
74.5125732,27.9834881,0.0
70.0763092,27.9388485,0.0
66.563385,27.8812027,0.0
3.8250277,36.1204872,0.0
8.32208538,36.0466614,0.0
12.4869804,35.9807396,0.0
16.6268349,35.9561272,0.0
21.1497383,35.6282921,0.0
24.8856812,35.9725571,0.0
28.9687748,35.9713554,0.0
32.7930145,35.876606,0.0
37.1277771,36.1551323,0.0
40.9534111,35.7681732,0.0
45.824482,35.8723869,0.0
49.6117134,35.7058487,0.0
53.6262207,36.0859566,0.0
58.3875771,36.2486801,0.0
62.1239395,36.0682831,0.0
65.9378738,36.0523567,0.0
70.0131531,35.9972916,0.0
74.9731903,35.8445358,0.0
78.8176956,35.9913521,0.0
82.4253082,35.820652,0.0
87.1162338,35.7778282,0.0
91.111145,35.9097977,0.0
94.9639282,35.7342377,0.0
99.3058014,35.7902412,0.0
103.599197,36.0565071,0.0
107.734314,35.9136734,0.0
111.90374,35.7046051,0.0
116.147308,35.7585602,0.0
3.82397532,40.119648,0.0
8.32789421,40.0451393,0.0
12.5187979,40.003891,0.0
17.1164131,39.5026817,0.0
20.769207,39.8115501,0.0
24.899725,39.9317818,0.0
29.0625401,39.9663696,0.0
33.2666054,39.9552879,0.0
37.4250908,40.0103798,0.0
41.3224983,39.6515007,0.0
45.4001732,39.9521828,0.0
49.4533691,40.0130882,0.0
53.289814,39.98283,0.0
58.131649,39.8808861,0.0
62.0937424,39.9946632,0.0
65.9603119,40.0108376,0.0
70.3195648,39.9901657,0.0
74.6457062,39.6805916,0.0
78.6903763,39.9932137,0.0
82.4692459,40.0215683,0.0
86.7472,39.9381981,0.0
90.9543915,40.0956764,0.0
95.3791199,40.030899,0.0
99.3102493,39.8555603,0.0
103.412071,39.7577934,0.0
107.815239,39.6354828,0.0
111.837341,40.1398811,0.0
115.763847,39.5448494,0.0
3.79621458,44.1040268,0.0
8.29123974,44.0398064,0.0
12.9013186,44.0176392,0.0
16.9505978,43.8858833,0.0
20.7043724,43.9234047,0.0
24.8617783,43.9012642,0.0
29.0230331,43.9544334,0.0
33.2146797,44.0133629,0.0
37.4476013,44.0050125,0.0
41.1757507,43.9960403,0.0
45.5184479,43.6583252,0.0
49.3981171,44.028717,0.0
53.6020889,43.7816734,0.0
57.950264,43.9842491,0.0
61.9925117,44.0125809,0.0
66.0056534,44.0747719,0.0
70.2828827,43.7289925,0.0
74.7082825,44.320179,0.0
78.7372589,44.0165062,0.0
82.5487366,44.0069466,0.0
86.8163834,43.9912186,0.0
90.941925,43.9971581,0.0
95.5639648,43.9776306,0.0
99.257309,43.917881,0.0
103.038017,43.966301,0.0
106.985573,44.0053902,0.0
111.458832,43.6560097,0.0
115.937881,44.363781,0.0
3.69773459,47.9744835,0.0
8.03703403,48.032299,0.0
12.1600676,48.1878242,0.0
17.1053982,47.8834991,0.0
20.6904221,47.9226913,0.0
24.763134,47.590107,0.0
28.8492355,47.9274788,0.0
33.1677704,48.0059395,0.0
37.5632744,48.0842705,0.0
41.4719124,47.8992462,0.0
45.4094505,47.8976593,0.0
49.226078,47.977787,0.0
53.5458565,48.0563927,0.0
57.9874268,47.7564926,0.0
61.9689713,48.2283516,0.0
66.3353424,48.2773476,0.0
70.5381546,48.5303955,0.0
74.818924,47.6800957,0.0
78.6989594,47.9450226,0.0
82.4859314,47.9909058,0.0
86.8184433,47.9553795,0.0
91.0520935,47.8733253,0.0
95.0891647,47.4394989,0.0
99.2140198,47.8817673,0.0
102.884575,47.8603973,0.0
107.758339,47.9809914,0.0
111.539467,47.9979744,0.0
116.209869,47.8610878,0.0
4.30529451,51.8868675,0.0
8.84605694,51.9674301,0.0
12.7323608,51.5928879,0.0
16.6035824,51.7850533,0.0
20.3686333,51.9635582,0.0
24.6968422,51.9968185,0.0
28.6263924,51.9770317,0.0
33.0703545,51.9940987,0.0
36.9149933,52.1252518,0.0
41.8008385,51.9140396,0.0
45.3866501,52.0243378,0.0
49.4776077,52.4929161,0.0
53.6889191,51.9748688,0.0
57.5619469,51.5137749,0.0
61.9785957,51.9853249,0.0
66.2860641,52.066967,0.0
70.2513275,52.3152618,0.0
74.7587357,51.6932335,0.0
78.3292465,51.9412498,0.0
82.5473404,51.9919052,0.0
86.8749542,51.967659,0.0
91.327446,51.9573708,0.0
95.243988,51.9691887,0.0
99.6071701,51.9539642,0.0
103.416336,51.7829704,0.0
107.443398,51.680378,0.0
111.253716,52.2189102,0.0
115.603111,51.9624786,0.0
3.86233282,56.350563,0.0
7.86222363,56.0989532,0.0
12.0777512,56.1445961,0.0
16.1766205,56.2650452,0.0
20.2003574,56.213726,0.0
24.2807446,56.2390709,0.0
28.3554134,56.3288231,0.0
33.0476341,56.3185921,0.0
37.6762543,56.1869011,0.0
41.7863808,56.1825104,0.0
45.6072845,56.1715317,0.0
50.1150627,56.2181129,0.0
53.6621208,56.4997749,0.0
58.0255318,56.3166161,0.0
62.3310547,56.1068535,0.0
66.070015,56.2783318,0.0
69.8857346,56.2374611,0.0
74.0661621,56.1491318,0.0
78.1583481,56.1970024,0.0
82.2778931,56.2172852,0.0
86.9393082,56.3239174,0.0
91.6383972,56.3283234,0.0
95.7108612,56.2360649,0.0
99.7978821,56.2131615,0.0
103.823364,56.2653122,0.0
107.926796,56.1525574,0.0
112.149925,56.1085892,0.0
116.277557,56.2082253,0.0
116.174973,23.8795128,0.0
111.677917,23.9533386,0.0
107.513428,24.019268,0.0
103.357361,24.038681,0.0
99.0569382,24.07761,0.0
95.431221,23.7856617,0.0
91.0798416,23.6542377,0.0
86.6324081,23.9170494,0.0
82.3345184,24.4238758,0.0
78.3664474,23.9803715,0.0
74.7201691,24.1512337,0.0
70.5773849,24.1009865,0.0
116.176025,19.8803501,0.0
111.672112,19.9548664,0.0
107.480743,19.9970226,0.0
102.878685,20.5185814,0.0
99.2859039,20.3498974,0.0
95.210762,20.1608963,0.0
90.9642105,20.0398865,0.0
86.9365005,20.3587456,0.0
82.3852234,19.8934021,0.0
78.6816177,19.9107971,0.0
74.4559097,20.0897369,0.0
116.203781,15.8959723,0.0
111.708649,15.9602165,0.0
107.093147,15.9838934,0.0
103.014809,16.1269264,0.0
99.2031708,16.1299114,0.0
95.3418579,16.172636,0.0
90.8913498,16.2149162,0.0
86.3386536,16.1361427,0.0
82.3081741,15.7777319,0.0
78.4494705,16.2328739,0.0
116.302261,12.0255165,0.0
111.962967,11.9677,0.0
107.837822,11.8125496,0.0
102.866898,12.1190786,0.0
99.2841949,12.0553265,0.0
95.4777679,12.0660067,0.0
91.1397324,12.0781984,0.0
86.4889679,11.6430483,0.0
82.6069946,12.4306746,0.0
115.694702,8.11313343,0.0
111.153938,8.03256989,0.0
107.267639,8.40711403,0.0
103.394478,8.21523857,0.0
99.6358414,8.03817558,0.0
95.3769913,8.04852009,0.0
91.4382629,8.33917999,0.0
86.8631897,8.11489868,0.0
116.137665,3.64943695,0.0
112.137772,3.90104532,0.0
107.922249,3.85540295,0.0
103.82338,3.7349546,0.0
99.7928238,3.78727818,0.0
95.6890182,3.77635765,0.0
91.6178665,3.75725412,0.0
2.70958304,1.81522429,0.0
6.91625166,1.8039794,0.0
10.9954109,1.79976678,0.0
52.9197197,58.2929802,0.0
118.20253,24.9255161,0.0
118.202774,20.9257126,0.0
100.916878,1.75691128,0.0
96.8738022,1.76292455,0.0
25.1517162,1.74752915,0.0
21.1022758,1.76678014,0.0
17.0712605,1.74999166,0.0
13.028945,1.77699697,0.0
1.80420303,4.98960733,0.0
1.93073046,9.03585434,0.0
1.7798593,12.9962816,0.0
48.9661865,58.1521263,0.0
2.01380181,16.9349346,0.0
46.8781281,58.1418991,0.0
2.05267167,19.0894432,0.0
38.8743057,58.2239761,0.0
42.8929787,58.2261009,0.0
1.84503627,23.1242809,0.0
34.7566338,58.3191528,0.0
1.79896629,27.0813198,0.0
31.2955589,58.3323326,0.0
1.79746997,31.0744839,0.0
27.1571388,58.2787399,0.0
1.79746997,35.0744858,0.0
23.1178532,58.2408028,0.0
1.79722309,39.0742874,0.0
19.0818424,58.2432899,0.0
1.78941536,43.0690002,0.0
17.0731945,58.2521744,0.0
1.75661016,47.022644,0.0
1.76908112,48.9781761,0.0
13.0293808,58.2219124,0.0
1.92138255,53.0279732,0.0
8.95524311,58.1913681,0.0
1.84050131,57.3092232,0.0
5.00042343,58.2690163,0.0
61.0817413,58.1313515,0.0
68.9690704,58.2368813,0.0
73.0037231,58.2096558,0.0
77.0594254,58.2329254,0.0
79.0815506,58.2279129,0.0
83.1630402,58.2579422,0.0
86.9753036,58.5894279,0.0
90.7838745,58.2911682,0.0
94.866478,58.2605171,0.0
98.9011841,58.2338867,0.0
102.928642,58.2502213,0.0
106.970261,58.2233276,0.0
117.290405,58.1847572,0.0
118.195786,55.0103798,0.0
118.069267,50.9641418,0.0
118.220139,47.0037155,0.0
117.986198,43.0650635,0.0
117.947327,40.9105568,0.0
118.154961,36.875721,0.0
118.201035,32.9186821,0.0
118.20253,28.9255161,0.0
118.210587,16.9309998,0.0
102.92659,1.74785984,0.0
118.243393,12.977355,0.0
118.230919,11.0218248,0.0
106.970619,1.77808893,0.0
118.078621,6.9720273,0.0
111.044754,1.80863297,0.0
118.1595,2.69077826,0.0
114.999573,1.7309835,0.0
92.8155823,1.73694658,0.0
29.2957726,1.70488405,0.0
109.002136,58.2027321,0.0
113.083725,58.1958504,0.0
4.86075354,1.79223132,0.0
8.94878101,1.8082211,0.0
15.0575962,1.7505306,0.0
19.0874634,1.7544148,0.0
23.1312504,1.76289594,0.0
27.1892872,1.73627424,0.0
1.85501897,55.1447144,0.0
1.88061118,50.9659233,0.0
1.76739788,45.0491447,0.0
1.78650355,41.0679893,0.0
1.78849375,37.0694199,0.0
1.788535,33.0694504,0.0
1.78830695,29.0727482,0.0
1.80205417,25.1015549,0.0
1.92900586,21.1560535,0.0
1.84813273,14.9098635,0.0
1.82257843,11.0529079,0.0
1.93985641,6.98526716,0.0
1.6472398,3.31931114,0.0
115.139221,58.2076988,0.0
111.050842,58.1920738,0.0
104.94207,58.2497025,0.0
100.914047,58.2458839,0.0
96.8779068,58.2411613,0.0
92.8391953,58.282795,0.0
88.7012863,58.3397141,0.0
85.2414398,58.3271141,0.0
81.1160889,58.2345734,0.0
75.0379028,58.2245445,0.0
70.9684372,58.2268181,0.0
67.0056534,58.246727,0.0
63.0965614,58.1924515,0.0
59.0248413,58.1579399,0.0
54.8984108,58.2045555,0.0
50.9912262,58.2492828,0.0
44.8585777,58.2136421,0.0
40.8936119,58.2202187,0.0
36.8216438,58.2521477,0.0
33.0199661,58.5940132,0.0
29.2166233,58.2946777,0.0
25.134758,58.2625237,0.0
21.1017094,58.2357941,0.0
15.0582733,58.2495613,0.0
10.9991417,58.2000656,0.0
6.94607687,58.2073822,0.0
3.34065151,58.3857613,0.0
118.144981,4.85528421,0.0
118.119385,9.03407669,0.0
118.232605,14.9508562,0.0
118.213493,18.9320126,0.0
118.21151,22.930582,0.0
118.211464,26.9305496,0.0
118.211693,30.9272518,0.0
118.197945,34.8984451,0.0
118.070992,38.8439484,0.0
118.151863,45.0901337,0.0
118.177422,48.9470901,0.0
118.060135,53.0147209,0.0
118.352753,56.6806717,0.0
90.7062073,1.70253181,0.0
94.8478851,1.74638784,0.0
98.8943253,1.76525712,0.0
104.941689,1.7504431,0.0
109.000854,1.79993582,0.0
113.053925,1.79261923,0.0
116.659348,1.61423969,0.0
56.9648209,58.1571388,0.0
65.0511169,58.2386093,0.0
84.8783798,7.64150572,0.0
89.2393188,3.29243565,0.0
77.3170013,14.6592398,0.0
53.7094116,26.2562523,0.0
66.2455063,26.2075577,0.0
45.2730827,17.6892681,0.0
63.3997459,29.0934238,0.0
51.9464836,24.7738552,0.0
56.7352867,29.0788059,0.0
42.3443565,14.6808014,0.0
35.1748657,7.74163532,0.0
86.2766495,6.19785023,0.0
30.7656574,3.29651618,0.0
87.7161713,4.76179409,0.0
74.6201172,17.7181244,0.0
70.4978027,21.8763828,0.0
47.7289352,20.5284691,0.0
83.473114,9.08943367,0.0
80.6029587,12.0063086,0.0
55.2220039,27.6696758,0.0
33.7392273,6.24016333,0.0
32.2915039,4.77571821,0.0
39.4578171,11.931551,0.0
43.7151108,16.2090816,0.0
76.2053757,16.1752052,0.0
40.9293175,13.3301935,0.0
38.0960884,10.464427,0.0
36.6727066,9.1337328,0.0
46.7916756,18.7722454,0.0
79.1004715,13.7776651,0.0
72.0503845,20.2892895,0.0
68.0489883,24.7674122,0.0
61.7798195,30.4032516,0.0
73.082428,18.7622871,0.0
82.037384,10.5275888,0.0
49.5874062,21.9775467,0.0
64.8494568,27.6206055,0.0
58.3458633,30.3896103,0.0
54.7533417,29.6501217,0.0
63.7855797,31.0885849,0.0
51.8146896,26.9373417,0.0
68.092804,26.9437466,0.0
31.7556591,6.72446728,0.0
60.0887375,56.3204918,0.0
93.7044373,3.20539761,0.0
47.8466568,56.3325348,0.0
3.28267789,26.1484146,0.0
67.9745255,56.8101616,0.0
71.9462585,56.6675758,0.0
76.1110306,56.7486229,0.0
14.1149712,3.23283339,0.0
18.1667881,3.21052885,0.0
22.2266445,3.28876066,0.0
3.21515751,46.0491409,0.0
3.26864791,42.0980377,0.0
3.2770431,38.1032104,0.0
3.27731109,34.1034241,0.0
3.27669263,30.1066723,0.0
3.42347312,22.2988358,0.0
105.884644,56.7674141,0.0
101.834595,56.7898102,0.0
97.7876968,56.7156982,0.0
93.7324295,56.8271255,0.0
89.5056076,56.8655548,0.0
116.784843,13.95086,0.0
116.731354,17.9019623,0.0
116.722954,21.8967915,0.0
116.723305,29.8933277,0.0
116.717323,33.8515854,0.0
116.576523,37.7011642,0.0
101.833679,3.21050954,0.0
97.7747726,3.28789949,0.0
30.4893703,56.8633232,0.0
26.2607365,56.8284836,0.0
22.2086773,56.7172241,0.0
18.1646595,56.7897377,0.0
26.3005009,3.20759654,0.0
51.9483757,56.8883095,0.0
116.722687,25.8965759,0.0
81.3288116,13.9004545,0.0
88.2537918,6.68272781,0.0
76.867218,18.4544601,0.0
65.7625046,29.6477337,0.0
34.6238976,10.0197535,0.0
38.8431091,14.1324167,0.0
43.036274,18.4580173,0.0
47.7467842,22.7961998,0.0
30.2736683,5.28238106,0.0
89.7345657,5.26669359,0.0
85.5229263,9.56479645,0.0
56.4245071,31.0655861,0.0
72.8564224,22.4546719,0.0
30.5413971,55.0932045,0.0
89.4441376,55.0919189,0.0
26.4246922,5.0102725,0.0
26.4150276,55.0629921,0.0
93.5638351,55.0559044,0.0
93.5816727,5.00554848,0.0
22.3406277,54.6968842,0.0
22.3610306,5.3162117,0.0
97.6447372,54.6911736,0.0
97.6409912,5.31476688,0.0
101.724846,4.99690533,0.0
101.726364,55.0032387,0.0
18.2724552,55.0035553,0.0
18.2752972,4.9970479,0.0
76.2161636,54.9255104,0.0
52.7219467,30.027874,0.0
89.0201111,8.71123123,0.0
30.9636974,8.7728281,0.0
105.73465,54.9529724,0.0
14.2651663,5.04720068,0.0
71.8246918,54.5112,0.0
48.6543961,54.5493317,0.0
91.6368408,6.0870266,0.0
67.9880829,28.8789368,0.0
63.9447403,33.1042252,0.0
28.3702507,6.09989309,0.0
52.0571518,55.229248,0.0
67.9543839,55.1167641,0.0
46.1775589,21.8115482,0.0
84.1110611,11.0529623,0.0
80.3284225,15.3603868,0.0
68.9676895,23.0060997,0.0
5.21497822,22.5551453,0.0
5.07967806,26.2010269,0.0
5.09520864,30.117115,0.0
5.09859753,34.1087723,0.0
5.09822893,38.1084785,0.0
5.08478022,42.1027222,0.0
4.99205112,46.0565987,0.0
115.00795,13.9434013,0.0
114.915222,17.8972759,0.0
114.901772,21.8915195,0.0
114.904793,29.882885,0.0
114.920319,33.7989731,0.0
114.785019,37.4448547,0.0
114.901405,25.8912277,0.0
51.0756264,23.0353317,0.0
60.9517136,54.382328,0.0
32.5809097,9.94278717,0.0
87.3422928,9.79207325,0.0
84.4033203,56.8228951,0.0
35.5727959,56.8109055,0.0
80.182991,56.703804,0.0
39.7762527,56.6731339,0.0
43.7579117,56.7536697,0.0
105.883621,3.23470473,0.0
14.1163683,56.7652969,0.0
50.3641129,25.9544735,0.0
69.6557388,25.9668236,0.0
110.04541,56.6332359,0.0
110.037987,3.37725377,0.0
9.96200943,56.6227455,0.0
9.95391369,3.36727047,0.0
114.198601,56.6524925,0.0
114.134781,3.30721712,0.0
5.86521673,56.6927834,0.0
5.80136585,3.34737587,0.0
44.3777885,22.0139866,0.0
80.4822006,17.0890789,0.0
84.4363556,55.0420609,0.0
35.487442,55.0221252,0.0
80.2886505,54.6773376,0.0
39.6305923,54.5587273,0.0
43.6479378,54.9869156,0.0
105.72599,5.05418301,0.0
14.2740107,54.945816,0.0
84.5433426,13.0344267,0.0
28.5197144,54.0706825,0.0
91.4543915,54.0619202,0.0
24.5771904,53.9871674,0.0
95.3920059,53.9744797,0.0
95.4310455,6.05922747,0.0
24.5743198,6.06349611,0.0
48.6217842,26.076849,0.0
20.2346401,6.05518436,0.0
20.2253342,53.9491272,0.0
99.7642212,53.945137,0.0
99.7669067,6.05437851,0.0
110.026138,5.56652594,0.0
110.063133,54.5083542,0.0
9.97385883,54.4334755,0.0
9.93666649,5.49167204,0.0
103.620132,6.05238628,0.0
103.62928,53.9508667,0.0
16.378828,53.9478188,0.0
16.3707275,6.04920197,0.0
74.3360062,53.7264252,0.0
107.642326,53.7868271,0.0
12.3575144,6.21323299,0.0
69.595871,54.262188,0.0
50.4427299,54.3409386,0.0
54.2730713,54.2608566,0.0
66.1627731,54.0934105,0.0
6.14635801,32.0963287,0.0
6.12551594,28.1401272,0.0
6.07700968,24.390089,0.0
6.14826632,36.0917168,0.0
5.90624571,48.0114784,0.0
6.0963707,44.073822,0.0
6.14530087,40.0897293,0.0
113.90361,15.9261818,0.0
113.854698,19.9102707,0.0
113.853638,27.9036732,0.0
113.874481,31.8598728,0.0
113.922989,35.6099091,0.0
113.85173,23.9082851,0.0
114.09375,11.9885235,0.0
114.332893,54.5470314,0.0
114.312401,5.47049761,0.0
5.68759632,54.5295029,0.0
5.66706896,5.45286846,0.0
62.7728691,54.0885315,0.0
31.0677185,10.9518738,0.0
88.8452301,10.8826475,0.0
59.1252556,54.8272858,0.0
93.5030899,7.11719418,0.0
62.077755,34.1335106,0.0
26.5041695,7.12802696,0.0
51.772892,31.8748703,0.0
71.4857101,26.1105995,0.0
46.9297256,54.8388863,0.0
65.9199448,34.0565262,0.0
64.1660004,56.763401,0.0
55.825882,56.2579956,0.0
47.191555,53.1713524,0.0
59.4195175,52.9985657,0.0
57.1219406,54.1013374,0.0
43.3008842,20.527319,0.0
82.5112915,53.9652596,0.0
37.2975845,53.8776474,0.0
78.1816483,53.9125328,0.0
41.799202,53.8864784,0.0
107.584251,6.2725873,0.0
12.4157495,53.7274132,0.0
30.6171379,53.0211563,0.0
89.3506927,53.0089226,0.0
26.5854187,53.0074501,0.0
93.3706055,52.9888954,0.0
21.7294846,52.9537354,0.0
98.2747116,7.05496407,0.0
21.7302456,7.05744886,0.0
98.2428589,52.9417763,0.0
90.016716,7.01737165,0.0
112.195686,6.08530426,0.0
112.23101,54.0229874,0.0
7.80430937,53.9146957,0.0
7.76892328,5.97692299,0.0
4.79421806,49.6141739,0.0
115.20578,10.3858271,0.0
116.493896,54.1485672,0.0
116.473671,5.81207609,0.0
3.52632499,54.1879234,0.0
3.50608206,5.85139179,0.0
31.3556671,12.9757738,0.0
88.616951,12.9735012,0.0
64.0016632,35.0762062,0.0
60.1473122,33.2177658,0.0
52.7263451,33.8190079,0.0
50.7415962,30.0127335,0.0
29.9861794,7.04853678,0.0
67.8923721,33.0128517,0.0
55.6014786,52.5266304,0.0
64.3374939,53.0334053,0.0
93.5633163,9.14076805,0.0
7.23794651,38.0644684,0.0
7.23669434,34.0672951,0.0
7.15504074,26.2113686,0.0
7.22346878,30.0922451,0.0
7.22568321,42.0583611,0.0
7.10033369,46.0373497,0.0
112.899643,13.9626551,0.0
112.763306,25.932703,0.0
112.844955,33.7886314,0.0
112.762054,21.9355335,0.0
112.774292,17.9416428,0.0
112.776527,29.9077549,0.0
26.4534893,9.15901375,0.0
83.0573196,14.0326138,0.0
79.004097,18.1444836,0.0
47.6662636,24.5778255,0.0
14.4619484,7.23770809,0.0
105.537857,52.7622719,0.0
14.5236349,52.7396278,0.0
105.475868,7.26045322,0.0
72.405014,27.9585209,0.0
47.6700401,27.9513626,0.0
86.4969406,13.9858961,0.0
101.583534,52.9181747,0.0
18.4122715,7.08084202,0.0
101.584206,7.08044672,0.0
18.4136868,52.9206963,0.0
97.3835678,51.2118797,0.0
22.5217819,8.76306725,0.0
97.4940643,8.75731087,0.0
22.5555172,51.2412033,0.0
93.2434692,50.9172516,0.0
89.2661819,50.9538956,0.0
30.6901474,50.978302,0.0
46.6416779,26.0592384,0.0
45.3888817,54.0223427,0.0
60.2095108,35.147049,0.0
80.5596771,18.9985504,0.0
84.4953461,15.0000381,0.0
84.4792099,52.9904823,0.0
35.3516541,53.0148735,0.0
79.6570206,52.9342957,0.0
40.3731842,52.764061,0.0
32.2311172,54.0915489,0.0
87.7362061,54.0846863,0.0
3.28938794,49.8839226,0.0
6.7842288,50.2569923,0.0
113.215767,9.74300861,0.0
116.710609,10.1160755,0.0
33.301445,13.7564678,0.0
60.0859413,31.4116344,0.0
54.5901451,34.0813408,0.0
51.6993065,28.6102619,0.0
50.6743813,33.6989784,0.0
67.8895569,30.9048119,0.0
67.8579559,35.0331726,0.0
55.3309593,50.7507324,0.0
64.5130463,51.0173607,0.0
42.3324661,22.0897274,0.0
95.483345,10.0227079,0.0
24.5426331,10.037014,0.0
64.0242157,37.0437622,0.0
109.157997,52.5992775,0.0
10.8419056,7.40072489,0.0
109.018814,7.59777927,0.0
10.9811878,52.4022217,0.0
71.3475113,29.7952766,0.0
73.5640411,26.1605434,0.0
48.7136002,29.8962917,0.0
14.7656374,50.4032974,0.0
105.231445,9.59706593,0.0
14.62714,9.62091732,0.0
105.371933,50.3778648,0.0
18.6159859,50.8834229,0.0
101.380981,9.11641216,0.0
18.6170769,9.11758327,0.0
101.366501,50.8747902,0.0
113.325912,52.7330284,0.0
6.67405367,7.26691198,0.0
113.314499,7.48890257,0.0
6.68549728,52.511097,0.0
64.3067017,55.0606575,0.0
9.23052406,26.1410828,0.0
9.3385458,30.0488014,0.0
9.35925388,34.0235786,0.0
9.36638546,38.0212784,0.0
9.37852001,42.013073,0.0
9.24436188,46.038269,0.0
110.769478,33.8589172,0.0
110.640747,25.9764233,0.0
110.633629,21.9787331,0.0
110.621231,17.9869938,0.0
110.755379,13.9617853,0.0
110.661453,29.9511986,0.0
6.96485806,22.8920879,0.0
113.035141,37.1079102,0.0
39.9618492,51.0792198,0.0
80.4486313,51.2539444,0.0
35.4190025,51.098568,0.0
84.4698257,50.9778404,0.0
43.5890999,52.9637108,0.0
6.59441185,21.1562538,0.0
113.405609,38.8437347,0.0
8.75595665,22.113327,0.0
111.244247,37.8865509,0.0
58.2402649,34.236515,0.0
67.8713608,37.013588,0.0
69.4900818,34.0264244,0.0
51.606144,35.2779617,0.0
48.6725616,33.6645508,0.0
99.4026108,10.0124607,0.0
96.8435593,7.04695797,0.0
20.6098385,49.9735985,0.0
99.3296204,49.9467697,0.0
20.6133823,10.0142164,0.0
47.3543549,51.1310349,0.0
91.1983719,49.9065704,0.0
28.7334461,49.9454346,0.0
88.4751892,15.1056318,0.0
80.5002594,20.9649773,0.0
56.3041077,33.165184,0.0
82.3127365,17.9300308,0.0
60.300251,37.063652,0.0
84.2338181,17.0117264,0.0
86.0932083,54.0817604,0.0
33.8376389,54.0882492,0.0
35.2508888,12.4931374,0.0
53.4099121,49.9550591,0.0
66.4156876,50.1804581,0.0
40.341011,21.8918133,0.0
93.5375824,11.096035,0.0
26.4906445,11.1333742,0.0
109.372963,50.7728424,0.0
10.6269608,9.22709179,0.0
109.040543,9.75273895,0.0
10.9591551,50.2473145,0.0
72.6407471,24.5956078,0.0
69.5191879,29.8973255,0.0
73.3729782,29.7694893,0.0
46.626297,29.8946781,0.0
16.9180984,49.7579994,0.0
103.070663,10.2425842,0.0
16.8893604,10.2496281,0.0
103.103027,49.7429619,0.0
113.188004,50.9174461,0.0
6.81197977,9.08252335,0.0
75.6657181,26.1858349,0.0
38.6448097,52.4638672,0.0
76.4165802,52.8414116,0.0
18.8190804,11.1031132,0.0
101.157921,48.8684883,0.0
18.7989712,48.8906822,0.0
101.180664,11.1046391,0.0
26.6859856,50.9554024,0.0
26.5068378,13.1417246,0.0
93.4871902,13.095645,0.0
88.2579803,17.2185345,0.0
90.2001953,14.0987692,0.0
44.5382919,29.9056625,0.0
75.4368286,29.853117,0.0
78.5809784,49.9760094,0.0
41.6386299,49.965744,0.0
56.1555252,35.4894295,0.0
82.4841232,50.0325165,0.0
37.6694107,50.4252625,0.0
10.1357803,24.1432533,0.0
109.865021,35.8567047,0.0
71.3638153,34.0927048,0.0
65.9582977,38.0236473,0.0
6.16316938,19.1069546,0.0
113.836853,40.8930283,0.0
47.6642952,31.8072586,0.0
97.4188538,10.9941874,0.0
22.6439819,48.9229202,0.0
97.2557678,48.8570976,0.0
22.6110363,11.0021238,0.0
45.4093475,49.9894257,0.0
89.1861954,48.9276505,0.0
30.7670498,48.9670143,0.0
78.5480881,21.9599648,0.0
62.1310349,38.0238037,0.0
35.0808334,14.8337345,0.0
51.5425262,51.076004,0.0
68.1738052,51.2206383,0.0
39.421814,20.0628109,0.0
51.4104347,37.0388832,0.0
92.0294113,10.1430979,0.0
27.9838009,10.185463,0.0
107.062973,10.2262115,0.0
12.9349222,49.7741127,0.0
107.592003,49.6215286,0.0
12.4073505,10.377327,0.0
72.3098755,31.1964283,0.0
15.6520834,48.7090263,0.0
104.334885,11.2924385,0.0
15.5685368,11.3268299,0.0
104.426414,48.6652527,0.0
111.29393,49.9371758,0.0
8.7060194,10.0627546,0.0
76.6192856,28.0293865,0.0
76.6412888,50.8522911,0.0
72.7095337,52.2445335,0.0
44.5412483,25.9704971,0.0
43.5483017,50.9603157,0.0
95.2194672,49.866024,0.0
90.4945526,10.0308714,0.0
8.95286369,49.7081604,0.0
111.047073,10.2918491,0.0
29.4925098,10.0879841,0.0
93.0949173,48.7886467,0.0
109.608322,27.9908371,0.0
109.576172,19.9957104,0.0
109.595543,23.9930019,0.0
109.543724,15.9734936,0.0
109.666153,31.9459705,0.0
10.4550028,44.0268478,0.0
10.4235973,40.0044937,0.0
10.3338804,28.0541096,0.0
10.4045296,36.0070076,0.0
10.3916216,32.0091972,0.0
109.849358,39.6887016,0.0
10.1524019,20.3098087,0.0
109.871414,11.9483862,0.0
10.1280041,48.0517235,0.0
47.709877,35.1863747,0.0
83.9147415,18.7762947,0.0
15.3070021,12.9596882,0.0
104.690346,47.027298,0.0
15.4116135,47.0798645,0.0
104.569336,12.9229193,0.0
76.7725449,48.8596115,0.0
84.6086578,20.6207676,0.0
97.3345337,46.7699165,0.0
22.678566,13.0583887,0.0
22.5734291,46.854393,0.0
86.0411148,18.4370747,0.0
18.8578167,46.9213219,0.0
101.099358,13.0776653,0.0
18.9224148,13.0658216,0.0
101.077141,46.892395,0.0
81.0905838,52.9645462,0.0
77.5095596,29.88554,0.0
24.6897182,49.930275,0.0
89.1089706,46.9351997,0.0
30.8414707,46.9739685,0.0
24.5934887,14.0947418,0.0
95.4065018,14.1005411,0.0
91.8302078,14.1253748,0.0
43.4722061,27.9617863,0.0
92.7731094,46.7231331,0.0
80.5462036,49.0304756,0.0
39.6292229,49.0703278,0.0
84.4574356,48.9797783,0.0
35.5489426,49.1078072,0.0
67.9254456,38.9991188,0.0
47.3535576,49.0078812,0.0
87.6371918,49.9498367,0.0
32.3241158,49.9895554,0.0
80.3680725,23.0715923,0.0
76.7137756,20.91008,0.0
60.2634621,38.9777336,0.0
51.4147148,48.7404633,0.0
68.2499771,49.3020287,0.0
68.0707016,53.1792068,0.0
31.7660351,14.709465,0.0
40.5825996,18.2804031,0.0
38.3882904,21.8345509,0.0
49.52491,37.9606056,0.0
77.950386,26.137043,0.0
26.79035,48.8668671,0.0
43.4815254,48.8907852,0.0
73.4079132,50.6703758,0.0
108.56588,26.0143204,0.0
108.595459,30.0040493,0.0
108.500732,18.0225945,0.0
108.540245,21.9940929,0.0
108.598282,13.8697157,0.0
11.4045172,29.9960823,0.0
11.4341364,33.9857216,0.0
11.459857,38.0061531,0.0
11.3989735,46.1308975,0.0
11.4975252,41.9780655,0.0
110.539093,41.5420151,0.0
108.877289,37.8050423,0.0
9.46127319,18.4574432,0.0
11.1266584,22.1925869,0.0
46.6758728,33.6981506,0.0
29.9277534,14.4717445,0.0
30.973608,16.5233593,0.0
80.0122147,25.1469479,0.0
39.4609451,46.986393,0.0
97.3577652,13.0596333,0.0
35.5433197,47.0406837,0.0
84.4667587,46.9815521,0.0
76.9143753,46.9129715,0.0
17.0660706,14.0226383,0.0
102.949013,45.9480133,0.0
17.0442276,45.9562721,0.0
102.922157,14.0493774,0.0
23.1799316,52.9751625,0.0
74.8986664,49.8032112,0.0
87.9998016,18.948534,0.0
82.4399109,21.9887505,0.0
20.7056637,45.9136505,0.0
93.3813248,15.1603041,0.0
99.2311172,14.0790529,0.0
20.8129997,14.0525627,0.0
99.2300339,45.8749466,0.0
76.4180527,31.6566162,0.0
90.8924255,45.9167633,0.0
28.9572525,45.9340744,0.0
26.4545059,15.1378326,0.0
42.4316101,29.8975964,0.0
86.0515671,49.9660988,0.0
33.9060364,50.0391922,0.0
67.9287796,40.9818878,0.0
13.5069304,46.4805489,0.0
106.484131,13.521143,0.0
49.3948059,50.0710144,0.0
64.0250168,39.0196686,0.0
76.6792908,22.961956,0.0
58.755024,37.985836,0.0
69.7692108,50.3812637,0.0
38.3730164,18.1966839,0.0
47.7533569,36.9318542,0.0
51.2928391,39.0186043,0.0
76.6763992,24.6832886,0.0
54.9462318,49.1041451,0.0
27.0080395,46.8406105,0.0
43.4031715,46.6048012,0.0
112.30368,41.84272,0.0
108.816391,41.0675392,0.0
11.1875706,18.9284039,0.0
7.69638824,18.1570873,0.0
11.2937288,26.067337,0.0
108.7071,33.9327965,0.0
36.3230553,21.9082756,0.0
64.8741379,49.3270073,0.0
22.7208939,15.0670099,0.0
79.5069351,29.9329395,0.0
42.3498573,26.0040493,0.0
44.558609,33.7973862,0.0
60.2188377,40.9462738,0.0
47.3620834,46.9463692,0.0
72.4849548,35.9188385,0.0
43.4064445,23.9859657,0.0
13.2730246,22.1698494,0.0
106.754745,37.8202209,0.0
10.5127506,11.396431,0.0
109.486923,48.6028633,0.0
106.526703,30.0621586,0.0
106.495316,26.0432472,0.0
106.645424,18.1910439,0.0
106.409462,21.9781952,0.0
13.5044422,33.9570847,0.0
13.5911264,38.0231705,0.0
13.4729633,29.9397259,0.0
13.351366,41.8111763,0.0
4.11360502,18.0400028,0.0
115.886398,41.9599915,0.0
95.9031067,45.6740341,0.0
51.264576,40.9944,0.0
11.0118914,17.1399231,0.0
108.991508,42.8556137,0.0
13.1405125,18.3423882,0.0
106.880081,41.6376495,0.0
47.6555328,38.9535217,0.0
56.7325058,49.3516388,0.0
63.0553932,49.6464195,0.0
55.6881676,47.3634872,0.0
63.9886055,47.5873756,0.0
88.9393463,20.2785587,0.0
26.4495144,17.0864067,0.0
71.6114578,50.5342522,0.0
113.846519,42.9704285,0.0
6.15346193,17.0294743,0.0
18.8467789,44.9154625,0.0
97.29776,15.1219702,0.0
92.3862762,45.0022812,0.0
64.0079346,41.0133743,0.0
89.7883072,18.4992504,0.0
32.9281845,17.7772045,0.0
28.0497036,14.2234735,0.0
13.3775949,26.0056572,0.0
106.627548,34.0006104,0.0
37.4829712,46.0178261,0.0
82.5331345,45.9924698,0.0
15.1331577,45.0351868,0.0
104.848526,14.9695654,0.0
97.4418869,44.858532,0.0
78.7490921,45.9817505,0.0
15.0943499,14.932847,0.0
104.922409,45.0455322,0.0
84.451355,23.0018215,0.0
22.58601,44.8947334,0.0
101.099098,15.1004362,0.0
18.9253235,15.0308332,0.0
101.123779,44.9257088,0.0
89.0803757,44.9683495,0.0
30.8969364,44.9811134,0.0
65.9692307,42.012825,0.0
75.0851135,22.1135349,0.0
39.5321159,16.3581142,0.0
52.8341331,38.0468788,0.0
112.894981,49.1549339,0.0
7.10498857,10.8450298,0.0
41.2486839,45.8984184,0.0
56.6996078,37.7774391,0.0
35.2654495,20.1328697,0.0
72.9650879,49.0540886,0.0
75.5999832,33.5526505,0.0
40.3352089,29.8731766,0.0
80.5340729,28.2112732,0.0
62.0753479,41.9881287,0.0
45.5287476,45.8147278,0.0
73.4927216,33.9762268,0.0
71.4134521,37.8160477,0.0
36.2409363,18.3417969,0.0
14.3790226,24.0522289,0.0
105.662048,35.9606552,0.0
9.87229252,13.0273495,0.0
110.127335,46.9719391,0.0
43.4741936,31.8281975,0.0
105.733727,39.6616554,0.0
14.3185873,20.30089,0.0
27.098711,44.8969955,0.0
43.4038506,35.7688904,0.0
15.019207,42.7873077,0.0
104.966965,17.2198391,0.0
72.5124283,47.0850563,0.0
15.0705452,16.9869251,0.0
104.968575,42.9792366,0.0
5.30138302,10.4751453,0.0
114.698608,49.5248375,0.0
6.2983551,12.5913401,0.0
113.701607,47.4086037,0.0
101.107986,17.1983814,0.0
80.6060104,46.9900208,0.0
54.5609856,38.1037064,0.0
93.2156677,43.0695953,0.0
18.8354664,42.85326,0.0
49.4330559,41.9898872,0.0
10.7418957,14.7282124,0.0
109.2593,45.2684593,0.0
46.2084923,37.8873405,0.0
60.9604721,49.767395,0.0
53.6729164,46.1032066,0.0
66.1120224,46.2376404,0.0
27.1480427,42.9314308,0.0
87.9297256,22.0219536,0.0
24.6507339,18.0695896,0.0
94.1552124,45.3143616,0.0
91.6450348,18.3241501,0.0
22.602869,42.9136124,0.0
31.0012283,18.8260059,0.0
34.8389053,16.9098396,0.0
35.5302505,45.0201416,0.0
84.4871826,44.994278,0.0
39.3605347,44.9823494,0.0
89.0809631,43.0022049,0.0
30.9364281,42.987484,0.0
76.8989029,45.0488777,0.0
13.0838737,13.6102629,0.0
106.91893,46.3817596,0.0
24.0710983,45.8128128,0.0
69.5085983,37.9632416,0.0
87.5736847,45.9655418,0.0
32.4181442,45.9988022,0.0
67.9687042,42.9641571,0.0
42.6187439,44.9142456,0.0
34.1736107,21.87076,0.0
39.2078247,27.9881954,0.0
81.5212708,29.9229012,0.0
60.1747742,42.9159889,0.0
47.435791,44.8992577,0.0
73.5818024,37.7271194,0.0
8.37641907,13.9309053,0.0
111.623665,46.0683365,0.0
104.675217,37.845314,0.0
15.4480162,22.1385689,0.0
44.4144173,37.7287025,0.0
42.3283463,33.7403374,0.0
40.6575356,14.9941177,0.0
97.3938904,42.9416924,0.0
47.6106987,40.9546242,0.0
105.532043,32.0734596,0.0
14.4731703,27.9403629,0.0
77.3417892,33.1159821,0.0
113.639618,45.1071358,0.0
6.36035442,14.8926563,0.0
84.5960541,25.1928329,0.0
105.466507,28.0754757,0.0
105.109505,19.7572212,0.0
105.424477,24.0369644,0.0
14.5257568,31.9289265,0.0
14.5731621,35.9631538,0.0
14.8846388,40.2504768,0.0
64.0002899,43.0479431,0.0
68.2839355,47.2573471,0.0
80.4201279,31.8052444,0.0
89.9963226,21.9145203,0.0
39.3351974,31.6387291,0.0
97.2374802,17.2554569,0.0
35.2035179,23.6915455,0.0
22.7443314,17.0738735,0.0
72.3256226,32.6097679,0.0
55.2605858,36.8641319,0.0
93.2942276,17.2981186,0.0
77.1414642,34.8728065,0.0
79.1369476,33.7804527,0.0
76.7467957,43.0643921,0.0
43.2165985,43.1942291,0.0
80.6326828,45.0006447,0.0
47.5903244,42.904995,0.0
63.9561234,45.201828,0.0
13.8724585,11.6519985,0.0
106.126328,48.3424492,0.0
16.9458275,41.6757011,0.0
103.029655,18.3517361,0.0
73.9893494,46.0295982,0.0
16.9428844,17.9740696,0.0
103.12265,41.9657822,0.0
58.8549385,49.5876503,0.0
75.4095001,37.822052,0.0
55.6831093,39.8839378,0.0
90.9500351,42.0495567,0.0
35.5307007,43.0190697,0.0
84.4882889,43.0072365,0.0
51.3226891,42.999958,0.0
52.1464081,47.0389824,0.0
55.6544113,45.1008186,0.0
29.0526772,41.9638214,0.0
86.1117325,21.9840679,0.0
26.5108871,19.0251389,0.0
20.7329464,41.8663788,0.0
29.426054,17.8977871,0.0
3.44833732,10.1480618,0.0
116.551659,49.8519287,0.0
44.0571442,44.837265,0.0
40.2467461,26.1144886,0.0
58.6512642,41.9015808,0.0
49.253437,46.0244942,0.0
72.5209656,39.2438583,0.0
42.3352623,37.6569023,0.0
34.459549,18.6299801,0.0
68.1652374,45.0663452,0.0
115.25119,46.1697731,0.0
4.74879456,13.8301735,0.0
104.552086,34.0711327,0.0
15.4818668,25.9715652,0.0
83.108963,26.3315792,0.0
104.392471,26.0554752,0.0
104.293503,22.1066761,0.0
15.5832739,33.9471245,0.0
15.7024574,37.8980904,0.0
39.3401413,42.9888,0.0
92.0970993,21.7595749,0.0
40.2022934,33.4853745,0.0
38.250412,29.8651085,0.0
33.9748306,46.0157852,0.0
36.082859,25.6325855,0.0
22.7710037,19.1217098,0.0
81.4231262,33.7066689,0.0
81.3612976,26.4917736,0.0
60.1899452,44.6576996,0.0
70.3644562,46.1226997,0.0
93.2362289,19.6606731,0.0
60.1006622,47.9525948,0.0
15.2322359,18.7471275,0.0
104.823418,41.2004242,0.0
99.1809006,18.299015,0.0
30.9060097,20.8583469,0.0
32.3646088,21.8288517,0.0
36.7504616,13.9708748,0.0
15.5491943,29.9095554,0.0
104.442261,30.1098328,0.0
99.2995453,41.92239,0.0
95.2452316,18.3531284,0.0
83.6520386,29.8352566,0.0
95.4683533,42.0138817,0.0
20.7953472,18.0989952,0.0
17.6039906,22.2138195,0.0
102.861557,37.7631073,0.0
86.30867,26.0532684,0.0
30.892849,22.7482433,0.0
51.4387703,45.2844658,0.0
101.188019,42.9346657,0.0
43.333107,39.1972313,0.0
40.5664101,37.7899742,0.0
18.8806095,17.0251408,0.0
79.6989059,26.8287582,0.0
30.9546146,40.976799,0.0
89.0711136,41.013958,0.0
26.5645218,20.9865627,0.0
116.754189,46.0976982,0.0
3.24580526,13.9022884,0.0
18.7853851,19.0519543,0.0
78.6878357,42.012764,0.0
41.2659645,41.9625397,0.0
76.9840164,36.9092941,0.0
97.1813354,19.6179352,0.0
27.9206009,18.0259705,0.0
22.9228687,21.1283054,0.0
46.1616669,41.8839912,0.0
94.2150803,21.7566147,0.0
61.6273346,46.2522087,0.0
72.4132614,45.0505829,0.0
54.6483841,41.7734909,0.0
84.7837906,27.6058712,0.0
92.4234924,41.1326141,0.0
37.4397659,42.0010109,0.0
82.5330276,42.015995,0.0
52.8255119,41.9064713,0.0
57.29496,46.0660172,0.0
27.1662521,40.9462547,0.0
22.627697,40.8907471,0.0
38.1973686,26.0365829,0.0
101.268684,40.8679543,0.0
38.4481621,33.1080971,0.0
34.1905937,25.209795,0.0
83.600769,33.7731628,0.0
56.7972832,41.7852821,0.0
72.6440048,40.9817581,0.0
80.4641342,35.2680473,0.0
101.090584,19.3491306,0.0
97.3605194,40.9368477,0.0
59.1917648,46.1115456,0.0
101.309998,36.3524323,0.0
18.7022419,24.0638428,0.0
18.7001934,20.7936325,0.0
88.1323318,25.719799,0.0
86.0324936,45.9775925,0.0
84.7188873,31.8493004,0.0
18.8927727,40.7279396,0.0
17.6292019,25.9589462,0.0
102.4338,34.1739197,0.0
88.9841843,23.7961407,0.0
36.4326286,30.052351,0.0
55.7304878,43.2851028,0.0
36.4230232,10.8817072,0.0
17.6980915,33.9738922,0.0
17.4584408,37.6514664,0.0
102.184532,26.0249748,0.0
102.534988,22.3522301,0.0
76.8603745,38.8953819,0.0
38.7221603,34.8850555,0.0
34.4871292,27.0391006,0.0
36.547348,33.8682747,0.0
32.2989388,26.0331306,0.0
27.1612759,38.9542351,0.0
93.1360474,39.3366852,0.0
93.1565247,23.5896034,0.0
96.2528,21.6149158,0.0
18.9914494,38.6077995,0.0
29.4798927,21.8544655,0.0
32.4743576,41.9904404,0.0
24.7797012,22.0326805,0.0
43.2045059,40.9845848,0.0
101.034103,21.4312325,0.0
76.7209473,40.9443512,0.0
80.6222076,43.0126152,0.0
78.7357635,37.9767914,0.0
90.1761169,25.5390148,0.0
93.9245377,41.1167336,0.0
35.5472527,41.0083771,0.0
84.4336014,40.9979439,0.0
25.6410389,41.9279022,0.0
24.1266212,41.913063,0.0
39.2774429,24.6466503,0.0
101.247467,38.7164192,0.0
74.6813202,42.0013733,0.0
22.6640396,38.8642273,0.0
19.7140198,22.2698231,0.0
85.9320221,29.9176483,0.0
39.3330994,40.9233513,0.0
80.5577545,37.0197525,0.0
97.3025055,38.8125153,0.0
89.1004257,38.9835739,0.0
30.9280052,38.9506035,0.0
84.760437,35.6703835,0.0
34.9503288,31.5852184,0.0
101.334297,32.2076035,0.0
18.7572956,27.9176216,0.0
101.11544,28.1684208,0.0
101.037308,23.7522926,0.0
18.7225208,31.916729,0.0
18.9348488,36.2066574,0.0
39.174427,38.9015579,0.0
50.6958809,47.013237,0.0
72.6317902,43.0036812,0.0
97.9258118,21.3837852,0.0
59.7550926,51.1705437,0.0
80.5676651,39.0109062,0.0
97.5871887,23.0745888,0.0
89.3410034,27.1178265,0.0
92.2236938,25.3955288,0.0
23.0280361,23.0653057,0.0
30.9665813,24.4469318,0.0
38.9879837,36.9310989,0.0
34.7266159,29.1791592,0.0
29.0171986,37.958313,0.0
91.0916595,38.0422325,0.0
80.5950623,41.0111771,0.0
20.8705273,37.6711044,0.0
26.615099,22.9515343,0.0
99.3212051,22.344902,0.0
86.0149689,41.986618,0.0
35.6180038,39.0141449,0.0
84.2798462,38.9723015,0.0
93.9790344,25.1536045,0.0
83.9154434,37.2190094,0.0
102.318825,30.1709366,0.0
100.306412,34.1711006,0.0
17.6661663,29.9105854,0.0
19.8145103,25.9855404,0.0
71.0748062,41.9259071,0.0
44.7002792,41.9346619,0.0
34.0067177,41.9973068,0.0
99.7223206,26.0612602,0.0
19.8545094,33.9025612,0.0
85.7768173,33.807888,0.0
37.3716202,38.0619125,0.0
39.3228722,23.2437553,0.0
99.2917709,37.6589775,0.0
35.1017914,35.8007126,0.0
30.8921337,27.713644,0.0
95.1873474,37.8901176,0.0
85.7348938,37.5729561,0.0
93.6105194,26.8877277,0.0
22.7629871,36.8831711,0.0
23.0804024,25.0239811,0.0
97.2437286,36.3719025,0.0
30.8108635,36.9350052,0.0
89.1985779,36.8942604,0.0
21.4913197,22.1729679,0.0
26.6668358,24.9512177,0.0
32.8792915,30.2040691,0.0
27.1320782,36.9670677,0.0
93.0868988,36.9629631,0.0
95.4758911,26.1049366,0.0
82.3692093,38.0107002,0.0
100.202538,30.27812,0.0
19.8230457,29.9540157,0.0
69.514946,41.9182205,0.0
34.0299416,33.8925858,0.0
35.8816261,37.3393707,0.0
31.4812031,29.205328,0.0
87.5461273,41.9864388,0.0
97.5195847,25.3133068,0.0
29.9871273,25.9518108,0.0
98.2046432,34.200489,0.0
21.6274185,25.9996605,0.0
21.8942356,33.7517204,0.0
34.1782722,37.6460152,0.0
23.0799847,27.0012894,0.0
27.1025295,34.9812546,0.0
24.8669949,26.0486889,0.0
87.5794678,37.8333626,0.0
25.6460705,37.9516106,0.0
30.1256046,29.0974941,0.0
28.1901207,25.9081364,0.0
97.0490189,27.3622608,0.0
32.1715813,33.991993,0.0
89.2196808,34.7677231,0.0
30.7256546,34.9599724,0.0
93.3164215,28.9512215,0.0
98.2807541,26.7751522,0.0
96.6992645,32.1147308,0.0
22.8997784,31.9795113,0.0
22.9081764,35.2134438,0.0
96.3872681,34.4273224,0.0
30.7673645,30.8089809,0.0
28.7514801,29.9592209,0.0
26.7115879,27.0106888,0.0
21.9079094,30.1216984,0.0
94.7785645,33.6688614,0.0
30.6758633,32.9930649,0.0
28.9080334,33.9803352,0.0
32.3953514,37.8727036,0.0
96.880127,29.4707718,0.0
91.1419296,33.7699699,0.0
87.6266403,33.7605362,0.0
94.9780121,30.2839355,0.0
24.1717014,37.9206696,0.0
98.3661346,30.4976559,0.0
23.8860283,33.8191948,0.0
22.9619122,28.716732,0.0
93.0183716,34.8192902,0.0
26.9460659,29.0405979,0.0
27.1090107,32.9930687,0.0
89.1752548,32.4302483,0.0
93.1069565,30.9488449,0.0
23.8817978,30.2135906,0.0
25.6213264,33.9585419,0.0
27.059267,31.0193348,0.0
92.9864197,32.8287926,0.0
91.4368362,29.7880726,0.0
89.6085434,28.8820324,0.0
88.1591873,30.3003254,0.0
25.5710773,30.1212597,0.0
89.9381256,30.6328411,0.0
11.2903318,12.9558439,0.0
108.710167,47.0412025,0.0
25.5605526,45.8083572,0.0
28.0454369,21.9093018,0.0
23.1640682,7.05117607,0.0
96.7814331,52.9576988,0.0
75.4659653,45.9983444,0.0
14.0718756,48.4391136,0.0
105.920097,11.5620546,0.0
51.9136658,53.2291374,0.0
0.0,58.0,2.0
0.0,56.0,2.0
0.0,54.0,2.0
0.0,52.0,2.0
0.0,50.0,2.0
0.0,48.0,2.0
0.0,46.0,2.0
0.0,44.0,2.0
0.0,42.0,2.0
0.0,40.0,2.0
0.0,38.0,2.0
0.0,36.0,2.0
0.0,34.0,2.0
0.0,32.0,2.0
0.0,30.0,2.0
0.0,28.0,2.0
0.0,26.0,2.0
0.0,24.0,2.0
0.0,22.0,2.0
0.0,20.0,2.0
0.0,18.0,2.0
0.0,16.0,2.0
0.0,14.0,2.0
0.0,12.0,2.0
0.0,10.0,2.0
0.0,8.0,2.0
0.0,6.0,2.0
0.0,4.0,2.0
0.0,2.0,2.0
0.0,58.0,4.0
0.0,56.0,4.0
0.0,54.0,4.0
0.0,52.0,4.0
0.0,50.0,4.0
0.0,48.0,4.0
0.0,46.0,4.0
0.0,44.0,4.0
0.0,42.0,4.0
0.0,40.0,4.0
0.0,38.0,4.0
0.0,36.0,4.0
0.0,34.0,4.0
0.0,32.0,4.0
0.0,30.0,4.0
0.0,28.0,4.0
0.0,26.0,4.0
0.0,24.0,4.0
0.0,22.0,4.0
0.0,20.0,4.0
0.0,18.0,4.0
0.0,16.0,4.0
0.0,14.0,4.0
0.0,12.0,4.0
0.0,10.0,4.0
0.0,8.0,4.0
0.0,6.0,4.0
0.0,4.0,4.0
0.0,2.0,4.0
0.0,58.0,6.0
0.0,56.0,6.0
0.0,54.0,6.0
0.0,52.0,6.0
0.0,50.0,6.0
0.0,48.0,6.0
0.0,46.0,6.0
0.0,44.0,6.0
0.0,42.0,6.0
0.0,40.0,6.0
0.0,38.0,6.0
0.0,36.0,6.0
0.0,34.0,6.0
0.0,32.0,6.0
0.0,30.0,6.0
0.0,28.0,6.0
0.0,26.0,6.0
0.0,24.0,6.0
0.0,22.0,6.0
0.0,20.0,6.0
0.0,18.0,6.0
0.0,16.0,6.0
0.0,14.0,6.0
0.0,12.0,6.0
0.0,10.0,6.0
0.0,8.0,6.0
0.0,6.0,6.0
0.0,4.0,6.0
0.0,2.0,6.0
0.0,58.0,8.0
0.0,56.0,8.0
0.0,54.0,8.0
0.0,52.0,8.0
0.0,50.0,8.0
0.0,48.0,8.0
0.0,46.0,8.0
0.0,44.0,8.0
0.0,42.0,8.0
0.0,40.0,8.0
0.0,38.0,8.0
0.0,36.0,8.0
0.0,34.0,8.0
0.0,32.0,8.0
0.0,30.0,8.0
0.0,28.0,8.0
0.0,26.0,8.0
0.0,24.0,8.0
0.0,22.0,8.0
0.0,20.0,8.0
0.0,18.0,8.0
0.0,16.0,8.0
0.0,14.0,8.0
0.0,12.0,8.0
0.0,10.0,8.0
0.0,8.0,8.0
0.0,6.0,8.0
0.0,4.0,8.0
0.0,2.0,8.0
0.0,58.0,10.0
0.0,56.0,10.0
0.0,54.0,10.0
0.0,52.0,10.0
0.0,50.0,10.0
0.0,48.0,10.0
0.0,46.0,10.0
0.0,44.0,10.0
0.0,42.0,10.0
0.0,40.0,10.0
0.0,38.0,10.0
0.0,36.0,10.0
0.0,34.0,10.0
0.0,32.0,10.0
0.0,30.0,10.0
0.0,28.0,10.0
0.0,26.0,10.0
0.0,24.0,10.0
0.0,22.0,10.0
0.0,20.0,10.0
0.0,18.0,10.0
0.0,16.0,10.0
0.0,14.0,10.0
0.0,12.0,10.0
0.0,10.0,10.0
0.0,8.0,10.0
0.0,6.0,10.0
0.0,4.0,10.0
0.0,2.0,10.0
0.0,58.0,12.0
0.0,56.0,12.0
0.0,54.0,12.0
0.0,52.0,12.0
0.0,50.0,12.0
0.0,48.0,12.0
0.0,46.0,12.0
0.0,44.0,12.0
0.0,42.0,12.0
0.0,40.0,12.0
0.0,38.0,12.0
0.0,36.0,12.0
0.0,34.0,12.0
0.0,32.0,12.0
0.0,30.0,12.0
0.0,28.0,12.0
0.0,26.0,12.0
0.0,24.0,12.0
0.0,22.0,12.0
0.0,20.0,12.0
0.0,18.0,12.0
0.0,16.0,12.0
0.0,14.0,12.0
0.0,12.0,12.0
0.0,10.0,12.0
0.0,8.0,12.0
0.0,6.0,12.0
0.0,4.0,12.0
0.0,2.0,12.0
0.0,58.0,14.0
0.0,56.0,14.0
0.0,54.0,14.0
0.0,52.0,14.0
0.0,50.0,14.0
0.0,48.0,14.0
0.0,46.0,14.0
0.0,44.0,14.0
0.0,42.0,14.0
0.0,40.0,14.0
0.0,38.0,14.0
0.0,36.0,14.0
0.0,34.0,14.0
0.0,32.0,14.0
0.0,30.0,14.0
0.0,28.0,14.0
0.0,26.0,14.0
0.0,24.0,14.0
0.0,22.0,14.0
0.0,20.0,14.0
0.0,18.0,14.0
0.0,16.0,14.0
0.0,14.0,14.0
0.0,12.0,14.0
0.0,10.0,14.0
0.0,8.0,14.0
0.0,6.0,14.0
0.0,4.0,14.0
0.0,2.0,14.0
0.0,58.0,16.0
0.0,56.0,16.0
0.0,54.0,16.0
0.0,52.0,16.0
0.0,50.0,16.0
0.0,48.0,16.0
0.0,46.0,16.0
0.0,44.0,16.0
0.0,42.0,16.0
0.0,40.0,16.0
0.0,38.0,16.0
0.0,36.0,16.0
0.0,34.0,16.0
0.0,32.0,16.0
0.0,30.0,16.0
0.0,28.0,16.0
0.0,26.0,16.0
0.0,24.0,16.0
0.0,22.0,16.0
0.0,20.0,16.0
0.0,18.0,16.0
0.0,16.0,16.0
0.0,14.0,16.0
0.0,12.0,16.0
0.0,10.0,16.0
0.0,8.0,16.0
0.0,6.0,16.0
0.0,4.0,16.0
0.0,2.0,16.0
0.0,58.0,18.0
0.0,56.0,18.0
0.0,54.0,18.0
0.0,52.0,18.0
0.0,50.0,18.0
0.0,48.0,18.0
0.0,46.0,18.0
0.0,44.0,18.0
0.0,42.0,18.0
0.0,40.0,18.0
0.0,38.0,18.0
0.0,36.0,18.0
0.0,34.0,18.0
0.0,32.0,18.0
0.0,30.0,18.0
0.0,28.0,18.0
0.0,26.0,18.0
0.0,24.0,18.0
0.0,22.0,18.0
0.0,20.0,18.0
0.0,18.0,18.0
0.0,16.0,18.0
0.0,14.0,18.0
0.0,12.0,18.0
0.0,10.0,18.0
0.0,8.0,18.0
0.0,6.0,18.0
0.0,4.0,18.0
0.0,2.0,18.0
95.5031586,12.3427982,13.6598101
97.0108871,10.2758064,11.9317532
95.0156479,10.4136801,10.939784
95.8428879,13.0737143,11.9148197
98.8093338,10.4882898,11.2516336
99.7181854,10.3640919,13.5596619
98.7259979,8.60638905,11.8734179
96.6024704,9.08761215,10.3913412
97.214325,12.0788136,10.915287
60.1117439,43.948349,1.34136474
57.1329803,44.9588776,1.3189553
58.2079201,43.8612022,2.48202157
95.6497498,10.246562,13.4338474
96.4926529,8.36174583,12.6668234
97.5195923,9.8257494,14.5918484
15.9310589,51.7129707,10.0659599
17.1961708,51.6491814,8.45271492
14.7275324,51.8001175,8.02840137
15.7605467,53.6983986,7.73603058
17.9153919,51.673893,11.1553278
16.3911324,49.9399261,12.1866636
16.5956039,49.769371,10.1389828
15.1802015,53.8104057,10.1272421
14.5909042,52.2232323,11.7042112
31.3296909,4.22553635,1.30558252
29.925148,2.32540345,1.47617078
29.8041553,5.38181353,1.4125874
17.533968,53.6496124,9.1348629
26.8152084,28.0169659,9.93785954
26.2624893,29.605196,11.1228113
25.259243,27.8915596,11.9469109
27.0155029,28.2602577,13.39925
24.3276691,27.3239574,9.85226154
24.9712696,29.249136,7.92759323
113.509644,28.5598564,10.2599831
111.177818,30.5252972,11.3158464
115.412086,29.6931858,11.4323063
113.658966,31.4989491,10.0987577
28.2180576,29.2497807,9.58199692
26.5466976,27.9775982,7.70482779
26.572691,30.2725735,8.28514194
28.6862106,29.8771248,12.0362148
28.1988831,26.5856152,11.1012907
25.8350849,26.1810379,9.92681026
28.708643,27.3558674,8.65446854
15.8642101,48.2280464,10.3611031
18.6707821,49.0344963,9.8697052
16.8535519,47.6559105,12.1036177
14.7752676,49.8548622,8.58003426
14.1942549,50.1592216,10.860899
13.8306532,48.2179604,10.9467096
15.4922943,46.110199,10.3079004
15.4456749,46.2015686,12.2030058
16.1372852,47.7101746,8.07050896
13.5076265,47.9373856,8.77031326
85.9711151,18.6980896,9.98390102
88.6179047,18.2458382,11.2913189
86.6490326,17.4404736,13.3602324
87.2358246,16.7690544,11.1411123
87.3650131,18.5275326,8.82847404
83.3730621,20.579443,11.3366089
84.3683853,18.6408939,11.3449163
84.4181595,20.5791626,9.02264881
85.4047165,21.4054031,11.3277082
87.0995026,19.8487854,11.3891277
86.8995514,20.8094463,9.66560459
85.1794739,16.9279575,8.39317226
87.8222656,16.0980396,8.92334461
85.9958115,18.7239323,6.80696869
83.5057983,18.8444614,8.2037735
100.012489,55.6421623,14.772521
97.2571259,54.7199211,13.3592758
99.0644302,54.6844444,11.3982859
99.5283813,53.8442154,13.9871197
100.017609,52.2283478,14.9128256
101.315109,54.0386009,15.5671721
99.5679626,54.4977417,16.7081013
99.0270233,51.9821396,13.1736975
101.288345,51.9693985,12.7470446
97.5051804,52.4314537,15.0273256
97.1236038,52.8956528,12.5960636
114.350739,8.4830122,10.4204865
116.663963,9.4676075,8.51894855
114.933281,7.5789113,8.61237621
115.172363,9.68611336,7.3978157
114.007637,5.92947435,11.0467663
115.715294,8.19091511,11.8056202
116.75351,7.55799055,10.1156235
32.0081024,6.30081367,5.13101435
34.1509285,6.63210297,2.66384101
32.8732452,4.97125196,5.03025913
32.5965347,5.09310293,2.83968425
112.482269,9.13154221,8.64148331
114.325783,10.4608297,10.4838953
116.913269,10.1537199,10.1310091
32.7559814,51.7097816,10.8281546
33.0355721,52.1437988,13.3715019
31.9900742,53.88311,13.2576694
30.5212955,51.9411049,12.5471287
32.8458023,53.1487846,8.05289936
30.9089451,51.4626007,9.6711483
31.453516,53.4323845,10.2427454
31.1310196,50.1631393,13.3813133
33.2316399,50.307045,13.4663639
34.3021049,51.747673,11.9920788
33.1089745,50.548027,8.27713013
11.4694986,34.0899696,16.1969452
11.601244,32.5465355,14.5805635
12.4677019,32.2806435,15.7822142
10.6659403,31.781744,15.8927813
34.9886131,51.3801765,9.41856956
35.2594147,49.096344,11.1052999
31.8898048,49.4472847,11.0709753
13.0542126,11.4296532,10.2381735
13.4670753,8.76807022,9.0793829
14.7410345,10.4753265,10.9240952
11.8392658,9.35323715,9.95792961
12.8882036,34.1558685,13.6157503
11.2707138,33.9606323,13.3242979
12.3029308,10.2957096,11.8491631
15.3156681,12.8087187,12.1083412
10.4530087,11.2927742,11.9252987
11.1599731,12.1386452,9.45905209
11.9927521,12.9329014,11.2669125
14.3010168,10.54986,13.2782793
0.835832,1.31719089,17.3666859
1.73532331,1.25500488,18.8895569
96.8859482,21.089819,13.6945133
96.7522812,22.2197838,11.8687401
99.3813629,20.2688618,11.8374224
96.9840469,19.1440544,11.3129311
12.5913677,32.477066,13.3702564
98.3742371,20.7497807,10.3511095
98.8885117,20.122263,7.48974705
100.721176,19.5297298,8.64017677
97.7651978,19.5535908,8.86196327
99.332077,18.1782379,9.07273769
98.3889236,17.951622,11.2454672
98.7971878,23.0281563,11.5909262
99.0075684,22.5906734,8.94339943
97.0135117,21.4853516,9.06612396
10.6580496,5.04075861,8.24663353
9.63579655,7.32483625,7.1962676
7.98743773,5.80260372,9.4580574
9.71738434,6.79853725,9.40496159
12.9204626,30.4530487,13.6440754
9.79768181,6.28052282,11.5788975
9.39500332,4.79177904,10.3249407
12.0945778,6.36890745,10.172471
11.5864735,7.86597395,11.1471872
111.050072,17.2177753,10.4350967
111.749573,15.2032566,11.1316957
111.134438,16.6268311,8.37488556
113.179253,16.0661526,9.85438061
1.51873922,2.77458715,17.3340473
109.166878,14.8076401,10.6765966
112.266472,18.3173046,9.14756012
110.199364,18.4461575,8.56138325
111.425995,19.6611805,10.447566
108.980232,16.6860924,8.97835445
111.5793,32.6931572,7.52107906
109.806549,32.6758003,8.81573963
109.835342,31.702177,6.5766778
112.012337,30.2975426,8.09539413
109.064072,33.8249016,6.29391336
111.674026,33.4226837,9.49995232
112.49324,34.9687004,7.67007065
113.078735,34.2918472,5.89296579
110.869339,34.0432549,5.66309977
110.031219,35.2830696,8.91675282
101.017563,23.8311672,6.92526579
98.480217,24.3310165,8.10668659
100.929268,23.645977,8.92933559
74.4970551,51.5787849,14.243063
74.8018112,50.0530319,12.018734
76.6238632,52.220787,12.2560263
76.7538376,50.5816536,12.1024332
46.7268181,29.247654,11.1865997
45.0825386,27.7978821,11.6414557
44.5079956,30.1064816,13.6209898
44.0044022,29.6899357,11.1632557
45.5631142,30.135004,8.77674484
48.7665176,30.1822071,11.3172445
48.2795105,29.6598034,14.3938923
47.0532036,30.8901501,12.3403482
46.0413437,28.5210228,14.3220997
47.5623322,27.4670258,12.090313
35.2984619,17.8405018,2.80846596
36.2291107,19.2207222,5.04562902
36.0828323,16.8551388,3.47771168
36.7184982,18.9212589,3.27772784
64.4887238,36.3315086,9.28598881
64.2446899,39.231205,8.41585445
63.8596497,37.0913162,7.6789856
62.5690155,38.3370132,9.83032322
63.6803131,32.9723091,9.64488125
65.040947,35.0954437,11.0186691
62.4047585,35.3927727,9.81906891
63.075386,33.8589211,8.35635662
63.2332649,35.6577377,6.93702126
64.6653137,34.8377838,7.61899424
62.9668999,36.9330177,11.021965
65.2457123,37.6623917,10.4028692
105.04039,15.2297058,4.38971758
105.085335,15.3086367,6.58336067
103.169708,13.9773359,4.25217056
104.897797,13.49578,6.23466635
91.3260498,29.2234688,7.81480932
91.7490311,29.6031075,10.8141823
90.9874268,31.5784264,7.9794364
90.2342377,28.9423447,9.77438641
91.272316,27.2766342,8.92183304
93.6256256,28.8376026,9.94237041
93.3600235,29.1495724,11.9595776
92.2407913,26.9562492,11.4735403
89.5071106,30.5535755,11.7775526
90.8039474,28.1823215,11.6598787
91.134552,30.2365341,14.0196066
89.8928833,2.40049148,7.00976276
89.5809402,5.11012077,5.33961725
91.1392441,2.45793128,5.90715122
90.0707932,2.06470656,5.2304554
32.2999573,20.3634205,9.2396965
30.7800636,20.745657,7.95533371
31.1843071,18.8321972,6.59508514
31.1644554,18.9177341,8.89274883
31.4786129,23.3205261,11.3752766
30.5706921,21.2066345,9.74482346
33.6490555,22.1130447,8.94210052
32.5187263,20.5021229,11.4110584
99.8835602,11.823432,13.9017038
102.590919,11.7604637,14.2914505
102.610313,11.7431421,12.1357393
35.2064476,20.2195263,10.9159698
33.9592285,19.658886,8.86582851
31.8791504,22.510643,7.42642975
28.3106346,18.0415497,18.3656864
26.963562,17.500927,18.2161789
28.2783985,18.2583237,16.3007526
28.989502,16.1591702,17.7651958
32.1280479,21.1072311,6.08675289
33.6277924,19.8510113,6.58028507
99.5577698,26.2322884,6.7983346
97.1177902,25.724474,8.38001156
99.8302994,25.7969952,9.01455402
96.2820129,23.3682537,9.08186531
97.2983093,21.6649609,6.49378347
39.2795372,28.3449059,16.4034367
40.1912727,26.6143513,18.4127693
40.826992,28.221817,16.2224445
41.0827904,28.2316132,18.0690556
95.0862656,23.9471931,6.82603693
97.7872925,25.6334534,6.45129585
27.4115601,45.883812,7.77724266
25.9966297,42.9921036,8.81420517
28.4230003,43.3730698,8.39728832
26.5822754,46.2012787,9.30165482
28.6248302,45.8333855,9.68597126
30.2455845,45.8551979,7.94897747
28.648674,44.0145988,10.1327553
30.8145008,45.9036903,10.2776461
28.4606819,44.5881462,12.0642815
28.6743412,47.7673721,8.67999172
31.9172192,29.4595757,10.5904064
32.8404274,29.6256618,7.9476943
31.0718937,28.0705929,9.5332365
30.4186859,30.65942,8.67524529
29.8543873,31.4786739,10.3291473
30.7481537,30.7394428,11.7452335
32.1795921,31.2080135,9.92879963
29.9676342,28.2412949,11.2588167
31.6509552,28.3520966,12.4425611
33.54076,27.9947681,11.2379951
24.2305355,23.475275,9.95619106
24.8784046,22.2293739,7.88294888
25.6440086,21.7238827,10.2107449
24.2160015,20.8435497,10.6754274
23.83498,18.2691593,9.93883133
22.5276375,21.2792397,9.71207905
24.8559875,20.2446156,7.9401536
25.5760136,20.2882576,11.8946953
25.7208729,18.5991573,9.77032375
25.490324,18.3942757,11.9214258
24.4169941,22.2940655,11.7436848
23.7197514,20.4194183,12.7099714
23.3606377,18.8268356,11.8420095
22.4254704,21.36199,11.6791067
39.7370224,40.8055305,11.2339697
38.27845,38.5607872,10.1616583
39.6295013,40.9400787,8.80741692
41.3375473,39.7169075,11.2608519
37.7049484,37.8312912,11.8788853
37.7242661,40.0471764,12.2195454
36.9677124,40.3788605,9.69670963
39.8946571,38.9630814,12.1746349
38.5615005,37.3319359,8.15299416
36.7931824,37.0097313,10.1642704
36.4121628,38.7786255,8.01749706
39.6655197,37.4420929,10.8422031
110.455368,48.7043037,10.52106
108.637184,47.0832443,8.71923637
108.597046,50.0006332,9.84229088
109.499229,48.4685135,7.81545496
111.536461,48.4503326,8.98117161
109.244972,50.271946,7.97544956
110.499779,50.7729111,11.0825186
112.15255,47.3853569,11.1314831
110.484741,46.86129,10.4156418
110.145554,47.2004166,12.6243887
111.333595,48.5053291,12.3377361
109.652565,49.1729507,11.9598656
108.199203,47.8072243,11.5985661
92.7951126,29.4656429,18.147213
93.1177597,28.8421574,16.1260338
94.0708618,28.8634281,18.8417912
93.6955032,27.0498657,18.3554821
77.790535,31.281765,8.3582325
77.8428574,29.453371,7.85426712
75.344162,30.0343018,8.63533974
76.4530029,31.5798244,6.35019112
78.3608017,31.2933235,5.86221838
79.6891022,29.7847366,7.87016106
77.3203506,27.8393822,9.06345844
76.1126251,28.9763184,7.56112909
76.8742294,27.7976704,6.47640848
51.4498901,50.3617516,4.53739548
51.5786209,48.3650551,4.25434971
51.3298454,50.3734283,1.92462552
53.5973511,49.9081078,3.72389674
77.2205124,31.3952484,10.5750818
79.5633316,29.0819263,9.75027657
79.5066681,27.9957409,7.74617624
17.7308311,6.27510071,8.43449783
17.3739052,8.14135742,8.41481495
17.9058628,6.24735308,10.4119511
20.1108494,6.70848179,10.2201004
19.83811,4.87097549,8.74629402
17.7075558,5.22566891,6.24634552
19.2546139,7.08605528,7.4220252
15.5727959,6.64775372,7.80488396
15.6500788,4.68719673,8.67803288
14.4795256,19.961729,7.70946741
13.5798206,21.8262997,8.73295116
13.1381245,22.755127,6.18886757
12.2343807,20.0833149,6.27536154
12.1033869,20.262476,8.62871075
14.1261072,18.3231888,10.85569
16.0256405,19.2152157,10.0261765
12.8130245,18.6290398,8.93449211
14.2813482,20.4322071,10.7528086
14.4053106,20.017416,4.28967667
15.3170357,21.3535309,6.36877346
13.6190815,18.8499603,6.39368153
16.4919701,19.8148727,6.50657129
15.61236,21.0671196,8.84857464
15.5172548,17.802084,8.70811939
15.3517694,17.616209,6.47269535
28.1653786,37.515419,11.5899849
28.9152336,38.9015083,10.0110111
28.0898209,36.4504738,8.65019321
27.0035896,37.2958221,9.76071739
28.5570774,40.2757988,11.9881611
30.7359505,39.2407417,11.3866215
26.8855343,35.7438965,11.0086145
26.0943851,38.5278015,11.1256971
26.669117,37.8213005,13.2986612
62.0206337,51.6819878,8.97004604
63.8363686,51.4339714,8.92215157
61.8912773,53.4141273,7.58414602
63.9842033,53.4159966,10.2364721
55.6934204,52.843998,3.85430598
57.4611549,54.7765999,3.41522956
57.3706055,52.913147,1.72729933
55.2907829,53.9764977,1.55203331
118.398911,24.165411,17.1366234
61.146595,51.1080894,7.0069375
59.9893532,51.3771095,8.93335247
18.8850136,19.5246735,1.53175008
18.3125725,18.968956,4.05081177
16.5649776,20.958437,1.76782012
16.588026,19.1572971,3.00466824
62.8085098,51.0167503,7.24025869
61.3533287,49.8098755,9.82356453
2.92878771,4.15264273,18.5925465
61.8447266,51.0994797,10.9793787
1.95766366,4.57243061,17.3318462
54.3770065,51.2714767,12.5308933
53.7354393,51.952755,10.8568439
56.9709282,51.3962898,11.0682421
55.3953247,49.49189,9.88354111
56.3981857,49.345726,11.9323759
55.0365677,50.637394,14.0965166
53.8726616,52.7666016,14.0408239
53.2354393,50.1074028,13.9697752
52.2555733,51.7206535,13.0418224
53.2305412,54.0183716,12.7127047
55.8952217,53.1384583,12.9784136
10.5149822,19.0436325,8.7094326
11.3086987,20.3334484,10.9559135
9.82086563,21.0387726,8.54100895
43.546978,58.5476151,15.1820421
45.550827,56.6685333,14.9366093
43.8977623,58.2833481,13.3649712
45.9710846,58.424263,13.2359819
12.326889,18.5620842,11.1666126
90.3738785,22.1523342,1.42852688
90.0788879,22.0010872,3.54755998
91.1552353,23.4242058,2.06245375
88.8403397,24.1320515,2.12819386
39.6404572,43.1052361,9.16147232
40.9835052,44.1955147,10.2533607
41.8341789,42.4282913,11.0492878
42.5389557,42.5574303,8.70391273
37.6922035,44.1884079,8.67404556
39.2912636,44.8770943,9.52429867
39.4038124,43.4641075,7.32595539
37.6685638,42.0579681,8.87876034
92.9050903,15.7014055,8.14836884
91.2237778,16.9873943,10.2954159
92.306694,18.4953575,9.10665989
91.4392166,16.9938641,7.93986464
93.4390564,16.2888737,5.37558937
95.1497192,16.6818333,6.7753253
93.9498062,15.1201801,6.55764771
90.2582092,15.3717117,9.08035469
93.1356812,14.6245985,9.82943439
92.52388,17.8443527,6.44743061
94.3300552,14.4450111,8.3510561
94.5619888,16.6005783,9.03451061
91.6110382,14.1278315,7.93263531
91.9048386,14.2317762,5.58877134
90.6846619,15.4417496,6.85408115
117.404243,58.2855377,17.4228191
116.302704,56.1494789,16.9731579
116.005089,57.5551605,18.0372982
116.65963,57.3771286,15.5561762
26.5383663,52.4563484,12.193924
24.5594482,51.6989212,11.674428
25.1306801,49.9680252,13.2083406
24.3670731,51.5747757,14.0891962
26.7254486,54.9584732,11.3907986
26.7492256,53.2636642,10.1970758
24.8441029,53.579628,12.1593256
28.4297295,53.2635727,12.5524902
27.6486473,52.179203,14.2993793
28.8975925,51.412117,11.9096861
27.7214737,51.0807381,10.4100227
26.8911095,50.6463242,13.4914389
25.7018661,50.2778397,10.9973459
111.637566,27.9957104,10.0923872
110.703598,32.3434143,10.7201395
108.420944,31.0636101,11.0232105
109.406731,32.4213905,13.3990669
111.415184,32.2218094,12.7079363
110.444328,30.3930874,13.4480019
111.638641,28.5946217,11.9441319
112.081253,30.8958759,14.2390833
110.196404,29.3421364,8.78566742
109.359169,29.1473923,11.1724749
111.807785,39.710453,12.6100512
113.667976,39.3092842,12.9043283
112.857727,40.0264778,15.139122
112.056442,38.154274,14.3440456
109.979218,40.0953369,12.3007536
111.674911,42.5795135,11.8787642
111.794464,40.0485306,9.5454855
111.770973,38.0775909,11.8951664
110.052315,38.0954056,13.3639383
113.562828,41.0665016,12.1618776
113.580574,39.8769379,10.3952904
9.31109142,35.5672798,7.93193674
9.41771603,33.9749832,8.8195591
7.89153481,35.098526,9.3095293
7.05355358,34.7888641,7.52464819
7.85657263,37.2637596,8.15227222
9.45095444,38.0769539,6.68405485
8.55251122,36.3342247,6.09938908
9.4830761,34.0279732,6.58898735
11.3147736,34.6860123,8.74795628
37.0497856,9.18618011,17.3961048
36.0017586,7.77193928,18.9888077
92.1996613,31.2592583,12.0716629
91.5589294,32.4656334,10.0871162
90.4655151,32.0821114,11.6696291
89.7669907,32.0884743,9.2257843
93.5058975,33.535408,9.92703056
91.5715027,33.8374138,12.1251841
94.1710892,32.5622864,11.8878155
93.6079102,32.6498718,7.76309538
92.7459793,31.026247,10.0431252
55.4453468,36.9383163,18.6832314
56.7311974,37.7746124,18.643652
56.8781624,35.9507065,18.4059963
91.4433441,33.2683907,8.12898922
90.3813019,33.9453545,10.2023153
82.1509247,31.6082096,9.87499046
84.7292786,31.3430328,10.8900146
82.242157,32.8307571,11.62115
82.8804474,30.6017361,11.4457779
80.1463013,31.6100483,10.0236931
80.8070831,31.2051735,12.0999575
83.2629318,30.1877346,8.98863602
83.6261215,31.9020309,8.79333782
81.3405075,30.4578171,8.08169556
81.477623,32.4454308,8.34841347
82.2439651,28.8458633,10.1581802
89.2042389,17.6442928,9.481143
89.7339859,15.3336582,11.3242455
87.8263397,17.6881924,6.60897446
89.0216217,20.3591461,9.81123924
90.7631989,19.6414967,7.78767633
88.6839981,20.4998455,7.68819714
90.9444199,19.7551689,9.91919422
79.4202347,38.4121628,9.77315617
77.7581863,38.2798309,8.07837677
78.8591995,39.8666115,8.36581135
80.0079651,36.879982,8.34362221
78.7756958,37.9972343,6.38882113
78.1367569,36.6466217,8.46406078
77.5519943,36.9138947,6.04908752
80.5667267,39.1076355,7.89152241
78.9263763,40.0052299,5.99530029
77.3810577,40.2254524,7.46610737
77.0954819,43.5147285,1.8404932
76.7253723,43.2510071,4.01674604
75.8940582,44.1352348,1.58121645
74.6482925,42.0886307,2.30609488
57.9447708,46.9182587,10.5447674
59.4875298,48.0394897,9.89156723
58.4990158,48.9702835,12.1668739
60.2222557,48.1663704,11.7544975
59.5525246,45.0015869,11.2594547
32.9872055,28.1347389,17.977459
34.3063126,27.0649166,15.8733711
34.2609329,28.4140854,18.48283
34.690052,26.179657,18.3680725
58.9483871,45.8312607,8.34572601
57.3916817,44.3574448,9.07153034
58.8328094,47.6677437,7.84199524
57.9036636,49.2867508,7.89460564
56.3682251,46.5286026,8.88994598
35.8756485,28.3829288,18.6739063
35.5342979,28.4438152,16.2581062
42.8513069,45.1167564,7.75132465
43.1581039,42.7151566,6.49725389
43.1328011,45.9116478,6.07839251
44.2879639,44.3257179,7.4366889
44.0252151,44.7755013,9.60595512
45.2833176,45.7493401,7.6162529
45.8721924,45.1034813,9.93989468
44.7621841,42.5923004,8.61005974
45.485611,43.1927338,6.44653463
35.3834839,49.327652,4.20285606
35.131649,50.9686356,3.39117217
33.4047394,48.6962662,4.25427389
34.3238297,50.9371223,4.91613102
69.7130508,49.7972374,10.266757
70.4119873,48.0637627,11.2107172
68.7506027,47.2865143,9.00297356
70.5606613,48.3837509,8.85952568
4.78019094,3.01161385,14.2902355
6.39999676,1.6000011,11.600009
4.66850042,1.45843649,13.3259535
4.82510853,3.33578014,11.4001541
72.5085754,50.9884262,9.54322243
72.6263809,49.1312599,8.65154552
70.4933624,50.5836143,8.40908909
67.541832,49.2105675,8.60902691
69.119133,51.669487,9.02274036
52.7350883,38.3949089,12.0065527
52.4337387,39.7594757,10.5096684
50.7878876,38.1380997,12.1972189
52.3902512,40.093605,13.7431602
53.179348,41.5834732,12.7549419
50.2035866,39.9524841,12.123498
52.14254,41.6073494,11.0868168
52.8537331,38.9144325,8.57398891
54.7484436,38.9598618,9.30822277
54.3679237,37.8412094,10.8721533
50.3734207,39.5061302,9.97651958
51.0875931,37.5290565,10.0307779
91.2604446,19.4703159,18.1778908
90.8615494,42.9983139,11.3990908
92.5849762,44.872448,10.5587702
93.2448044,43.847126,9.12422466
90.8003464,45.2799339,10.0470362
31.6080437,24.3578472,1.30575716
91.4913864,45.2758904,12.2937069
94.1230774,46.5645523,9.07566929
92.1937256,45.9583206,8.53059769
92.1814423,47.094101,10.3304996
2.2679863,5.83499908,18.6731167
94.3056641,44.3196297,11.145092
93.8355637,46.1182938,11.4173155
93.4932327,45.631237,13.6104803
91.597168,42.3584862,8.52440929
42.2682266,45.070282,11.9968481
41.8518181,45.6787605,9.57352924
94.2986984,30.6079788,18.5571289
95.7234802,29.3363285,19.0333538
94.7124405,29.9656677,16.8175907
41.265686,46.4389038,12.2878294
39.7533264,47.1099281,11.1786261
40.2474442,44.7093163,12.0620184
39.7665558,42.9387932,11.1010475
3.44080305,2.65122509,1.27395415
4.59285831,32.5806465,8.3813715
4.54014921,33.6486778,11.5043564
5.00881147,32.0981026,11.2640419
5.8437171,34.3248024,9.25170231
118.347534,10.2928085,2.9679594
117.151154,10.5866375,5.24785328
118.555122,11.801486,3.08207226
116.797401,11.8601561,3.82403684
36.3104286,50.0274696,1.58975947
37.2938538,48.0149918,4.18465376
38.3531113,48.1050873,1.86891699
37.7826538,50.400116,2.37807703
8.51901436,32.2811775,8.15251541
6.71584749,32.134903,9.73841476
4.95305729,34.2084808,7.38379765
89.4627075,48.6134033,7.15853357
90.158226,47.4150352,5.28881407
89.1070709,48.6196289,4.16808367
90.2097092,49.4002037,5.4780302
91.5039749,48.0553932,6.5061388
90.2517242,40.0132484,11.4210062
89.8233948,41.5575943,12.5574255
89.6056976,40.9116936,9.88556099
88.0597687,39.1283531,11.3783894
88.7635422,43.1488266,11.5705442
86.9259644,41.0268898,13.3208961
89.361618,42.7609444,14.0337915
48.5105515,34.871376,18.5349846
91.0825806,41.6777,14.1719542
92.0432434,40.5772438,11.4308329
90.7267761,39.9081192,14.1186152
89.166481,40.5364037,13.6002588
90.2680359,25.2585907,5.68839502
88.8041992,23.8393078,4.40462446
88.6535034,25.8844528,6.2958951
88.5527496,25.8770561,3.74657202
91.1741486,23.5214596,4.2792654
91.2435226,23.7609253,6.53463078
89.1343155,23.6303329,6.53009701
90.486763,24.819294,7.8350544
92.8567276,24.9334526,7.22202587
91.3280869,27.0051155,6.55495167
89.1067505,28.7902012,13.1193104
88.4671631,27.0690098,10.2099695
89.6825638,26.2626724,11.165185
87.3996201,27.8011246,12.3475771
90.299469,26.1914577,13.5396147
87.190155,28.0063953,15.7609215
88.6608582,27.0614853,14.6482248
88.2091446,29.2510414,10.4496622
86.876709,27.9139309,9.08653641
86.7155838,30.3340073,11.3090734
87.3228073,25.7778053,13.2803602
86.3166199,25.3602428,11.2446165
85.5754623,27.2344341,11.3694286
73.1610489,40.943737,7.63403797
76.0316315,40.8451691,8.93252468
73.8240814,39.5656967,8.65829563
75.6762085,40.6308403,6.49048758
74.2572708,42.0093689,9.26881123
75.3165817,42.4741096,6.89931011
73.8505859,39.4716415,6.20592356
73.4717331,41.1034203,5.57296848
73.3359528,43.4289932,7.93120003
72.1149826,42.0987015,9.00279903
92.2253342,16.8547211,11.8581543
89.4594269,17.0124989,12.5201254
91.1520767,19.4780769,11.8618603
93.2360153,19.5140877,10.9690208
93.9996796,16.6454353,11.3473463
93.3683243,18.687542,13.3666267
91.7318497,14.6791449,11.4327621
7.33943939,58.5539627,15.331975
5.642138,56.2383728,15.5628891
6.16381264,58.1954269,14.4921713
6.53927565,56.673378,13.4319639
93.790802,13.6627464,12.405139
93.5804672,16.5669231,13.5047436
26.3405094,11.340167,18.3742523
26.4799557,11.0537271,15.6631432
25.1760464,10.1707907,18.2745609
25.4595852,11.5577383,16.8400974
99.7017212,49.9445,10.6913137
99.3469009,52.2679443,10.9201775
101.940796,50.7608528,11.5290823
101.746071,50.3656235,9.83178139
101.073578,48.8641205,11.665225
99.728508,49.0207062,9.03727436
99.7285843,47.4986725,11.7093449
97.7636795,48.528595,11.1634684
100.021194,47.2100296,9.71379566
97.5055313,50.8508873,11.7943201
99.4370117,49.8285408,12.9486609
98.4094315,51.0545235,9.5371933
35.4949608,23.8522549,10.9213009
35.7545815,21.2260513,12.3613071
37.1150703,21.4249268,10.9002199
37.2990417,19.9616375,12.5953188
38.2948456,21.5529976,13.1585245
36.0082016,20.8655033,14.5569162
34.5882645,19.3999367,13.2923431
36.6260719,23.2193012,13.2594166
34.7084122,23.0682507,13.4836025
111.179062,37.7474098,7.57150984
113.9785,38.5692177,6.96551323
113.184914,37.2575188,8.19032478
111.411812,37.8274193,9.52781487
109.973328,40.2937355,8.68954468
111.892021,39.7100716,7.12092876
1.42217577,6.65148211,17.2953339
110.07637,39.3565025,6.09943485
109.074883,37.6352654,6.43185568
109.380035,37.85532,8.7149229
109.91256,35.6805801,6.82680416
52.825779,36.4720078,5.54047441
53.1421776,38.3759079,5.8582468
51.379158,36.8405075,7.95441484
54.035305,36.8137321,6.91385221
53.1470451,36.5342636,8.56382084
51.8063507,35.2992592,6.86091566
53.7869339,34.8123894,6.69514942
54.3787918,35.261261,4.69696474
55.7384605,34.5925636,5.81884193
55.5449257,39.3455048,6.60201073
56.1517105,37.4776154,8.07161808
55.2019691,35.34235,8.1134901
54.7235374,36.8935127,5.25534058
88.0885849,21.4707413,11.6507664
86.5247192,23.0954533,9.98936081
88.124321,22.8602715,8.52580643
101.401176,36.7835236,2.45805526
99.2587814,35.8862495,3.54906368
100.460342,37.6541748,1.5581311
99.3197937,35.7616653,1.76602793
1.38486719,11.5908327,16.7002506
86.4845352,21.5340672,7.83737803
14.5334797,8.54153824,11.6584816
15.230382,6.71262026,10.0033035
11.3315639,9.75191402,8.00261307
11.2973986,7.97162724,7.84734917
1.93741846,10.1231852,17.4210892
3.20492291,10.7306623,18.693119
12.9481497,8.40260887,6.86816025
15.2171612,8.64310551,8.22004032
12.9871969,10.4568052,8.27371311
26.5802612,48.6955681,6.53403091
51.5265121,45.386898,6.65036106
50.9864731,45.5704422,9.00062656
51.4709396,43.0374527,6.47753239
52.5463715,44.5885429,8.87535858
93.6977158,9.40885448,9.95151329
95.0205383,8.19941998,11.0537071
96.1872559,9.23077106,8.31680107
97.4035797,11.4182625,13.412858
98.2386398,7.75691891,9.8568716
97.2382889,6.59535599,11.992322
96.413002,6.96914053,9.9667387
97.9908981,10.6903162,9.00600338
95.6070099,11.6630278,8.6628828
104.869255,37.2942696,7.6509037
103.87516,39.432682,6.63044214
105.62278,40.0704002,6.32290649
104.813454,37.6360245,5.50605154
106.530487,38.2737732,6.19520092
106.516289,37.9368324,4.15328312
105.5998,39.8614922,3.97684789
103.658264,36.0265236,6.52942896
102.609177,37.7993698,4.28830194
103.224716,35.8585167,4.28027534
105.689423,35.8213997,4.24569273
105.894333,36.3539696,6.44498539
87.7349701,37.8419075,5.78788948
85.7696762,37.2116203,6.22567511
86.7102203,39.4086876,4.81053829
85.6824112,37.3956795,4.01408052
89.2002792,36.6671562,6.00151205
87.0014038,35.7342682,4.18639994
89.1573715,36.8095093,3.8510406
87.7065506,37.9559708,7.71450233
89.2211456,39.1358261,6.29266024
86.6268463,39.5872955,7.00359631
88.9411774,38.8632812,4.36109638
15.2368145,50.0708466,6.34692621
17.7193336,52.6191444,6.48770857
16.9776134,49.7559586,7.95713329
17.0146408,49.969223,5.98102379
16.8602886,51.4821625,5.21223021
19.2280426,51.2825661,7.90445471
118.727623,58.7085457,9.4146204
9.85367107,52.6783295,13.745575
9.60592937,54.651638,11.7597685
7.99637556,52.2563095,12.0556097
8.71591568,55.467186,13.4822044
8.10202122,50.5671196,13.0814619
10.0618725,50.6012764,12.5765629
7.19827747,52.3490601,15.0045137
7.66860247,51.2574158,10.0637884
6.12351227,51.5155907,12.676816
5.14866734,52.1759682,10.2805471
8.39671612,49.9702873,11.5207901
89.6700592,43.4388962,8.63041115
88.0425034,44.5591087,8.94169044
87.1895599,42.7436333,8.9348793
88.8008575,44.7991066,6.70200682
90.3593292,45.6040077,7.68609381
88.9463959,46.2310448,8.97424603
99.9423981,51.3761826,7.79918098
101.013191,53.5506363,10.227314
102.196861,52.3709602,6.97798252
100.081276,53.4627304,7.6986084
87.6529846,43.4804039,6.73319483
99.2507019,45.6743584,10.1185093
97.6719284,48.5875244,8.82052326
78.4803162,44.1488876,10.3158741
77.7489624,44.6282578,13.8720732
78.0434875,41.8085861,13.4144068
79.6376648,44.3118057,12.0846176
23.3312874,38.9398117,16.1482067
24.0360794,38.2063065,13.4309464
22.9769211,36.1322594,15.6971178
21.9277534,37.7334404,14.8476095
100.243706,43.574688,10.0376501
99.1116791,45.0849228,8.00500488
97.9491196,42.9474983,10.0035839
101.382751,44.9142723,8.02785492
101.898361,44.6851654,9.7693367
100.676147,42.9844933,8.35385895
99.2878571,41.4968605,11.4366198
100.116493,41.2468224,9.06775665
101.277428,46.2918434,11.6319332
99.8847733,44.2974091,11.9663057
102.616325,44.5296135,11.5216551
101.300926,42.2192001,11.1684656
98.7629395,43.2419548,7.99212551
60.2331009,49.9860535,12.3510103
59.028019,51.3135033,11.0125332
61.9671402,48.546032,11.5740833
63.6467781,48.6707993,10.4191952
61.1952705,46.8617325,9.3285141
62.1509743,48.6463776,8.38735485
60.5441742,49.0846939,7.79660702
72.4001617,48.9271355,10.8725033
70.1690903,53.2622528,10.1683254
72.5000076,52.8399277,8.2801075
74.6004486,51.5920906,10.7470064
75.2273102,49.8205681,9.99116802
69.7436066,51.6657066,11.7011127
72.2508698,50.7623405,11.9711046
74.894043,51.4489021,7.85043955
74.448288,53.2478218,9.55017853
72.7360687,51.0541725,7.15557194
72.2428665,52.8572578,10.2569761
63.6526108,42.5532227,11.4024315
62.9043579,42.0373268,13.3534584
65.3961411,41.7027435,13.4490194
64.1391754,44.7322807,13.6979761
61.8751793,43.6101341,13.2842026
62.5735245,41.5519447,9.96413422
65.1577606,41.5401726,8.69717693
63.4951744,40.6571159,11.5234327
61.8186188,42.9950943,10.8459702
61.6931229,40.8080368,11.9388618
63.1964188,43.3773384,8.79301834
102.711464,9.30493259,9.57831383
104.008736,9.7578373,11.3448095
103.508972,7.84276724,10.488163
105.095009,9.77253151,9.01642227
103.3918,10.7309885,8.15243912
104.109238,12.4335985,9.42161465
102.190086,11.6025276,10.0788546
101.411781,9.21639538,7.84948301
101.992905,11.6696873,8.02378464
21.7892036,37.7899361,16.7746086
20.9378052,35.9899063,15.5212593
82.9290466,28.8615913,12.3664408
84.5722809,29.0639668,11.1687241
82.2120361,28.7697735,8.24958706
102.688591,6.14280081,12.2989006
105.140434,6.41670322,11.9868546
104.393547,8.13942814,12.6505871
102.674728,6.05719519,9.62443829
103.010361,7.83027554,7.83282948
100.512062,7.631567,9.15708256
101.669708,7.11427402,10.8067856
104.639862,6.58347178,7.75471926
28.3378124,25.4823971,8.84449005
27.6778164,31.4347057,10.7423744
28.1383228,31.7445354,8.225667
28.9178619,30.1159954,7.71518564
26.5761909,23.4518852,11.7462206
24.0387917,24.1309338,11.8584576
24.6149063,25.8039513,12.0022097
23.8612232,26.4270267,13.9561214
24.8209343,28.3963089,13.9441843
22.9754391,27.8622093,14.0522747
22.8479996,25.7785492,11.9536238
22.5186996,25.3666058,14.0609474
22.6729527,27.6915913,11.8253641
26.1601925,25.2836285,13.5051079
22.8609543,24.9616032,9.78869343
106.055717,8.18221951,11.6224861
106.801834,9.1514225,13.2593555
107.611305,6.849226,13.5003691
107.533829,9.62659264,11.3552589
107.119621,13.2052469,10.951251
105.619957,11.1390066,10.9247789
106.363831,11.5048246,13.1795139
106.748352,8.25249386,9.35604954
107.597137,10.2447395,8.92446041
4.09791374,4.22656918,9.93195915
3.15118885,3.0516336,11.537694
3.24963546,5.42220545,11.2394829
107.397552,6.47039938,11.7329464
80.3403931,46.5168953,11.7367439
82.1739807,46.1330414,8.68066788
82.2474213,45.9474297,11.1733255
81.2356644,44.3199921,9.78268719
79.3557663,46.2731628,9.85614967
78.13797,46.13834,11.7152834
76.5355606,47.2997437,10.111599
77.0766373,48.9004822,11.0618782
79.8170471,48.1945419,11.4055605
81.7385788,48.3499107,8.71709538
80.3384857,45.4132347,7.77538204
78.9013901,48.113472,8.66494083
8.27259445,19.4510212,8.3858366
8.12284374,20.362875,10.5373859
6.49914217,19.3032665,10.1674137
8.35021877,18.5041122,10.6055183
8.72128391,17.0850735,8.35397243
6.69668818,17.8349285,8.22789955
9.90388966,20.6111107,6.26380348
22.7232628,35.4885597,18.6026154
22.3737183,33.832386,15.9826918
21.1284409,35.9585266,17.7801418
89.4650574,27.8665695,8.20513344
89.6696701,29.6955166,7.90588999
24.9038963,38.2972679,15.7247143
23.2363491,37.1395836,18.0462284
24.7816429,36.109024,16.1270657
26.6817226,40.8442421,12.2557373
24.4177914,39.8370399,12.4232273
26.4276638,39.5263176,13.479744
25.5576134,40.6712112,14.7639399
26.8881931,42.6370735,13.1852093
28.6642113,40.2506943,14.1517696
24.689188,34.067009,15.5155792
24.5766335,33.8117943,17.6254997
24.6122932,42.2250023,13.7717733
27.2472534,42.0829048,10.7213545
29.5015697,42.2272949,12.184598
112.200813,7.33703995,11.2789106
113.411499,9.13592339,12.0048065
109.666061,8.91991711,12.4489708
112.52729,7.8810935,13.2870731
111.592094,5.00143766,13.0879478
24.5153961,36.1585655,18.2688198
114.409653,6.67635202,13.5490456
34.4341927,53.2865982,9.91236687
29.2558479,53.3185234,10.2707052
29.7355213,51.3240738,8.16659451
34.1360588,55.2193527,11.439703
11.6395702,22.6856499,8.81894398
12.0089121,23.3171558,11.172019
13.0552835,21.2685547,12.1166792
4.45159721,22.3495388,16.7714653
4.49145746,20.2705173,18.5979977
5.6502409,22.2009354,18.6184711
3.39260483,22.6606216,18.6216755
34.8716888,58.4996223,9.83289719
15.0029087,23.0970402,11.0206432
15.9082546,22.1370945,13.7254515
11.5264139,22.067276,13.3351574
12.3482275,23.9229851,13.4158649
13.6801357,21.8490295,15.6268139
27.8245525,10.2418461,3.32542467
29.9167633,11.5266647,5.91556501
29.1108284,8.99738884,4.48918962
30.2764015,11.5357018,3.48089361
14.331111,23.2279797,13.4479418
25.0498734,54.7990189,13.6392756
23.7409382,55.1279526,11.2672768
25.607338,55.0941772,9.54575157
26.3751144,56.7137909,9.75100517
27.989172,56.8226738,11.0631237
27.6888199,55.0947838,8.61979485
27.8544865,54.9357529,13.2220545
26.0367775,56.8021851,11.7851772
32.6209183,39.2050362,12.162075
35.0397491,40.7721786,12.7601814
35.3131485,39.0356026,11.8564682
35.2260323,40.9088211,10.4448624
34.9311638,39.0353889,13.7838631
32.514679,40.7823219,13.2225409
33.7984657,39.5462265,9.41327667
32.174202,40.8141708,10.9275427
33.8022079,37.7369919,13.4975901
30.961298,39.2318878,13.652565
30.9052696,37.1767349,13.9286776
32.7910652,37.5341301,10.9613209
32.680584,36.2141838,13.0633736
15.4425774,12.5168037,9.99341583
14.7106133,14.184907,8.82479095
17.5830631,14.2672768,9.84570026
17.4928093,13.7616482,7.88569784
30.9958191,9.87226868,4.80298281
31.229475,12.5770311,5.29683352
17.0791492,11.9934664,9.96949577
17.0190067,12.024601,12.0149822
15.079834,10.4411316,8.72585869
15.2861357,12.2179022,7.82828856
13.1591749,12.9441633,8.85437679
13.9343319,13.8193007,11.1556931
33.7302742,36.1447906,7.21595097
32.5969048,38.4147148,8.07426834
33.8304977,36.6940231,9.50203323
34.4660187,37.7636909,7.9792695
33.4358063,34.784626,8.929533
35.6017838,36.2109947,8.39065075
34.2193108,37.3885422,6.06025076
60.6456909,37.9788704,10.3772469
60.9807014,36.3060074,8.82329559
60.1301575,36.1127434,11.4005642
61.5729599,38.2218132,7.54098272
60.9493065,39.7686958,9.99548149
58.8768921,38.0096283,7.78092575
58.6815338,39.6877022,8.99766541
28.5856533,12.7144337,4.5106349
29.4936047,14.5957794,6.40786648
16.7820702,17.3546467,11.1637421
15.1292467,15.9779968,8.73307228
15.4814577,14.9236898,10.9605608
14.6567202,16.2856159,11.231616
29.9476395,9.37610245,8.00167084
30.680439,8.47636795,6.33834505
28.0668106,10.1440983,5.76036215
13.0859251,15.6790724,9.05050278
12.8887653,17.1269073,6.70045757
17.0205326,16.5108948,8.79394531
17.3969822,15.7263136,6.68015909
15.1902027,14.6433773,6.47133589
94.7421341,34.3375015,11.5477781
95.9124069,32.0985756,11.6915598
97.2697449,34.4896507,11.3700361
95.9497375,33.0355644,13.6802216
95.2236862,36.4904022,11.2194662
97.3590927,35.8371468,12.5973692
94.9617767,34.1757812,13.5708399
95.3433838,36.1703682,13.1735001
93.1392975,35.5414734,11.6805334
54.2160454,40.4065323,11.0572309
53.6156082,40.6755219,8.88008976
51.4093361,41.4830971,7.59395742
25.7897415,7.63861418,11.3320065
24.1905766,8.25922871,12.2845945
26.6198711,8.5577507,13.1452961
25.1295719,9.93911743,11.4616795
21.894455,8.19423294,12.1263227
23.1017475,6.95547915,9.91213894
22.1794376,5.29387665,11.6385098
23.207819,9.75676632,12.903204
20.2455578,9.75494385,11.203063
23.1556339,11.1370163,11.2975006
23.1729469,8.96567726,10.7139893
21.2822838,9.24775124,9.45782185
28.6609001,14.7704153,9.06714916
30.7632732,15.3682337,11.2033367
30.5459671,12.5818834,9.68784714
31.9628506,15.3317604,8.40034866
22.2934361,9.14190006,14.4834995
89.7524567,46.0431747,11.8311806
87.2253723,45.8790245,6.64986753
86.8147583,45.8190041,11.2384501
85.8971939,43.8023376,10.7174664
24.5800343,16.1137371,7.85452509
25.079937,15.16891,9.78417492
24.7721977,16.2536297,11.9289131
22.7958221,16.6616936,10.0539999
20.6201382,14.7127857,10.1146975
20.9380474,17.134243,9.02129745
21.2057838,15.214427,8.24762058
22.7624779,16.5873489,7.93655396
21.9277687,19.0358486,8.71802902
20.9682331,16.6526566,11.4286003
23.0688972,16.9226933,11.9724569
21.3128033,18.6204433,10.9074955
22.8261662,15.1138086,11.9826927
23.5576591,14.1967678,7.77253437
22.5959969,13.3892612,10.0784979
103.202255,55.4473343,8.61218643
103.910004,58.411232,8.58055019
102.131371,56.8569679,7.15945244
102.656075,58.4129601,8.82435036
106.004036,4.86383724,14.0170088
109.298233,8.99977398,14.9821568
107.682022,7.02674007,15.482789
109.544075,7.21855307,14.252677
108.393318,4.57616711,14.3328218
104.336411,56.8594284,7.3584342
105.078758,55.183239,8.11421204
104.117012,56.9233055,9.98993015
109.960716,6.88769674,11.1128178
109.540565,5.30896568,13.4050055
109.333031,5.53564215,15.7181835
101.706085,54.7582092,6.11529064
100.104752,55.1293678,8.56805801
83.5041885,33.8406487,8.53974056
81.6349792,34.3642006,8.86344433
79.4560623,31.9978046,7.90753794
79.2035675,33.6389122,6.59570789
80.4336929,32.1030998,6.12239885
82.7228622,31.7805443,6.6547122
79.2118912,34.5409393,8.78479481
54.0221825,47.9218941,8.31664085
56.1162643,49.5831985,7.89122629
56.2444534,47.3183022,6.72840309
54.6385918,48.6773453,6.15607738
56.04842,47.4094429,11.1800537
54.3064041,49.7520103,7.92781353
54.0932159,46.276001,6.16455221
51.8867912,47.7512894,6.11611843
53.5880203,49.913517,5.98623323
102.360161,56.2169266,9.90831947
9.97568989,9.4330101,9.52576447
8.45933437,8.70779037,10.7775345
9.42977524,11.6741447,10.0555115
6.54684639,10.054491,10.0075483
8.05512142,10.8367558,8.75461674
10.6227989,11.5205669,7.86168623
8.83631611,13.0362835,8.58181095
10.0574522,13.992137,11.4565458
1.47679842,11.5346155,15.3106365
43.2060966,22.3028069,10.7650957
44.3128853,23.6656208,9.96784782
45.242321,22.1885338,11.6422157
45.0689888,21.6951771,8.66790199
27.5483112,33.1907234,11.8030071
27.1192513,32.8905067,13.9530087
27.1645489,31.0896873,13.1242161
28.6773186,32.0584183,13.9933167
42.523941,24.2806854,9.44303703
44.234108,23.33494,7.99947643
41.6332741,23.0806446,8.06499672
44.2694626,21.5659904,13.6615105
42.3879738,24.0827827,12.87292
43.9373703,23.460413,12.3149843
28.4248772,33.8736992,5.73186207
30.2490559,35.1491928,5.93852139
30.9193954,32.9181023,5.40542555
30.7080879,33.2030716,4.09676981
43.1516342,19.5620193,9.7940855
41.6569138,20.7414894,9.87853622
44.1534004,20.5316257,11.0884867
43.3286552,21.1059017,8.23550129
7.31168365,22.8440514,6.69747305
6.23492146,20.841917,5.25108051
7.95416117,21.6114025,4.59745502
8.17205143,21.1401501,7.10176992
9.57122612,22.3749866,5.42697668
9.94988537,22.8814583,7.64786625
8.52115631,23.2153072,9.57897472
8.48060513,25.7990227,8.28666115
8.51531601,24.1433735,5.91157818
6.36570311,21.6166573,8.06319618
7.27528667,22.9037609,3.29826903
6.87106609,24.4395409,7.71178341
6.98215628,24.8291817,4.92245674
90.3221588,46.8976784,10.2887945
88.1722336,47.3658104,11.4053631
88.7051544,47.9678345,8.69505024
90.0055923,48.8249245,11.1775475
9.45462227,44.0726624,10.0775557
8.40860748,40.8243332,10.3684082
9.93170547,41.1163025,8.79130268
10.9484234,42.6595383,11.1694374
11.2320232,45.1984482,10.2615013
10.2439804,44.3380814,11.7920418
28.7183475,41.0789528,9.98920155
30.8697529,40.5641975,8.47445679
30.1887684,37.3104477,10.9522686
26.9609489,38.8465767,8.79612446
28.9068432,39.8704071,7.88281965
39.8975563,26.6366615,8.54252052
38.7433205,27.3084583,10.2449932
39.6795883,29.2213497,10.0270338
38.7484627,28.2504997,8.13742638
41.5355339,26.102602,11.3379145
40.7454948,24.8921337,8.92130184
38.1758423,25.4741955,8.51705837
40.3817253,24.3517036,6.52189589
42.5680313,26.6072044,6.66557884
40.2417488,26.0939598,6.01971483
38.2999611,25.9626846,6.28859758
39.1000137,28.3278809,6.09553909
41.2082863,27.9922466,6.22651052
83.4586258,46.7839851,9.93019772
83.5171585,44.857029,8.49277306
85.0893021,46.0764198,8.68154049
84.3763733,45.1340675,11.0682726
84.1863327,48.1964722,8.87495613
84.5561371,47.7371025,11.1787319
30.4382191,33.7303581,7.78223181
42.982048,37.4589348,9.7719717
44.9497681,37.455307,8.6068325
44.8519669,35.890686,11.0041342
43.7134666,35.7534943,8.85425568
42.7516289,38.1700554,7.90365744
40.9914513,35.9636765,8.89918041
41.1665344,38.2234383,8.87618637
42.7874794,34.5520859,11.1991901
43.5888977,36.6331367,12.1845074
41.4525719,37.1088448,11.2193899
104.977898,47.6431847,7.9555006
106.205421,49.6890411,8.13605213
104.868622,50.1303825,6.83415508
104.121002,50.2045746,9.20506096
102.868706,48.0026321,7.7480216
102.995979,47.8699493,5.92839861
105.061195,45.4846916,6.62369156
106.959679,47.4534149,7.95527267
105.40345,45.7621574,8.91148281
107.051376,48.196228,6.19959021
39.6722603,46.1692009,8.04684734
40.9234924,44.6939774,7.87206697
43.5861397,47.8483849,8.89141941
41.2983398,47.0525475,8.25505543
90.0746613,38.5898895,8.99568272
88.8824158,36.3697052,8.3226099
90.8046112,37.6734924,6.82495117
102.548378,13.8059435,8.14949322
100.940384,12.7126417,8.11147022
102.197876,14.1088619,9.79933262
103.431862,14.0675592,12.071435
101.749825,14.5412102,11.7666636
28.7864647,20.9193668,8.27025032
29.0962791,20.1860218,11.0662527
27.6292,22.1257401,11.0739069
30.3567505,21.6776733,11.5733995
29.0016823,23.8496208,10.8795958
29.8685665,22.2195473,7.24649334
31.517767,23.9244347,8.8736124
20.0169601,37.8742599,10.3175745
19.6882286,39.5386772,12.4169245
18.4315166,40.4090996,10.9500513
18.0717201,37.3343964,11.1752691
22.370491,37.8911781,9.02378845
21.8071709,39.7892914,9.93767738
21.3935642,38.8677483,11.8371344
23.2334709,38.1279526,11.1315441
20.998661,35.9426117,11.237463
18.845129,36.7768555,8.95615673
19.558588,37.7053719,13.5755634
12.0674076,49.4533005,12.6012573
12.2594633,51.0928268,10.5028648
12.2077494,51.7313156,12.2076378
96.3264236,17.5788174,12.3794565
95.7798004,15.5435524,11.1323948
95.1240234,15.7593699,13.5017662
95.1147766,18.2421398,11.2852592
96.7469254,17.6190948,8.95931625
97.6547699,16.1730518,11.425396
27.2062988,33.0692978,3.90485811
26.8719349,34.8172951,6.14276552
27.3105392,34.819603,3.9557445
95.1251526,17.8987999,13.7656984
94.9681854,19.7415161,13.3800526
97.6421432,16.7894516,13.5639448
111.237534,43.9705696,7.76920843
111.815895,44.5168571,4.89749575
110.072731,44.3644333,6.50241756
111.028778,45.9615402,5.79281044
113.135529,45.0704956,6.8971839
113.221992,47.5975914,7.70450878
113.194046,45.9071541,9.87326622
114.932457,47.2900391,8.52124214
113.072525,43.2131462,7.93994856
111.178238,45.9589577,8.40363598
114.759865,45.8347702,6.06544495
112.786011,47.2201309,5.79764032
41.6605606,30.114151,10.4306774
40.2814941,29.815918,8.03115082
41.8298492,28.1676807,8.61024189
41.1792068,31.4237404,7.99514055
40.1753922,31.4044666,9.94354725
40.8852348,28.0574398,12.3214855
40.712513,30.0314846,12.1431208
42.476284,28.3230801,10.9299583
101.06295,32.5922966,8.69023609
99.4958801,30.4594879,8.91920567
99.2894669,32.392868,6.57768774
100.426949,30.6809559,6.21832418
42.0694809,31.9282913,9.66814899
41.4808502,31.752903,12.023138
8.57859612,32.1086617,10.4426155
9.59937668,38.0413704,8.82170773
7.87884569,37.0375671,10.4646673
6.24429989,36.2802811,9.80198288
6.24139929,36.4009933,7.83409023
6.75446987,34.5603943,11.068819
4.64694929,35.3984985,11.3407545
39.195816,31.4781132,7.93304539
38.2438507,29.6441364,6.07512712
37.7303848,29.8128185,7.94710159
42.3222427,29.4599552,6.41849804
42.7376785,30.279089,8.77005482
41.1714325,31.1847458,6.01839352
77.5650558,35.0728569,9.71529865
79.6673965,36.5437393,10.6548328
78.3381729,35.2725143,11.4441223
77.4342346,35.1088371,6.36136198
78.2104263,33.0089569,8.84380627
76.8911362,33.5755348,11.0427113
75.7065735,33.3038101,8.83239269
79.567421,33.5688057,11.3440504
77.1713638,37.005249,11.4691668
72.9677277,42.8064804,12.4869547
71.0160446,44.0707016,13.655056
72.1180649,44.838047,12.3195105
71.3721695,43.4904404,11.2675648
72.2051392,41.2278404,13.4566441
74.1109467,41.2059975,11.3361683
74.3367462,41.7014542,13.427104
74.2155762,43.9900398,11.234395
73.9346085,43.9031677,13.5071278
71.107048,30.1185551,8.96637821
72.0400772,32.4562912,7.86219501
72.9760818,30.3234673,7.33742952
71.2687073,30.7941341,7.01397705
23.845459,29.6123867,9.86145782
23.354311,32.6316643,8.75786686
25.3145657,31.63134,8.95992374
23.9009552,30.7328968,7.64603615
71.5843887,28.3470325,8.13905144
32.6826477,33.209053,8.42742825
32.0685043,34.7537956,6.49483156
33.9269371,34.0196381,6.77133846
70.2388611,33.1349983,5.29542112
69.6027527,31.6892509,6.31035423
71.7430038,31.8568478,5.34715796
73.1261978,30.597044,5.45765591
69.4110107,29.8250446,6.02487087
71.4307632,30.1052284,4.83227205
71.8448105,28.6728992,5.98684072
63.1046982,41.5537376,7.4736557
61.7625008,42.3848534,8.42673683
61.8953171,43.7601128,6.36315393
61.6317062,41.7598343,5.93416214
26.7463627,32.6849861,6.24208546
26.9796066,31.211401,3.86161113
28.613287,32.1402359,5.94554567
63.2204437,42.2327805,5.17546082
63.9307747,43.2081947,6.59986925
76.9837952,48.9440994,8.70673752
76.0744934,46.5315971,8.23339748
74.9293823,48.244175,10.9872608
73.3460846,46.5715866,11.0490751
76.193367,45.7870026,11.6420031
73.8604279,47.0130005,8.81037045
76.6787338,44.951149,9.96698952
78.1691971,46.244957,7.94200611
94.8738861,30.4945564,7.66698742
96.1398697,28.9842014,10.0140562
96.3430481,31.9838619,9.31352329
94.4873428,31.3406029,9.83847904
28.8497143,32.1673622,3.86227942
1.56380105,13.6824446,17.343008
96.1651306,30.4954681,11.7654028
93.6658401,9.36798382,12.101613
95.319519,6.50006104,12.2315893
93.2322922,7.75982714,12.621974
10.7488194,43.2084045,8.97113228
13.3136492,43.991272,9.00637531
13.9842167,43.8403053,11.3789368
12.2955265,43.7848396,13.4256306
13.0856209,46.0205154,13.1585855
10.5688066,46.6060143,11.3028307
113.423103,50.9367714,8.92410374
113.350464,52.6572952,7.55100679
115.056221,53.38237,8.55498886
115.40789,51.3130608,7.26499939
12.2421265,46.1845284,8.58384609
13.2942619,46.4383888,10.8753433
1.45169306,16.2712326,16.8651123
79.765831,39.9607735,12.4602699
78.2021637,39.0423737,13.5212679
78.9293823,40.5840797,14.6047878
80.4299316,38.3643646,13.9794502
81.125145,40.8351479,13.9534636
112.368622,49.6214714,10.6494865
113.847481,48.3108635,13.2294207
112.16114,50.556076,12.8737707
81.0397415,40.8582458,11.3855276
79.7834625,42.1631889,13.2970972
78.5856247,41.6290512,10.9561567
82.553833,39.7262001,12.0643425
80.4216995,38.0701027,12.0198421
28.5302715,32.4361687,1.33887398
77.572998,39.3279495,11.0851154
22.0560303,26.5477142,9.54066372
21.791832,28.2074184,8.77085972
112.371887,53.4547386,4.99146938
113.017731,54.2956543,7.45763254
113.681961,54.8821259,5.06566143
111.070244,55.2051849,6.76503563
20.6637421,26.5941277,13.3236904
20.3243198,26.3704357,11.0130949
20.8559895,28.0948696,12.306282
22.8547955,29.5869179,11.841053
109.665199,53.6526375,11.4359055
110.504791,55.3166161,11.6412582
108.886871,55.3443642,10.1467133
107.68029,55.1478958,11.6721201
112.987343,54.5377007,11.5453787
114.86615,55.0420685,13.4802608
113.543343,57.1894875,13.0480337
112.7108,55.3764839,13.815423
20.7545509,29.2322311,11.0629263
111.114426,52.2722397,10.0969353
108.8993,51.8890114,8.86110497
14.4074516,32.0463905,8.79664803
12.4776039,31.0094967,8.70548439
12.4031162,31.7128372,6.55328894
14.3550167,31.2873554,6.5794878
17.2356739,31.818697,9.05787659
15.7028713,33.8531036,8.75247478
16.1620712,32.2381516,11.1906395
13.2529135,33.5085258,8.76496696
15.240634,33.2625008,6.73183537
13.5709286,33.3070297,6.56244707
114.21019,38.3424644,4.88627195
113.026237,36.6809006,4.97441387
111.805603,39.246666,5.38689661
113.297379,39.7166481,3.702034
15.2998047,30.2060204,8.83113194
16.5480747,31.6075115,6.74719
64.0304184,49.4910545,7.83399916
63.8439903,47.2652817,9.2150774
65.1661224,50.4214401,9.48246384
63.8149376,48.6007996,12.7796221
66.3518143,48.2874298,11.0382004
63.8791504,50.1471786,11.6937323
62.2138634,45.9475212,11.3029833
64.5624161,46.9914932,11.5987635
61.6169891,53.7243233,10.0234957
3.58893633,14.0622663,14.5677004
1.4640559,13.421854,13.3383169
1.44672668,15.6241913,15.2123566
1.44742537,15.339035,13.3339577
60.6842499,52.4510002,12.5047703
62.2359772,49.857563,13.9499254
7.91794634,45.7288208,13.6926908
6.83382559,44.262249,14.368741
8.61857033,43.1130714,15.1000595
7.94300604,45.7124786,16.8533115
7.77681446,45.9652023,11.3704014
6.72561312,43.8193932,12.1895037
5.16069603,45.3625526,13.6319857
9.03219128,47.2000656,13.0619459
9.82626534,45.1902504,14.2774477
8.55992985,43.7406273,12.9181643
98.9885635,6.2480669,12.139658
98.0016861,4.7663703,11.2713165
98.813736,8.43214893,7.05346537
97.7339401,6.85119295,7.66399527
99.8317261,6.22972775,10.3305149
110.934875,37.7403183,3.31748915
99.7133713,10.2956791,8.78946495
100.46891,9.7524147,10.3585205
86.8701019,49.8495445,7.40199232
85.7893448,51.8571167,5.51212645
85.1625366,51.7802353,8.24794006
87.6565704,51.5531654,8.30877399
88.1040268,51.9222565,5.94508982
85.5466766,49.8703384,8.83599949
86.7739029,47.9436111,6.67056799
88.6306763,49.8763199,8.82326508
51.3673363,50.0831642,9.15826702
50.4617844,51.5745964,10.6049566
52.9450569,51.8739891,8.5162077
52.6979675,50.1561089,11.5881014
53.5737801,49.9323654,9.76702785
54.5197868,53.8095856,10.0813684
51.4850998,53.4771881,12.1287231
114.773804,37.0338326,5.97137213
114.806992,40.0090714,5.90862417
116.642441,37.5036507,7.27755213
116.813026,39.4402618,5.4494772
19.7636127,30.6257019,11.9979868
19.0248165,32.0678062,13.343647
21.1426258,32.0311127,13.4332857
21.2194767,31.4521408,11.0797691
117.081772,38.5813828,4.00069237
19.7195091,32.4844475,10.1752815
18.0661983,31.9159584,11.1313772
19.3468475,31.4747105,6.82275629
21.5402241,31.780241,8.81380272
18.4991093,33.3431778,8.94722652
19.7127953,30.678009,9.15193462
82.7500458,22.0099354,6.60265636
81.3155518,20.7096176,7.28456116
82.5765457,21.6047726,8.92718697
81.1199036,20.5332432,9.7881546
85.1786041,16.5421963,11.756958
85.205307,20.4758263,6.61293077
83.229126,19.3520355,6.05312777
85.1359253,17.0818768,5.75410461
82.7269745,17.04702,7.2928462
17.3810215,37.8768578,3.41060495
15.4007654,38.3855515,1.58568168
17.1282597,39.5518456,4.26108551
17.0237141,40.0748482,1.54008055
19.0436554,38.8721504,4.14758778
19.2899323,38.9265099,1.87627542
15.1080532,36.6203156,3.02078223
15.8362951,37.8029366,4.20390415
16.1557617,35.7910385,1.60373974
16.5416203,35.9133453,4.17283773
18.8075714,36.4401016,2.0712626
95.0574875,22.0810204,10.9891138
95.1492691,24.0094337,11.4218874
93.6690903,23.0698318,13.7318449
95.0309982,22.0886517,13.4104586
92.7875671,21.3128948,11.8309832
93.8419724,22.987833,9.24017429
92.7279816,21.3740177,9.23564911
93.1714172,24.2432556,11.2201948
97.0045776,23.9508305,11.0500469
118.423378,35.6665306,13.3476267
94.8435211,20.433672,11.1510906
9.53875446,23.6342659,11.5944958
9.73263359,21.4134007,10.9041996
8.7768259,25.3610172,10.5034571
10.8600845,24.4363136,8.96488285
9.78206158,25.7073193,13.4609575
11.1647263,25.3307095,11.2686586
93.9881821,30.615694,12.8774004
92.6789398,31.1508942,14.2518263
94.8123703,29.6615353,14.9695206
93.1186752,28.9530277,14.0155668
17.5389423,22.3978367,12.4107733
16.505024,20.9797916,11.1717005
18.2822819,20.4619141,11.1922646
17.1669807,20.4913025,13.6051188
15.3747034,24.575304,12.2130756
16.9954739,24.4922352,11.2577391
115.20195,34.6109848,5.93485355
115.258858,35.8206253,8.68476868
92.3142242,12.6818485,11.2064953
94.8823471,13.6905928,10.0961151
93.7892685,11.8105612,10.1176138
92.5191956,12.9093151,8.9311657
36.0624504,41.1227875,7.89049721
35.277832,42.4874001,8.8460083
113.427872,37.9785995,10.1517096
114.834755,36.3354874,11.2240372
115.37355,38.0333061,11.5250874
39.1147766,39.143055,8.44414234
35.8349762,38.8592873,9.88031292
2.88534331,15.2504835,16.2853374
3.7584765,14.5312319,18.388195
2.48362112,15.9825602,18.6791306
37.8500099,40.1564827,7.61984491
69.7265625,28.5206642,7.07309532
69.4640045,27.2966728,4.70672321
67.4434128,29.167099,5.28885221
68.0589142,28.759985,8.94233608
70.1843719,26.3588028,8.94546509
111.657913,35.9979248,5.90068102
107.2285,5.8087244,3.34005046
105.84671,6.78863478,4.91461992
105.891296,5.01926804,6.00263596
107.615341,6.29227829,5.10119295
68.7500916,26.9208775,8.05491924
66.7433243,28.2994328,7.15118265
70.6101685,26.7802696,6.53191996
5.25290775,22.535202,6.04073429
4.84230852,19.5692196,5.77676487
4.21450996,20.5596542,3.35840487
6.49975729,19.16045,4.48966789
8.27724934,20.2143154,5.4039979
5.96379852,21.4476185,3.42039347
8.43542194,20.4652843,3.21372676
104.305183,6.85756397,3.38573503
104.877777,4.43549109,3.28889823
6.49182892,20.0449505,6.92276001
105.769615,6.16108656,9.73653889
21.1839523,39.4059219,16.1202011
19.6412315,38.4943733,18.3098583
21.2119427,40.057415,18.5606823
23.0444221,38.9685631,18.0989761
77.2642212,51.2069473,9.97385406
79.6238861,52.6029243,9.04944038
78.7164383,52.2917442,11.0032082
79.5920715,50.3565559,10.0638647
79.5149918,50.1775551,8.05089474
78.1645889,51.8372498,7.93429089
1.49860024,18.1124153,15.0545568
75.353653,49.7844963,8.18410587
32.2029686,46.0384216,14.01546
30.8933182,45.0040474,16.0295773
33.0850143,44.2043991,15.574295
33.4263611,46.1528435,15.621316
31.2509956,46.0067101,12.4531927
30.9840183,44.3448563,12.3470001
30.9207993,45.0270576,14.0811319
34.1195717,45.0992432,13.2223282
32.6908875,43.6827469,13.4768896
31.3125362,46.7145004,16.0704155
33.449276,47.9923477,15.4519281
34.7460556,45.7562027,11.1697264
33.7631302,48.0504723,13.212471
106.272057,8.32477951,7.19371605
104.955276,8.03521824,5.54975414
31.0474339,48.5142441,13.57125
30.9733715,48.6740646,15.9334078
30.553545,46.7663536,14.0691032
101.734383,6.02732086,7.69060421
101.539734,5.29787874,6.07230186
103.616562,5.21106577,6.01396608
101.873787,4.52434635,8.61596012
16.9485893,52.3731194,14.0431623
19.0530109,52.1430397,13.0950708
84.7982559,35.7493935,9.11215782
83.2880707,38.4670334,9.94864273
85.9688644,38.2938957,9.13765812
84.4140396,37.8515701,7.83721113
107.285881,8.3933897,5.57162428
105.64006,8.10619068,3.38580346
107.429779,8.38765621,3.38635015
86.3059235,38.4848518,11.5935535
84.3017578,39.2767067,11.9138927
84.4999084,36.701767,11.5256042
82.5387878,36.8448677,10.6238346
82.5971069,37.9796028,12.1883497
81.4263916,38.0616913,10.0857878
82.8176498,41.5673294,10.0721722
84.6233444,40.5095825,9.29786491
112.761818,15.8721609,7.58504963
115.28875,16.5309505,8.5147953
114.215965,17.7875576,9.26113415
112.785309,15.598114,4.34074497
112.570435,17.3205509,5.29286957
114.424477,16.5662155,5.11607695
113.124969,17.7134495,7.26515913
112.449471,13.5952749,5.27093077
111.235603,15.5447063,5.87076902
111.977127,14.1183462,8.03648853
118.561211,51.4086533,2.63392878
114.695045,15.0371866,6.24717331
110.286194,14.6847639,8.16763496
95.5285339,27.9530621,8.03528881
95.0095825,27.8013229,6.00630379
95.1116943,29.4956474,5.85353851
96.7480316,29.3999043,6.11313438
95.0551071,27.1938763,9.99334049
93.4010086,26.5664024,9.7146616
94.4487076,26.170969,8.02120972
96.9222336,56.6664543,5.64649963
94.5101547,55.7040367,4.24974823
95.6476364,56.7584457,3.17166448
96.3514938,55.0457878,4.48325109
97.2193222,27.5326824,6.28710938
94.9800644,25.9146385,6.10569239
98.583992,28.231142,8.84296322
96.615593,29.7470951,8.04945946
60.2877769,42.6892128,13.9653711
58.6371918,40.3478203,11.5161724
58.5233841,43.3089333,12.3243704
60.6426964,42.4616585,11.9797621
58.890667,41.8294525,9.0271368
57.4412842,39.4444237,10.3592949
59.9262047,37.7933235,12.5789165
60.3366814,39.6074638,11.8691196
57.7787857,38.0652733,12.673171
56.2112007,39.2031364,11.7097702
97.7182846,54.410305,4.6124835
95.234848,55.1021652,6.17004251
56.9165573,41.097393,11.1588364
46.0756454,41.9486465,3.1925323
44.4422455,43.5140572,3.11485481
44.5329247,41.738327,3.68849421
45.6801262,43.673317,4.16011
45.6058159,40.0490913,2.26384258
44.4657822,41.9757881,1.71546054
47.4956741,42.7696342,3.8636539
48.1075249,42.506916,1.45407259
45.4989929,43.587719,2.01056504
47.6545677,41.0114136,2.03834343
47.4674377,40.8162384,4.09340572
90.1219101,18.3624496,16.7325687
91.8149719,17.8980255,16.1549816
91.6655426,17.9887104,18.0252094
90.2630539,17.1804981,18.2575054
88.2624664,17.9732571,17.7789555
88.8886414,16.6731911,16.758358
98.2481613,56.7732506,7.27894926
98.4239502,58.0947342,4.93372583
98.4142609,58.6380577,6.72621584
101.160011,5.20859766,13.2318506
100.581085,4.48559523,11.5918989
103.436783,4.52843189,11.4467955
94.4097061,7.69295597,7.65116167
91.6979675,8.52925873,6.54319668
92.8132935,7.71863842,5.09749508
92.3772354,6.68113613,7.75500011
97.9455338,56.4737968,3.62727261
92.1749268,7.53417587,9.66836929
89.5841599,7.667099,8.55182266
90.7539444,5.558887,9.37844372
92.6880112,5.85355091,10.4394712
94.6938629,5.57520628,9.39756489
93.6258316,9.16626835,7.93700933
90.8482666,6.62692356,4.91167355
92.9553909,5.71333075,5.79305363
92.615654,3.76751328,6.83226395
92.9196701,4.32866812,8.87449265
90.7835007,4.89138746,7.17464018
94.4894562,3.69432378,7.69049788
13.9190083,5.26896143,10.7600527
13.8979044,2.9810183,10.2013435
15.5129719,4.7110033,11.3696117
13.8809471,3.22228241,12.6385889
12.8269138,6.6025095,12.1799812
14.1913004,5.36949635,13.6138821
15.143774,6.60326147,11.9928389
99.4801331,55.6316071,5.02525473
100.355492,56.9794235,3.67230415
13.0901546,6.39380789,7.98917913
13.6870918,4.56707716,8.73071861
90.2032852,13.4447117,17.0025768
88.4876404,11.8243437,18.2794209
90.1272583,11.6057091,16.6493111
89.8972549,13.081665,18.6565018
88.2521973,13.8852234,16.6898308
89.3714294,12.6184168,15.5972891
92.3201904,14.0608234,18.2086926
91.8264847,13.0314007,15.8857946
91.4908218,15.7212257,15.962842
89.6147766,15.2610989,15.5927935
91.6316757,12.5106754,17.8476353
109.603081,42.3658676,9.00217628
109.229202,45.0991058,9.1076088
109.377251,42.4542313,6.88553476
111.452805,42.9757919,5.86511898
113.323181,43.0494804,10.301506
111.443466,42.8198433,9.58586979
1.45881617,19.6025562,16.6501617
31.3000736,28.660429,16.654171
33.0170288,28.3472214,15.9444647
32.1205597,30.0729084,18.0150337
32.1069908,26.5153351,16.9183159
30.1944866,30.2758694,15.9524536
30.2977314,30.2625504,18.2852383
31.1145344,27.1207466,15.8205175
31.0769215,27.0704975,17.8771439
29.2524681,28.2964191,17.6612511
76.19104,53.8356018,10.4448929
75.0307617,53.5956535,12.2208967
73.4488907,52.9900436,12.060029
96.1698837,58.4690208,4.69561338
12.3968363,38.3212624,8.93874454
14.4650736,39.4354935,9.12071609
14.8483047,40.0782356,6.97426128
12.0524626,40.7731361,8.7849617
11.5915394,38.0382576,11.2027893
10.9583788,36.9906082,8.96844387
12.4488163,35.8246346,11.1752996
14.0111141,37.2644424,9.05042744
14.0034361,37.603157,6.96089602
12.7115402,36.0644493,6.61200428
11.1942368,37.9592934,6.23599482
10.6830645,39.2859421,8.7242794
12.6372118,39.9440689,6.73112154
97.4056244,52.9527245,10.2218161
26.7618389,5.76997328,12.0023308
24.5608673,4.69429684,11.5234928
24.9758644,6.41271639,9.87583256
27.6671467,9.07547665,9.88160419
27.8059769,9.85465145,11.8516989
27.9618645,5.69194651,10.6348763
25.9403133,7.92393017,8.18180466
28.4651089,7.40891552,9.71523094
28.4724751,7.67402458,12.1787052
1.58352232,21.6415272,17.344862
98.8771667,18.8903294,16.9422359
99.7053604,17.875639,18.5228043
96.9579391,18.9826393,18.6137028
97.5783234,16.6612301,18.2457352
2.40215445,20.5235825,18.5924091
25.643158,6.03088999,13.647007
26.7588387,23.9691486,9.84925461
91.4881363,24.3770657,15.5127697
90.6557312,24.0746727,18.2645073
93.2190628,25.21245,16.3403015
91.587204,26.204155,16.0300922
89.3283234,25.5458126,18.2275105
89.8745956,25.7694664,15.9427032
93.6252594,25.3165245,14.4993553
93.2912216,26.8271904,16.2037334
24.5541477,25.3455486,7.74498367
26.5571003,24.6640682,8.03266144
58.5482445,36.3714981,10.2345133
91.6177597,26.1703529,18.6116219
62.6446648,35.2321472,12.1134596
62.2916107,36.9978828,12.9804182
63.5722694,38.4530334,12.136241
64.7304993,36.7084961,12.1478901
46.3989677,39.0160255,9.4045887
47.6712875,40.48806,9.96198559
47.4023056,38.6238022,7.86599207
46.8593445,41.2149467,8.20067596
47.9935722,39.6414833,12.0355158
45.4036751,39.3851013,10.9835854
49.0563393,37.6918869,9.96999645
47.2389946,37.7302055,11.6526337
46.7375107,36.264164,9.01828957
38.0117912,20.1324387,9.2696619
39.5668907,20.9795856,6.96250629
39.9177322,19.4798088,7.60095882
37.5301514,19.9737129,7.08273172
35.7949104,20.9648094,8.5369997
38.1017952,22.0357533,8.47414494
35.5327568,18.7410107,7.34101391
38.4244041,17.9856968,7.73267412
39.8932037,18.94347,9.88920593
91.1289291,27.7955284,17.8185501
106.877388,46.1897507,4.11747074
109.197205,46.974926,4.18258047
107.428856,47.9547729,3.98012829
105.355217,48.5465469,5.2474885
106.505363,50.0793037,6.41827011
105.048454,47.0464439,5.87799072
107.914528,49.597126,4.13150406
100.657433,40.2725334,11.3243217
102.25029,39.2493515,13.4435825
100.151352,38.3467941,11.3186874
102.039169,38.8719254,11.2492638
97.6203079,39.7602959,11.2894659
99.492157,39.8332748,13.6215067
102.819511,40.4985886,10.283205
102.903923,40.4631844,12.2168417
97.4949951,14.2761316,11.1291599
97.3682632,14.7179565,14.0197277
99.3968124,13.8598366,9.85047722
98.3166275,15.6765814,8.98768711
99.5829391,16.1595802,11.5015316
91.0341949,27.9593887,15.7673006
113.370781,45.7942314,12.2986584
114.858162,47.7878151,11.2327852
112.063744,46.3608704,14.346673
111.661896,45.0369911,12.0514936
55.9564362,51.6334305,9.01743221
57.6789932,53.8917198,7.73911381
57.7915878,51.4702721,8.98476315
56.3011894,51.0720024,6.80575371
57.6409416,53.5541573,10.1298246
57.3119965,49.3324051,9.91809273
99.2766266,37.7931252,8.91572762
99.4187088,40.1086578,6.64020061
96.9904099,38.9975243,6.97890902
98.6179733,40.0927429,9.05259132
97.7288513,41.5755157,8.40619564
21.5588531,5.12262011,6.47389507
19.9460411,5.25451803,4.70161247
101.642906,38.9177895,8.99419498
95.980217,40.6154556,10.6498966
96.7551117,39.0076256,9.00071812
79.1062012,20.9641094,8.88613415
78.6941986,21.2962723,11.1429043
81.1921997,22.5038681,11.2887974
76.8399506,22.0356636,10.2925453
77.0631332,19.5500679,8.59990692
78.4674835,22.9051971,9.67618275
78.5648651,18.1189919,8.51824284
78.3018265,19.0607948,6.83669901
79.5453949,19.4804764,10.2559586
17.9457684,7.73861742,5.46667004
18.1884518,6.23638725,4.45740938
18.8683815,7.81800365,3.28891349
19.6536236,7.35438395,5.06449938
18.6039867,9.32917976,6.4309597
101.288544,20.8145027,12.0765228
103.195465,21.7012062,11.9372663
101.040939,23.6657429,11.1698322
101.217804,23.4691906,13.3068171
100.014297,21.8649082,10.9572353
99.1266937,22.1115627,13.2073383
103.182098,21.7837906,14.2878361
102.662666,19.6522427,13.0364761
102.812981,19.3896236,10.9544554
100.864487,19.2984066,11.2223969
100.789917,19.107254,13.665308
100.459175,21.0318851,13.8112011
90.1245575,50.7878723,7.37514067
88.4141769,50.0175362,6.46744013
91.0178375,51.2883224,5.59363127
91.4487228,49.7634468,6.51391459
24.0816879,37.8847389,7.22821474
25.905283,37.7386932,7.84366608
25.026598,39.9546394,6.98344231
24.5539494,39.3124733,9.06749058
22.208847,40.5292358,8.00185299
23.5017242,35.7275238,5.40831852
21.4705734,37.5911293,6.94301271
23.3679504,35.9330292,7.8209753
25.0825119,36.6348381,6.46299028
18.068264,18.3209801,8.84297085
14.8136091,19.3721809,12.8517485
17.2953014,20.223299,8.96147251
6.15454817,4.45736122,11.6373854
7.47088146,3.42108178,10.2826433
7.49826479,5.80648422,12.0539236
8.98542881,3.23968005,11.6489286
4.74249506,5.6653223,12.2363424
6.08006811,6.5114212,10.5872631
6.0965085,4.37587929,9.88278103
4.79177141,4.99807358,13.8584042
6.45384455,3.37009668,13.3733549
88.0592117,30.3509426,8.55862713
85.6957016,30.8377686,8.8346405
87.3555756,32.0435638,11.1506348
1.42928362,23.492384,17.0755844
35.3557281,14.9629269,8.1371603
36.5125542,13.4046764,8.33482838
34.2029839,13.5711565,8.81799507
35.2263603,12.7727928,6.24115133
33.0899963,15.9062195,10.0608492
34.1900597,16.5330925,7.93798923
35.2912102,14.9597378,10.0308838
36.587677,14.0509663,6.4268589
36.6804619,16.6236629,8.13379669
38.2473221,14.9298172,8.8599205
102.240143,27.1241341,12.3608065
102.273193,29.8397388,11.1682377
102.190208,29.8005543,13.2660685
103.445854,27.8047543,13.364151
103.938629,27.3776913,11.0248966
16.4660454,6.78782988,5.9372077
15.0148306,4.8696084,4.6130147
16.425251,5.15440083,3.30628061
103.254684,25.5052547,11.1099777
101.182854,27.9147968,13.4093037
102.213661,25.1359272,13.2189865
100.779182,26.5319042,14.6027384
100.302299,25.1280441,13.5114717
15.3328152,6.63719845,3.3978548
9.51781845,49.2770767,5.80601597
7.84660959,48.7517929,6.80553389
9.33312035,51.1842995,7.07215357
7.8557148,50.2312431,5.14757633
5.87798786,49.9492836,8.67455482
9.13167095,49.7358665,9.66293907
6.77713013,47.6420441,9.49567699
7.84927511,50.3540649,7.86299992
16.9134979,8.6612854,3.22003722
15.2795372,8.36256599,5.7296524
6.34246588,51.0728378,6.30572176
6.33655024,48.1115417,7.61916876
9.91023064,49.1922379,7.87732935
12.2016058,14.5616522,12.2261066
10.6773462,14.063899,9.49925423
11.6851254,16.4699039,11.1280813
17.1805668,10.315362,5.95042086
13.3054934,13.3963766,13.3938732
15.5045729,14.7356052,13.5692911
9.72183514,14.1560955,13.7445574
10.5478096,16.1076851,13.5595865
11.7474785,12.9661169,13.9188967
10.7012358,36.2228699,11.3095589
9.60201931,37.7592278,11.188468
21.648468,22.6917114,10.2953854
20.2651863,22.0211735,11.6411982
20.4243774,21.3473797,8.76800442
21.8684311,22.834156,8.19977188
20.4347038,24.2490807,8.66725636
6.82859373,35.7872276,15.4596281
3.7299161,36.3787575,14.6863155
5.9977808,36.3153648,16.9280052
6.12872171,37.6243896,15.2594843
21.199482,24.7290649,12.7657709
22.2267094,23.0501709,12.1871347
19.8916225,24.1601639,10.9451914
106.956306,21.6920338,10.128108
106.763344,21.4904404,7.86418438
104.987297,22.7859039,9.12016106
106.633614,23.850296,8.94678593
2.55479836,24.6805782,18.6005039
88.9651566,13.4835615,9.70617867
89.8903275,13.2339439,7.42125797
9.05928612,41.9909134,12.6881618
11.1485367,42.109272,13.3733997
10.376956,43.6625938,13.6399593
7.70034456,33.5681992,16.7574463
7.91496944,34.2229538,14.2031498
8.67800713,35.7986336,16.7166824
5.66614246,32.8982849,15.6786041
92.8096771,13.0254021,6.56256866
5.83018446,34.2221031,18.423172
4.53281355,34.9193115,16.739996
8.66760349,11.6376715,12.175395
10.7158546,13.7763729,7.13161373
5.78997517,49.5244064,10.7418127
9.68422222,52.658905,11.1961527
9.22673893,53.0198402,8.63139057
13.6599283,6.59332085,4.8336997
14.7110844,5.55250072,6.61290789
11.3737774,7.14808941,6.22117186
12.2992325,8.69340706,4.78917694
100.229568,53.3509331,12.2588205
102.576477,54.6455307,13.9592505
101.009079,55.134182,11.8958654
102.30545,52.2997322,14.5112629
97.8584061,50.635601,14.142004
8.56435776,48.0717659,10.721446
6.81753683,47.7344475,12.4776144
10.323123,48.6920319,11.9073467
11.9224634,48.293354,10.3216753
67.3790054,45.8325348,12.5337181
68.0773926,47.5665016,11.3373222
66.4843903,46.4125404,10.9653149
69.1538544,45.2207146,13.9470091
67.9570618,44.7137947,14.4266367
66.6839981,43.2633095,13.0279255
68.064621,47.4743576,13.8462839
66.0035172,46.3477173,13.6375446
66.5881042,44.4428787,10.9981356
68.8345795,45.1971588,11.3763399
99.7958374,36.149498,7.85681105
101.01535,36.8776283,10.0406122
99.0862198,36.1569862,11.2483988
100.18882,34.3269005,8.76341724
103.185081,36.4809685,11.1504068
104.11113,35.9423828,8.75006008
103.675125,38.4537621,8.86931419
101.925743,35.5934029,8.69260502
5.38214016,35.0023575,13.688818
100.984474,36.5512276,13.1264782
101.895874,34.7033119,11.0668745
90.8483124,45.5533562,5.83939886
89.8596497,44.2037315,3.19174266
91.0994949,45.7043228,3.57239938
91.1177368,43.8797951,4.08256197
59.5149574,53.7288475,9.9909029
63.8842697,47.3212204,6.91683674
61.1656723,48.1302376,6.28679037
63.2240143,49.7920914,5.84751654
61.4600525,46.4021492,6.81809378
63.3775902,45.4343452,9.03153324
44.299324,45.4960213,11.8724308
42.9153061,46.8144531,11.2014685
43.7336655,46.4115829,13.5382929
43.3691292,43.5760231,11.4114685
43.6016235,44.1811485,13.9873171
118.077782,49.8688049,2.59955907
41.4671211,42.2636719,13.3990822
90.3519287,44.0071106,5.92862654
54.3077812,35.9683228,10.5802307
52.6012306,34.7601433,8.78117943
55.1350021,34.243927,9.63436413
55.8695221,35.4077911,11.9459238
53.9442406,33.3108711,12.4143734
54.5474358,36.8259125,12.8997259
52.9386635,36.0061264,12.3584824
56.4293175,37.6039467,10.4939346
51.0885124,35.0561523,10.0940495
38.682457,26.402832,12.4024048
37.7949486,28.4003716,11.8727036
36.3857117,26.3523102,11.2190104
37.2367859,29.9161873,9.92444134
18.7102261,48.9162483,11.9860649
20.647234,51.7084274,9.37896729
21.0093842,51.5449638,11.9468346
21.3572884,49.820797,10.9018755
18.4377728,46.484211,12.0048523
17.5380611,46.8690224,9.46006966
20.8509159,47.3905067,11.06285
20.5682354,49.124073,8.71749783
18.6556702,46.9446564,8.00220299
8.20075607,29.0849266,12.0526476
5.95143557,29.5453491,13.1026793
7.34519529,29.1019821,14.7268515
7.19997072,30.9770393,12.3753557
8.71917343,27.5919762,10.5645571
8.0625639,30.1068459,9.51625633
9.62649345,30.0089302,11.1504374
10.3039484,27.0560246,11.2303858
10.1760378,27.5120964,13.396987
6.7766819,27.6864281,12.8036947
8.62047577,27.5950737,14.1432648
7.37451553,25.9225826,12.3650742
41.3419304,53.367897,12.7176561
41.4793472,51.6473427,9.98468304
40.2195587,51.8496895,11.9484301
39.9715729,53.5889549,10.3511848
41.8287697,54.2792969,10.6049414
44.249939,53.4056396,12.1411314
42.8153648,51.3178024,11.6645107
67.9101181,58.5481491,13.166604
39.1237221,53.4706268,12.9104948
40.421669,55.2551041,11.5560102
40.5935555,56.2188568,14.5154543
40.8212891,51.7882233,14.3631821
39.6731644,54.678627,15.2494907
42.5058594,54.8621674,13.4693861
41.5704041,53.6948738,15.430088
42.8218651,52.1418533,13.3855658
97.0870056,28.8728142,11.8182564
98.0855637,31.8282185,11.4578667
98.0634689,29.934906,13.4453592
99.6507645,29.3674698,11.2726383
98.1596069,26.7169819,11.0972204
98.5251312,27.3093472,13.254982
56.0683441,42.3694382,8.76401806
56.6512794,43.1674004,11.1518345
59.2175903,43.95438,9.04880238
60.3599472,41.6506348,7.67846918
92.6538391,46.9919968,5.82838774
92.2938156,45.3493538,4.99072552
91.2902832,47.9025116,4.14824867
92.9667969,46.9324455,3.83112955
57.9865532,42.1284866,6.60328674
59.8980064,40.0147972,7.40548563
56.1877289,40.2327118,8.91291809
118.584312,3.04462433,9.88416386
118.584824,1.60491431,11.2925797
89.795166,34.6263084,7.52773142
89.059288,32.0949135,6.74989367
91.5404739,33.6699562,6.1246314
90.1946335,34.0352631,5.11258364
91.3145294,35.5062981,6.08739853
89.8963318,36.140583,9.87366867
91.2134094,35.6509323,8.54283905
87.061058,33.612484,7.5506115
88.5469742,34.0203667,6.3056612
49.1240234,58.5309563,10.0380297
87.0846329,35.749424,6.6164999
102.229805,22.2356701,9.95897007
103.773407,23.6452084,11.1694069
103.864288,23.4484444,13.4352446
105.017212,21.9282169,13.6969137
105.512863,19.8735428,13.7360516
16.4352608,18.1681156,13.3544006
14.7349749,17.3489819,13.3624344
16.9942741,16.4288425,13.4997311
91.4740143,49.5225258,4.13293171
73.144783,35.0493774,9.9024725
74.4339905,33.8844948,10.8867788
72.6536026,31.5771503,9.46601582
73.6083298,33.9575348,8.59958839
72.9889145,34.0645905,12.1256704
74.4887466,36.4409218,10.9819603
72.5737152,37.2522926,11.8591261
71.9552078,36.6440392,8.8526907
71.2116165,34.6259003,8.44149208
70.7153168,35.1544151,11.0085087
88.7923355,46.6337929,6.49483156
88.7240372,46.3875694,4.04734898
74.2189331,35.630291,7.79062271
73.346283,37.5211906,8.43435383
75.6396103,35.3563194,8.9525423
16.8587532,41.9309845,12.2222643
17.140728,41.6016998,9.82146835
15.5922365,40.0208435,11.4486933
15.3754168,41.8327637,13.7259369
15.1784401,42.2233925,11.450531
94.2403412,46.0547791,5.27699804
94.9478302,47.5367928,4.49685192
94.4919281,47.104599,6.90066195
18.869772,44.1291008,13.4043674
19.2483101,42.2274017,13.3234777
17.0476055,43.5157585,13.4676704
18.6551552,43.6460533,11.1262589
42.536274,49.5607224,8.71908474
40.1651573,49.4598427,8.90493679
42.7280121,51.4467888,8.03828144
43.7314568,51.3892441,9.87280273
43.2506142,53.293251,9.64390182
39.1137886,50.844841,9.65131283
40.3509331,49.7932587,11.1851416
96.9864044,12.8717861,8.4098177
98.7768936,11.4455395,7.48197079
96.5105438,15.3506308,8.82049274
100.479874,12.3943071,10.0302086
99.4711838,13.7351456,12.0888243
75.4047318,43.8702087,9.03201962
74.3146362,45.5491486,7.73348665
72.7404556,45.2828789,8.89301395
72.701973,44.8253021,6.67700768
73.7062149,43.4386978,5.4720993
72.3927994,42.3336258,6.63770199
78.1175079,27.6119785,11.5368433
79.5219955,26.8212833,10.099062
81.2213745,27.569315,11.2943563
79.5186234,29.6027203,11.9634809
77.5399094,29.503294,11.8567867
36.7596703,28.15802,9.22509289
99.7520065,49.9141998,15.8887711
101.027695,49.1596603,13.8175793
99.4633484,47.7338982,13.6879377
97.6617355,48.8221283,13.2420111
27.1338768,17.0045185,10.57932
27.3080864,15.5863132,11.8101912
29.201067,18.4472809,12.1898689
29.5567627,16.7943649,11.0041342
27.2826481,18.606205,9.14617825
29.3028545,18.8706608,9.058424
30.0128937,16.7658195,8.71657085
28.0405521,16.3693752,8.45985317
27.5135994,18.9209385,11.4172707
26.364893,16.6482983,7.91587591
73.178093,34.13731,6.1894145
70.2610245,32.3538055,9.59681225
71.3336945,34.2468147,6.07369947
38.5545387,38.6879845,13.7439499
39.9688263,37.6146851,13.3643332
37.4615555,35.6766739,13.2347059
39.5016975,36.2843056,12.3297777
37.9823647,35.0605392,11.2043238
40.6458168,33.7009239,13.2281599
39.9341583,33.9898529,11.1244974
39.3582115,35.128521,13.7499638
41.6725807,35.837162,13.264307
35.25354,17.4397449,9.96199322
32.5682945,17.501133,8.1367197
32.9907532,18.0500774,11.0417547
36.2710152,18.3490086,11.7615604
74.9687195,22.7697144,9.44750214
73.8368454,20.9496517,7.27509165
75.421524,20.9468346,8.58705807
72.9441833,21.4158916,8.65112019
73.4667664,23.0695496,11.5001497
75.8532562,23.2064133,12.118927
74.4831085,24.7468338,10.0655041
77.1517715,21.7969646,7.89923763
75.0679703,24.0576611,7.19387531
77.2882004,24.3971367,8.22488499
76.7521667,25.8415852,10.5662889
101.293663,9.36307812,11.9527578
100.141037,12.1068878,11.9571323
100.502068,7.76076889,12.1920557
83.7360764,25.8958435,11.3611975
83.0871506,27.8581467,15.4683304
83.4739838,29.8505383,16.1388226
84.9397812,28.8690033,13.4294729
81.5930328,29.192379,13.7723961
82.9777069,27.1191521,13.2883186
28.4961605,4.26125002,6.19784355
26.6028843,4.04976892,7.23322678
28.6786022,3.41366267,8.02090645
29.7319221,5.83184767,8.62256718
82.4844437,31.0499401,13.8415461
80.6962585,27.3866749,13.6561346
108.861877,17.4876766,11.1355686
111.279015,19.1130333,12.6666555
113.63575,14.1682081,9.74816513
111.158501,12.6553307,10.5674887
113.364677,15.0763483,12.3108234
110.405342,14.351037,12.3254032
113.150482,17.6240082,11.9847431
78.5193024,31.5304642,12.606163
76.4738083,31.5951939,13.0511322
13.1046438,41.8945961,11.2288971
12.4156008,40.0684547,11.1650181
12.7383089,40.3250237,13.3905773
14.6879082,41.3050385,9.22421265
24.4098873,4.91898346,5.91330957
24.2514954,3.18814826,7.25124693
24.7931862,4.50526333,8.567276
26.0782471,1.58034813,6.61963606
25.9830437,2.13510156,8.57222748
13.0633631,42.1929398,13.9129124
1.67767084,25.8285542,17.2092056
51.4476013,42.7053146,8.96636295
3.82192302,26.3832779,18.4497814
2.49306798,27.8613529,18.616497
49.4573097,41.8432007,8.2649498
49.5107002,39.8365402,7.72277927
50.9755325,38.756588,7.97139454
27.9616966,2.47730327,6.63894749
49.3020515,41.7795639,10.9195242
87.4921188,15.6526155,12.7075863
85.5335541,14.0947828,12.7684898
85.2315521,16.5530796,14.2316875
88.1364059,16.4541302,14.9288788
87.7450485,14.5508165,14.2535276
88.2264709,13.7187881,11.8485861
85.0222321,14.2364836,9.75537968
88.7901917,33.622097,8.89472294
90.8773956,35.5700417,11.2884331
88.9526291,33.2499847,11.3428812
102.914375,21.9909496,16.3444786
100.805107,21.3090229,17.8834476
100.018837,22.8124676,16.7004166
100.631401,21.1698647,15.8387127
103.029953,20.0467663,17.6641674
104.571823,21.9343681,15.9100037
103.316483,23.6995354,17.8730736
103.850525,21.6268101,18.3320923
101.206245,23.51581,15.5502987
103.323044,23.745266,15.613039
101.189354,23.4739227,17.7875671
60.0904121,38.2980423,6.29905415
62.1784019,40.0921936,6.23648119
59.8789825,40.9106903,5.74017
58.0908012,39.7354965,6.50259972
59.783741,36.3955841,5.29023457
58.6092834,36.1948204,7.95143032
58.3991699,37.9349632,5.68037605
61.4133987,36.4645386,7.04303122
26.4835777,4.91113186,9.51379585
61.3873367,38.4638901,5.13447714
50.1993484,31.8236923,9.27223587
50.4169502,31.6901474,11.5936298
51.5178375,30.5020447,10.155962
50.2974472,29.6098061,7.92978001
52.7237396,31.4755154,7.90748453
47.5141869,31.6830711,6.32637691
49.0190811,33.1166534,8.44195461
49.9011612,31.995451,5.60692072
51.7013512,32.701149,6.9350543
47.2186203,31.0666161,8.55066872
102.297432,22.4980526,7.69670963
103.483337,23.7041531,8.65875912
103.394516,21.2056484,8.7065773
105.412521,20.9267254,11.4284792
100.655098,21.5479107,8.55420685
61.4830017,46.8570213,12.6270924
62.0341339,48.1099777,13.8239584
66.0819016,48.810524,13.3299026
63.69907,46.9230728,13.7460299
15.7357903,23.1691818,8.79415035
17.6777267,22.9911671,9.71976376
17.9300785,22.0527115,8.02424049
26.5075283,3.91478086,12.7865477
24.3060341,4.87164354,14.0905027
96.3211975,51.255394,9.74209023
97.1904602,52.8991432,7.83257151
97.1561203,50.756752,7.33519697
94.4736252,51.8098526,8.19782829
95.2329178,53.4031792,9.87214279
95.4603882,49.5679054,8.86716461
93.487793,50.2433472,8.97237015
22.4314919,4.36791325,15.0712023
21.6359901,5.27552271,13.3949366
21.7451515,3.33376026,12.7784071
44.0018883,41.9320335,10.9066906
45.4334869,43.8078499,12.2069702
45.6344299,42.69664,10.3342209
88.7331009,37.7778625,10.143281
86.7753448,39.9727898,9.06924438
88.976059,41.2303162,7.8984251
91.6605911,39.9229431,9.26861382
90.8223801,39.6461906,7.34172773
87.3129349,14.3037271,8.16849995
88.7509613,11.0882034,8.22838593
87.0407867,12.2111216,10.237505
55.0006218,53.5854149,7.74341202
58.2717247,52.6369743,6.61457109
58.7776566,50.8748207,7.22869349
20.3521061,10.2427959,13.6846876
94.7652588,53.4992867,7.150249
97.0996857,54.9907494,8.59422684
93.3750687,52.1683273,5.63815403
91.9724731,51.6490898,8.15736771
92.8085861,54.958992,6.72249508
94.0951233,53.5972328,4.80574703
95.6639175,51.3390045,5.89396048
96.2308731,53.1240425,4.81504154
1.36882901,27.5708275,16.7128716
47.606823,51.4039917,10.6452951
47.6225281,51.0974274,14.2269945
49.0567245,52.55373,12.3182201
46.8435364,53.1046028,12.9384241
49.7120895,49.7738953,11.2708302
48.6045799,53.2133179,9.79737377
44.8554192,51.6729507,12.7487154
46.5378761,49.7509613,11.6113234
45.5972328,50.6531563,9.71848869
46.2544975,53.356945,10.3162231
47.7533684,52.9193001,8.14845276
25.0906677,33.3522911,8.19422054
27.0588341,33.8358498,7.96515226
23.8068142,33.5608788,6.45529032
25.8560448,35.5428734,8.33845806
25.2146072,33.9852066,10.6801052
22.0775661,34.8101883,8.6713047
107.413956,6.75997543,8.12029457
106.766006,4.9596715,7.32716274
109.064163,6.52852249,6.94986248
108.547531,4.78223372,8.54556561
107.762665,4.4423027,5.4069519
106.086868,2.960325,7.22734928
108.253441,3.15828156,7.20598745
106.984978,3.19695711,8.56575012
30.5165787,42.5587234,10.3705034
31.6525803,42.4099121,12.6452713
32.6363106,41.2738419,9.05547714
32.3188591,43.6499748,11.0369396
31.4609661,43.1538048,8.72563839
6.54730225,39.8539925,12.1472368
6.96782684,41.8724213,12.0022097
6.51768637,41.7325554,9.72081947
8.68199348,43.7387619,8.28669834
8.11409569,41.6074562,8.04808521
8.43853474,39.932312,8.07236958
6.47636032,38.7303581,10.1949339
10.2918444,39.9197998,11.0133686
31.8292217,31.5748272,7.95722437
31.2080212,33.5614243,9.8138752
29.5823536,35.2745972,11.4169054
28.8404198,33.5519753,9.85148716
29.2952309,32.2904701,11.9679918
31.9325199,33.5757446,11.8147478
31.9437599,36.2439499,8.7743988
24.0062809,35.868145,11.1190147
22.0021133,35.1287193,6.37043667
24.7043686,37.2284164,8.98823357
94.0411758,26.3927326,11.8446369
95.7098618,28.237051,12.2764235
94.9453735,24.6997299,9.37732697
96.4029083,25.774168,10.2737427
95.7916031,25.9047661,12.2005301
50.3447342,47.8319969,9.83823586
50.3968124,48.7324448,7.86678171
51.8442154,47.8424606,8.7742691
50.0216446,46.0454979,11.0527658
48.9431953,47.0722923,8.77391243
53.6234512,45.9261703,10.9377947
51.5923882,48.4482231,11.2823887
49.3303986,49.8748169,8.94099236
48.27314,48.5494652,11.053586
114.552658,36.6804771,13.7366743
115.205757,34.0958939,11.2068596
116.682297,35.9596367,12.7669859
114.643906,33.6835938,13.7616129
113.181259,35.4487991,12.71348
112.134354,34.1884766,14.2847986
111.968079,34.2914352,11.8427687
113.728119,32.7123566,12.0273447
113.692917,34.6144333,15.384737
111.681778,36.2716675,10.9249916
113.36161,34.2342834,10.092083
23.4653187,3.46243787,16.3241272
25.2665272,3.78541946,16.7650719
24.6325378,5.55753517,16.7895699
17.3435688,25.2554245,8.71398926
20.6179829,4.98190641,14.9556999
23.3198509,6.63994741,15.3253536
20.981842,5.47084379,17.1728306
22.9277725,7.484725,18.4714699
24.2176495,8.3017931,16.673975
23.1113319,5.39227772,17.3422947
21.8246059,7.33807993,16.9289169
18.2735252,25.9626999,10.806345
103.918251,51.1230659,12.0696125
106.543381,50.8734245,10.2196445
106.073006,51.8674889,11.8039341
106.010811,49.0963135,11.5560255
103.163132,49.1852798,11.651495
102.37545,50.6884842,13.7128153
106.151451,51.9852562,14.3650961
104.115112,52.0817719,14.3721733
105.477142,50.1569595,13.372838
22.6778374,9.22849274,16.6819801
103.331123,51.9964333,9.55315495
2.17335176,49.2449379,1.23567355
24.7489071,8.16716862,14.5191298
26.041441,7.52772903,16.7403603
67.0898438,36.5530815,10.0761585
67.5021591,35.3178062,12.5367708
26.0840034,5.60052395,15.6335573
23.2463264,6.7433753,12.2849436
65.9824524,33.6477356,9.38473129
65.5484772,35.6249619,13.4550037
63.9888649,33.1445045,12.4472542
66.1247406,33.5360756,11.8391237
89.7030487,29.2340164,5.95463514
87.2994919,27.9407997,4.69396544
87.9078979,27.5517654,6.88321114
88.5345535,30.3192749,6.07607603
68.2298965,34.4434814,9.62143135
67.2586746,32.9764709,10.6314135
80.165802,42.8422012,8.43233395
82.3925552,41.9719925,8.05440331
80.4063416,42.6153564,11.460844
82.615921,43.5595169,12.0297747
67.0980301,37.7755699,12.327302
66.1168137,38.6598434,8.46478939
65.9199677,39.4563141,10.9569311
87.2447357,4.56094885,9.82657909
89.4554138,29.1599541,3.90240526
88.9447708,27.6423683,4.17775822
23.6608829,26.9290562,7.6399684
15.5578899,48.5596848,3.17127728
16.7629871,47.6302147,1.59792292
15.499774,47.1267395,3.53083825
15.3815069,46.6180763,1.43918872
14.2566452,48.0429382,1.65022171
17.0697861,47.8163376,3.61761332
17.1008835,49.5164948,3.89924622
15.2540216,48.573082,5.10966778
13.507102,47.1142731,4.26479912
14.877367,50.20187,2.20505881
17.5725613,49.7538948,1.68333852
35.7160568,34.7910347,11.6931095
35.3514595,34.2359238,9.37822342
35.2616425,36.608593,11.5016527
88.330307,30.3198681,4.02649641
87.2649231,32.2497063,8.86510658
87.0024643,31.5291271,6.61946917
85.4461975,33.2157211,8.70916748
86.0072021,33.9173622,11.0915852
90.1850586,27.3911934,5.21014214
91.3794708,29.6843243,5.93064642
91.6509018,27.3589802,4.40503454
91.0011444,29.8840046,3.93535519
48.2804298,31.9902878,10.735692
45.7068443,31.8939819,11.2270136
3.12045646,27.8117867,16.6804142
1.69886529,29.7882538,17.3217449
3.9440701,29.868475,18.5539246
46.2377739,27.2543678,10.1478825
47.7608032,24.7629395,11.3699303
48.1828995,27.490984,9.70639133
43.6394043,28.8050556,8.98531723
43.9216805,25.7798862,10.5843163
46.186985,26.0272865,12.0577507
46.0271149,25.3786793,9.79930973
27.5369358,52.4871178,5.83289814
29.2927856,53.1415405,4.52206326
28.4900398,54.89151,3.34164524
28.3783875,54.9222527,6.24260187
47.8202248,24.745369,8.48329544
46.7358322,27.3067284,6.71389866
47.1763573,28.8310108,8.05097771
63.9854813,44.5366325,11.3621845
66.5746002,45.6427193,8.87068844
66.3667755,47.5798035,8.964715
82.0748901,43.7975655,8.01334286
84.2952118,43.0123787,6.14324379
85.0916519,43.5743675,8.31330776
83.7591782,43.4077148,10.0988493
84.3133163,46.9670258,6.56440639
84.0692368,44.732811,6.05709934
85.7376633,44.3064156,6.33449507
31.4897232,52.2238998,3.18430829
31.1756725,54.0045357,3.42482829
32.0418472,52.0478287,4.86671782
21.7240334,12.7401085,12.0554876
20.2998142,11.9221449,11.470336
21.7277699,11.5660238,10.1926861
23.1321087,11.4957962,8.62626553
19.7361088,12.3816109,9.73991108
21.0774021,11.3852978,8.4744339
19.2365856,9.35001755,8.76817131
20.8624134,6.75481176,8.57866669
18.6840038,10.9258776,9.76603317
20.4835796,8.77050018,7.30149555
20.6902447,10.5554571,6.71371651
22.4257126,9.22142315,7.30649996
28.8699894,53.3480301,1.6742183
29.0811443,51.6228294,3.2246089
27.4709377,52.4928436,3.3572886
38.8601074,29.9181614,12.1255789
37.4973984,32.1601143,9.93848228
37.5203476,31.9872341,8.04790974
35.6654358,31.7667389,8.48088074
34.3669052,30.2156048,9.2685833
35.4219627,32.1826401,10.5649366
36.7495117,30.1366138,11.9595165
73.5922623,29.3586769,9.59367561
74.2896652,32.1155701,8.80644417
74.4525375,32.0489273,11.142312
34.7806091,12.8356237,10.7541599
33.1618881,14.6958055,11.9406996
31.8440208,13.6808577,10.5934286
71.7200241,39.8717918,8.95810127
71.6964417,38.7985535,7.44726706
70.4864655,37.9832153,9.15141773
69.1972733,36.5595818,11.2838316
68.5005875,38.3442726,11.113471
69.3574753,36.3525887,8.83459473
70.5768967,38.6289062,11.4131088
69.9030151,40.363781,9.15582943
25.9869766,53.3807297,3.43465471
26.0620956,55.5534058,4.41756439
61.5631027,39.9302483,8.11828995
30.8647346,52.50103,1.70829952
23.5402012,13.597188,12.5943928
24.4317493,12.1413488,13.416214
21.8979855,13.2010784,14.1192074
25.8830929,14.8995028,12.7717094
25.3093548,14.0529556,11.3335562
24.6694603,14.2141581,13.9834442
29.5842896,55.3273087,4.7865572
30.6340332,55.7571182,3.2679925
31.29109,54.7923203,6.43499184
22.7196789,15.2023382,14.0866299
27.745697,13.1504421,11.2776194
27.0258617,13.1718798,13.5212221
25.9943733,15.4606581,14.8225946
77.805603,24.8014412,11.9520292
77.5264359,23.516531,14.3332167
78.653244,22.3158989,12.6123142
45.5493469,41.2151718,11.4515638
46.9111366,42.6670113,12.1179695
47.2797813,43.0898819,8.58138561
46.9671555,44.8460655,11.5174179
37.3011665,41.7613068,13.5935001
39.9354286,40.5838051,13.474596
39.6162338,40.7504158,15.684391
37.1511726,39.6916809,14.0856276
38.3350296,43.730484,14.626461
39.4115334,43.1661835,13.2665548
39.8499641,42.9322166,15.6559591
10.7078657,9.38554096,12.1181221
8.31242371,13.4798326,12.0569916
6.81120348,11.9379625,10.3955784
9.27177811,9.57636738,7.00110579
37.1819725,41.6707878,15.9796543
35.0774231,41.150444,15.7492876
68.3227692,33.2921143,12.2484016
68.0315704,31.98769,8.02302551
69.4877853,33.6190605,8.07066154
35.8312874,41.0649223,5.92538404
37.8971558,42.2839622,6.51327705
38.0807724,39.7745895,5.79442787
38.5229797,44.9145775,12.7688084
67.7960434,37.2458839,8.27780628
66.865448,35.3376083,7.94324398
110.148819,34.7633324,11.1922798
26.5956631,46.56633,12.4372606
29.273489,47.1580887,12.0250816
27.1849308,47.301796,10.9654665
27.2427959,48.3919525,13.1887484
28.9999275,45.8870621,13.9809084
26.045496,45.4087677,13.9933167
26.1750546,44.4112549,11.6321154
25.1411819,47.2332382,11.0558186
91.4910202,37.4632492,9.08560181
27.3845272,46.8741531,14.3397779
24.9468479,48.2979088,14.317832
6.94329882,24.2926159,18.3468246
8.02897549,21.7045631,18.5870171
8.93157291,24.2777233,18.5885372
79.0191269,25.1828651,10.0521317
81.9971008,25.0955048,11.5039616
80.2288132,25.7840099,12.4408607
82.0544662,25.4392033,9.15498734
80.8540878,26.94034,8.37442303
80.3594589,25.1998444,6.68821621
78.0042572,26.2184162,8.7407732
89.1137848,32.8807564,13.7719707
87.5320587,32.3006783,13.415349
89.4247971,30.9881115,13.7381783
87.67276,32.400219,15.6897821
80.115242,23.9342918,11.1871767
80.1746521,23.53825,8.86553955
21.1659546,42.0012283,11.4781275
26.8972378,48.6600304,15.6904202
17.4050179,38.2364693,13.1492605
45.1062546,38.2412682,12.446085
43.0599251,38.9948997,13.6335955
43.5805664,38.8069191,11.2516489
44.4735794,39.4843979,14.6060181
45.7686119,39.9752808,13.3041143
46.5781021,37.8225746,13.7583475
92.6172638,47.201252,12.4948225
95.3080826,47.4998131,13.4055529
93.6347198,48.4127121,11.1969271
91.9445419,50.0130119,11.1225681
93.109436,49.0653763,13.3389997
93.3716507,47.2842979,14.6992712
90.9848938,46.0886154,14.1412144
95.3886108,47.1474419,15.5983829
93.2165298,45.2497864,15.9858971
95.2015305,44.2353516,15.5451956
42.8633957,49.5011559,11.0011425
44.6861305,51.4314041,8.05599022
45.1338882,49.0684891,8.79200077
40.9814644,23.020174,10.3316231
43.4004555,24.9722881,7.3320303
42.1988411,26.3918819,9.02263355
102.150291,46.9833221,9.93138981
103.105324,45.6773491,8.47246742
103.849129,48.0490456,10.1059723
103.140778,47.5975151,12.036458
104.731033,45.3658791,11.2676716
23.3966923,43.4153976,10.1275463
22.8386517,42.3132896,8.23097515
22.7260418,45.7915459,8.01110268
24.9099121,44.2928391,8.99718666
27.087553,38.4773941,6.40472269
1.56956482,31.7355595,16.7459354
25.9292946,39.1643486,5.51630306
27.4584522,36.6313286,6.19456291
107.645569,36.7820663,7.72428322
106.347748,36.1974602,8.77469444
106.120827,38.8940048,8.44608593
103.004707,37.6732178,6.6797266
103.704651,39.3408279,4.50333691
22.7479572,46.6823502,16.0709324
23.7157326,45.6066818,14.672328
22.632555,44.5412178,14.0815725
22.6439533,47.0072899,13.838994
100.412262,46.9360428,7.69122696
103.645432,43.6399498,8.54487419
29.4853954,6.29765463,11.5133324
27.5177689,5.65835094,14.0212164
27.5552979,3.12569642,10.5294733
28.7322521,4.53489447,11.9478979
11.6661177,51.7506943,8.07715416
12.4368858,50.0674896,8.68831444
102.880051,41.8801346,8.62442017
97.3298569,45.3005104,9.44710732
98.614975,46.8408012,8.16263008
97.3053436,45.5487556,12.0896749
14.6025906,48.2876129,12.7834492
13.9769564,50.2250748,13.1845264
21.0727024,45.7438545,13.9679375
21.1671009,47.9168358,15.7838545
90.2861786,24.0588989,12.4379292
91.5697708,23.1754303,11.2840443
92.100853,24.4126587,13.5188379
91.3542862,21.8087578,12.7281361
88.219696,23.7842903,13.1835995
88.3606262,23.2973499,11.0956097
89.8778152,21.9817162,11.6163206
91.9663391,25.4710369,10.1229668
88.8127594,24.7105885,10.0857496
67.0305862,50.174366,9.96720219
68.1928024,51.0564804,7.17238474
66.0892181,50.882946,7.11972904
67.6813278,52.8704376,9.68450642
21.048439,47.5756607,13.3987026
108.048073,34.7702293,8.71974564
108.108032,39.5931435,6.48876381
108.281799,37.1461143,9.82903194
108.873581,13.4485006,9.09886837
111.253342,11.4163561,12.7010412
112.382629,12.6372805,13.8050346
20.8624363,46.5160904,6.27518702
18.5365696,47.1447983,6.03551722
20.11129,47.917244,5.83170605
91.6592407,23.8600693,8.81485844
90.0290527,21.9760742,7.75779486
89.3074722,25.8780441,8.73437881
93.1181259,26.4419708,5.82449961
92.0496368,25.2334633,3.90971828
84.7225189,43.1802635,12.3974543
82.0804672,46.103714,6.33517838
82.1829224,44.0293617,6.04630852
81.0355225,48.4291763,6.63507462
93.865303,23.7229176,5.26185608
92.6668243,21.7126579,6.69565821
78.6218338,46.1084976,5.92316628
78.2726822,44.1462784,3.94042015
76.8612747,45.1156006,5.86019802
78.5894089,46.1057777,3.72448897
87.9062729,35.1856728,10.8772106
108.116142,19.915247,8.72133255
108.375671,22.5732536,8.54355335
105.459877,19.7260017,9.0223608
107.330315,20.0584831,6.46881485
105.32885,19.9142609,6.88760805
107.025375,24.0394135,6.99755192
108.573669,22.0276051,6.57651854
78.5115585,44.0082664,5.99333382
105.268372,22.4338531,6.69104099
6.28592205,22.0191994,10.3161011
6.3673811,22.9686279,11.9993086
7.99727917,21.9184132,11.9469414
15.2798786,46.7794724,14.2322187
16.6929035,49.7733192,13.9448376
18.6965866,48.6551704,13.8612137
109.402649,44.4561501,11.2068148
107.985771,47.6287384,14.0681009
107.921257,45.3158951,13.5097551
74.5464249,45.7252655,5.53162003
74.4056702,47.4497528,6.46774387
77.1809158,46.8555183,5.81032944
74.8504715,47.6315346,4.36569071
2.36210442,32.3143311,18.711132
3.82455826,34.331501,18.5221653
1.64639938,33.8037872,17.3422489
109.491936,48.8478546,13.9190788
111.375244,48.2954941,14.3912344
109.922295,47.0128174,14.795166
90.3628464,52.9540787,5.87876511
89.4072113,53.3556862,7.67961597
89.4202118,54.5291481,5.23983383
89.34729,52.7263374,3.29856539
89.146759,50.5840988,4.16702843
90.8819809,52.8847923,4.18308926
90.51828,55.0703773,8.34673595
92.0357437,54.3969231,4.81387997
91.4195938,56.5999146,5.48970175
75.9867859,43.437088,11.4627123
76.8593445,46.5105591,14.0143661
78.9939346,47.8505249,13.4576616
74.997139,44.159977,6.77578878
10.7358942,26.6610298,8.80348301
32.6730881,30.7438774,11.8485098
32.6232414,30.315115,13.8632336
76.7528534,46.7893448,3.64419174
74.832016,46.0747948,3.2482636
30.6295528,25.7279358,11.1179056
29.2691746,28.5154095,13.435503
30.9665833,27.0723286,13.8954926
33.3008652,26.0505981,13.4769497
33.3239479,28.5669956,13.5546503
32.9030304,25.963604,11.1863413
95.1815414,22.3284054,7.77734137
94.3737106,20.7438889,8.72451401
95.8298569,20.1739311,7.67038202
94.2460251,21.4195957,6.43130875
77.3900986,43.9786339,8.34454823
76.8251724,43.2008286,6.5276823
95.8129425,23.7797337,4.50242567
26.7505245,48.5972443,9.0077877
75.1756821,44.2754784,4.52659702
24.5977211,47.227375,8.6058836
39.4769173,41.1343575,6.51257038
39.4122849,38.8113861,6.16702747
21.0812378,12.7556686,7.21617126
21.2021999,13.9980526,5.95685291
21.1199207,12.1034555,4.21670723
19.3211575,12.9621067,5.93052483
22.4224243,11.0198736,6.39904261
22.8965473,13.0148916,5.76618624
103.307426,12.2887983,7.16093349
105.746819,11.8348007,8.70009995
103.804932,11.8543396,5.02902126
103.416992,10.534832,6.20061541
101.745804,11.3505554,6.03891945
101.2957,13.2252264,5.91472197
56.5798607,49.0725288,5.76658106
37.4683533,23.9231968,9.63026333
35.885704,22.9007835,8.37159061
39.0331497,22.4402943,10.9510384
89.6530685,51.6111832,9.48323059
90.8163834,51.6255798,11.991168
88.59272,50.5892334,10.9221363
90.5579987,53.3656807,10.1452551
92.669693,52.0547676,10.4085188
87.0622711,53.1607666,9.79631805
87.6904526,52.1564827,11.2935514
59.8529587,43.9608955,6.61043262
57.8014526,44.1202469,6.71465826
55.9668083,44.9518318,6.74987841
58.1524696,45.951561,6.26930189
83.9028091,28.1252384,9.06909275
95.0046616,42.8679428,9.70786476
95.6398163,42.0365372,6.3859129
95.6343918,41.384304,8.55795097
93.8423996,42.1728172,7.58381987
92.7460861,41.7958145,9.90949631
95.3920593,44.2644234,6.21641827
95.2745514,44.4525833,8.54638577
93.4529114,45.1808777,6.87938404
92.458725,43.0253334,6.81879234
93.2587509,43.2755203,4.69990396
79.5651093,50.6908379,12.2485838
79.7225189,53.0064316,12.9221277
81.2785873,50.6731911,11.2520437
80.820816,53.3679886,10.2972841
75.9752274,39.1163406,8.45215321
75.2086868,38.6123657,5.18744421
74.5301895,39.9161377,4.42953253
72.6548157,41.2773666,3.83517694
72.1622467,39.3715096,3.93823314
73.6981964,38.0204391,4.15862179
73.9444199,37.7850151,6.48077536
71.5469055,37.7140579,6.23361063
12.3214445,26.7247276,9.92951393
13.868289,25.8782787,11.209837
14.3465643,27.9191418,11.3535576
11.9203606,28.3002605,11.1453047
12.716507,26.8026028,7.84379482
11.2760067,28.6053829,8.74969578
13.1734591,29.057148,8.96796513
3.53187609,30.0299206,14.6266584
4.49666691,30.1306744,16.7029228
12.9259148,24.8710461,8.90745735
101.11837,40.879631,6.66298962
103.404724,42.0207901,10.8568439
105.249466,41.2253189,8.53389359
37.867897,50.2767143,6.97819519
40.0669441,51.2849045,7.32581854
37.7787666,51.9887314,8.25406075
39.7973022,53.2037621,8.07066917
37.8455162,51.1693878,11.8579721
36.2439651,53.6941299,10.227603
42.0399246,53.3174286,7.6654458
12.0673923,12.2445116,3.16716886
12.3076315,10.4271517,4.02566099
11.6884212,10.4258375,1.61410534
13.7611923,11.1453924,1.66363251
13.0449791,13.5207491,1.99093497
13.4232588,13.6212759,4.17622423
14.0990963,11.6776152,4.00547647
12.00914,12.5237141,5.14450836
76.409668,38.9130058,6.40082693
71.8819733,40.619072,6.05329466
70.1560745,40.1878471,6.92415714
70.4777832,40.4511261,4.61334133
33.9633598,27.4568882,8.87481976
31.5150948,28.0102901,7.57614994
30.3798065,25.7558441,8.89592266
76.4727554,58.5537682,4.75473881
32.4561234,25.8780746,8.94654369
80.7219849,11.1883659,17.254509
65.8947525,42.3586845,10.8917303
26.7750435,22.9699574,13.6342182
27.0838413,21.4212971,13.2072926
33.1595039,23.8864803,13.7357635
31.017704,25.2936058,13.390152
33.085556,25.8643589,15.6421232
84.5755615,23.0835533,8.96980286
86.7985229,24.740015,8.71788502
86.5414124,23.5437851,13.3335171
35.1057472,25.1754074,13.3290825
38.1908226,24.2504463,13.0386028
37.5872726,24.2359276,15.3285732
79.9395752,19.4137192,7.90168285
39.3160515,31.6977272,11.984683
39.9854698,33.5895653,8.3623867
75.8022537,29.3448257,10.8049173
72.9446564,26.654932,10.3675423
74.8020172,27.4726162,9.92858791
74.1285858,28.3513985,11.8635149
71.0914688,27.7737637,10.0937538
71.2402191,30.0876942,11.4903078
81.6118011,53.2253456,6.63921309
80.7486267,50.8967209,6.79309511
81.9248657,51.8827515,9.43472195
82.7576981,50.3978653,8.4295845
81.929863,51.6546936,5.63379526
83.4334946,53.4675293,7.50875425
81.4981384,55.291935,4.60024214
81.3375931,54.887867,7.33299494
83.0994263,54.7806435,6.20900631
81.4164276,53.3744431,4.54994822
83.7872009,52.5654869,5.19945002
79.2388611,55.1617165,5.82549429
79.3839951,53.3742294,7.03111649
79.1719589,51.6009598,5.72551394
53.29739,31.2453003,11.971652
52.1189308,33.8325844,12.8953829
51.7577896,33.0171127,10.3247128
55.3475609,32.5826225,13.3140316
54.0688553,31.1817093,14.0384235
55.1322136,29.8925858,12.8082209
55.1884613,32.0511894,11.617383
54.886879,29.1902981,9.84352875
54.5107422,31.1762104,10.015727
52.716938,29.0912819,11.4760313
53.6473808,32.7152557,9.76234245
68.0556488,26.7494297,5.52019119
69.3820953,31.4493618,3.63884568
67.8290329,31.3190212,5.07945204
69.6716309,29.6329288,4.37502384
66.4237442,31.2622185,6.52955818
68.8368988,30.2191124,7.69777298
21.7258492,27.5085716,14.6889734
20.2256832,29.1228428,13.6249237
10.9399939,9.55574989,6.00926542
10.0943966,7.76842356,5.082026
31.3204327,24.9613457,15.7235441
30.7721424,22.9839821,13.7254362
31.2270908,22.7757969,15.9663801
7.7637682,8.86267471,8.27771473
7.86970282,6.59591055,6.51908588
9.58814526,4.74359608,6.56941795
6.68338394,12.6482458,13.8676987
8.57821655,11.7257833,14.4141216
6.85851336,10.8319263,12.3268003
7.59356737,10.2954588,14.5250072
5.08741522,11.058322,13.9321556
34.6211624,27.107996,12.5422382
36.6205368,26.7261105,13.5497446
35.83601,28.3273945,11.4718094
35.7016144,28.3025017,14.0227194
7.84373903,13.7316217,16.7641602
7.93888998,14.1368303,14.4616137
6.78503513,11.4485092,15.5064211
5.72267103,13.7302856,15.6362305
6.55144072,14.2895498,12.3208017
88.8606644,29.2398109,16.8685455
89.1547775,29.2715378,15.050745
91.1602478,29.8843231,16.0961285
87.1559067,30.1506004,15.8891506
86.7676773,28.0055447,18.1975441
87.1908569,30.3060627,18.3847485
88.9006424,27.5518036,16.3900261
89.2667999,27.5282021,18.4098072
7.31066608,43.5305214,16.2486439
4.96726513,44.6219864,15.4594307
5.83553076,42.1064186,16.2082596
5.82513475,44.0247612,17.2072163
6.85271931,44.1317101,18.7131214
6.26694489,45.362339,16.1316681
29.8833733,35.4342346,8.37784767
33.9375305,32.0336037,9.37767696
34.7511215,31.1802807,6.98570538
4.64583302,1.45192862,11.3541651
2.72253132,1.29191101,11.2754784
32.5479469,32.2999649,5.98532963
93.3752518,36.8864822,9.17032623
95.194191,36.2335625,9.10227776
92.8457336,34.790535,8.10869122
89.9341278,22.0553761,9.68234921
35.6431465,25.3787632,6.56517315
35.8531723,25.6940212,4.39602089
34.3026428,26.8584633,6.4681921
36.7971535,27.898737,4.60501099
1.41264558,33.742218,15.1531706
32.0050812,25.6732521,6.68934011
32.5040092,28.2269726,5.66322136
51.9838943,50.2392006,6.96025085
53.7262421,48.5323029,11.7609072
113.682312,23.3922958,9.71111488
115.194351,22.405529,7.81768751
113.837425,24.9100475,7.30239916
116.946861,23.9308586,9.90042973
117.020386,22.0170498,9.98301983
115.121178,22.1114502,11.436923
115.383499,20.4598179,8.69754887
41.1773415,24.4726963,4.42960835
42.3335953,23.2826099,3.31389737
42.3729706,26.2008591,4.35931206
43.6982536,24.4711609,5.31095791
114.158142,23.5273609,5.09390306
116.593277,23.6500092,7.62865353
112.057426,22.7902107,8.14112473
115.548241,26.0183334,8.73499393
104.187599,52.8598518,6.90417767
105.607285,53.6594696,9.93056202
102.613007,53.8831863,7.67038965
102.97628,53.9643784,10.2227125
70.9382706,32.9980354,12.034605
70.5579376,31.1592007,13.0649986
73.1543961,30.562521,12.3191767
72.0658035,32.4557304,14.1242342
69.5523758,30.0514107,10.6772194
70.1056213,32.256012,14.4992485
68.4398041,31.3281651,10.6819124
115.450478,58.2025375,2.6814816
97.9186096,36.8277969,7.44618893
97.0922165,35.221714,9.21139431
96.5547333,35.9905281,6.70718575
98.3904266,34.426712,6.41897631
96.7540436,34.3921165,7.28626204
95.4517136,32.2231903,6.39350653
94.9058838,34.4883461,8.06589222
97.3514557,31.7467518,6.99298
96.0878372,33.8088303,4.53249741
98.2792664,32.637146,9.15374947
34.9149895,28.8982391,6.54485941
36.5017166,27.9465313,6.84592533
88.891037,41.3088036,5.96604109
92.915123,38.7757874,8.93267727
92.7681732,39.7661591,7.0065732
73.8347015,37.6841087,16.6391659
71.9683456,37.3053589,18.6110744
72.250473,36.9933128,16.1259727
74.3222122,36.0414543,17.9023876
75.3706512,37.7338791,15.6934271
75.5727692,37.7052345,17.8300476
71.6232071,39.0073662,18.3665218
74.4398575,39.8994179,17.962986
72.3492508,39.1383781,15.870182
86.1164322,27.2545204,13.6373625
87.1106491,30.4031582,13.5657673
112.325478,22.9203453,11.4406595
112.093147,25.502079,12.7052937
111.761734,25.5059147,10.5627193
109.686646,24.2665539,11.1960011
109.669235,24.1185112,8.84177876
110.017899,21.4260902,9.00321579
109.5243,20.766716,11.06042
111.072037,22.525444,12.6777124
74.9658661,51.4255562,3.06826663
72.2264786,52.5353088,2.44543433
72.8730774,52.6477585,4.10698366
74.8134232,53.1264572,1.76318789
97.1247177,37.4617157,11.3115788
99.2342148,37.2221146,6.32270145
72.9795609,53.7895851,1.95007241
97.0311432,36.1451988,4.49743652
96.6971664,37.6856117,5.56398487
95.0926056,37.3544159,6.56141424
28.5198517,49.6582565,8.8235302
30.7884541,53.2514076,8.14019775
33.419342,48.4089775,6.49404907
30.8475113,49.4440041,8.8342762
30.7178307,49.4880486,6.60655212
32.9679031,53.1514282,6.14963007
35.0702438,51.4443588,7.18856764
33.0123672,50.3188133,6.14691925
30.9478645,51.1230354,5.76526737
33.5038338,48.2893906,8.76318264
73.1869736,51.8777122,1.23556721
72.8760071,50.9484062,3.23207355
83.0157394,35.8068504,8.74644566
83.560524,34.5816269,10.8190117
82.3680267,37.7029419,8.12884521
81.3797836,36.1316833,9.79479885
106.385704,48.3060646,9.80494404
101.740669,50.341095,7.90459919
104.917885,47.8619614,12.6453323
101.294876,48.5201378,8.17824364
103.063698,46.0489922,6.24948168
17.9964333,9.41277313,11.2961483
17.1404629,10.0570269,8.72074795
16.5108566,8.10618305,11.5722151
1.63577557,37.6208382,17.3759346
16.8181419,4.56961346,9.90062714
18.0294285,4.23274279,8.6496315
15.673111,28.9832592,11.1413097
16.6055298,28.3854256,13.0206966
14.4678307,28.2040691,13.594017
14.2341299,30.1946449,11.1437702
14.9893837,30.5872326,13.4245825
17.1060104,29.9890499,11.0589018
17.1937332,27.2599335,9.83677006
15.8660021,26.6616306,11.1052237
16.1156273,28.5192146,8.80149364
16.8168354,30.2511597,13.3456526
76.2352829,41.162014,11.335515
75.1891251,38.417263,11.1896677
1.66679645,35.7859802,15.1694822
1.44290698,35.5741272,16.7099552
74.9449234,39.2998352,13.2267933
72.1302948,41.5591431,11.3397369
73.1661682,39.6418343,11.0239391
72.7182693,39.2250214,13.8425636
76.7541733,42.7560539,10.1231499
101.973206,7.75942469,13.1465874
21.9296303,22.8091488,14.0739174
19.4076595,24.1212597,13.2821827
21.2677269,20.4501057,12.8199453
22.5163765,20.972744,13.7821617
19.2694435,21.2517338,13.8051863
19.8274555,19.7394047,11.4570465
58.4966087,44.9814796,13.5355892
60.4006653,45.2755737,13.6499071
56.4246101,45.5444107,11.3649187
57.2211075,43.3743172,14.6179104
70.2999649,52.8454399,7.15430403
68.0793228,52.929718,7.5927043
68.4276199,49.4865456,13.349206
73.162178,55.3701668,3.294662
71.4802856,53.9030342,4.15444517
72.3941498,54.6953773,6.32994604
66.1916885,51.0899391,11.6715879
86.811264,11.3626604,12.1364841
88.4780731,10.6765566,10.3904152
86.8133621,9.91984463,10.0879822
85.5783615,9.28108025,12.761837
85.1102753,12.0441704,11.1074409
85.6600723,12.4170895,13.6611919
87.8127594,9.15764999,13.4177942
87.8022003,9.15698147,11.5230227
87.8158417,12.7181473,13.4172926
71.1520844,51.9443092,3.39432383
21.5693703,45.6287613,11.9799747
24.0837002,44.7427139,11.5670214
23.130764,46.4666519,10.8208952
23.3573799,42.8831635,11.9460449
24.8332977,41.8231201,11.5905008
21.2162399,45.0414848,10.0254927
20.7965965,44.3928795,7.94902277
20.8952255,42.2629128,9.14816761
23.5352116,41.185009,9.7735815
106.463707,37.8583565,10.8667469
107.45443,39.2167282,10.9665756
109.790558,37.4383278,11.1294327
106.946251,36.0922089,11.1253328
105.022423,36.3423958,10.977025
104.816422,34.1659241,8.84710979
106.375099,34.3902473,9.9809618
104.689468,33.8791046,11.1371336
105.205818,36.1037521,13.3717747
21.7153015,53.5754356,10.2393427
22.7399998,53.1679497,12.746376
20.7584763,53.3526649,12.8880014
19.7382889,55.2709465,8.5869894
21.7311802,55.3122864,8.77295589
19.9355907,53.4417686,7.78852701
21.7183304,55.384716,11.3489866
19.8516254,55.1690063,11.5077438
22.6409531,53.2614479,7.80280352
74.8609314,53.2867508,4.57664061
74.6083298,51.5718002,5.32325983
87.4963074,22.2385941,15.6395416
89.4929733,20.2773228,14.0458355
86.8912735,19.6457958,15.5313892
87.8747711,21.9131584,13.7141361
24.3760643,46.4176712,13.1254005
113.536888,48.5761337,10.1676874
112.30751,49.5509567,7.22869349
111.289734,48.1116028,6.74558783
88.8008423,23.7421303,15.5005894
89.7428131,22.2151966,13.5610294
77.4342041,41.5896873,5.46495342
85.4805374,21.7127266,13.6099033
17.0337849,11.796937,7.75354195
19.1388226,12.9301367,7.96769619
18.3179569,13.3296041,11.872962
18.3579769,11.1116152,11.9162169
5.37750769,43.4782295,6.27091932
5.23795557,41.1169853,6.22564459
8.03685093,41.9277344,5.72105598
6.72859764,42.6597519,7.95340443
89.9859695,21.8275681,15.8767881
7.2627492,40.6559029,6.65033054
10.2938871,39.9987144,6.24437857
7.95549774,38.627491,5.65819407
9.78014755,41.8113365,6.68208027
86.3792496,19.9583359,13.3910484
5.84220552,42.7734604,4.36970043
6.77088022,40.1187286,4.52806234
6.31744385,39.1580582,7.13174248
47.1412392,50.8529358,7.26678419
45.1292381,48.5083809,11.1972761
47.5107002,48.8455772,8.832757
80.7541733,28.3847275,5.84587622
80.9574585,26.692667,5.59998751
82.597229,26.3430309,6.68179178
20.1804543,49.9741898,4.03979349
20.2976055,49.9196815,6.2442193
22.259058,48.400425,4.80822992
8.79985046,11.8552732,6.80030155
6.27250338,11.1317844,7.52081347
6.9011755,12.7991734,8.12559509
7.52467585,9.95087242,6.38522196
26.339468,50.5865135,8.85101986
28.3000641,52.9120979,7.73677492
27.1927509,49.1570625,11.0303488
29.2957993,49.5883484,11.154705
18.6261768,49.3867455,5.96576786
18.6598091,49.0546227,4.08544731
22.0010128,48.2650452,6.86033869
113.742714,50.8877907,11.6505079
17.0999641,47.8582115,5.94234848
18.4946899,47.2432899,3.9668088
115.09185,49.2354774,9.38376713
15.4498901,45.5172691,8.50398159
16.0881977,43.2453575,8.9881649
38.1859474,34.9069481,8.74641514
36.4987488,43.3745155,7.56537437
36.5338097,43.4883766,5.18110323
38.1083412,44.0500031,6.21562815
37.4450836,46.1565819,6.22637367
35.4418793,44.7626076,6.78597975
35.5285263,45.2692413,8.83290863
5.93634653,49.4972534,13.0242348
20.4696598,46.3190117,3.95631409
8.38521862,45.6134682,9.23674202
7.61171675,54.0144844,6.91616869
8.30773067,46.9085999,7.89919233
60.6134453,45.2238731,5.53100491
60.0252419,46.9830513,5.17905283
59.9608536,42.827877,4.79958057
58.2209663,43.9505997,4.72502422
61.6310844,46.4972572,4.50067139
61.9019852,43.8097038,4.07452774
22.327404,46.5312614,3.99915099
61.0772324,53.5510139,14.7565594
61.3370781,55.63554,14.1891613
62.4835243,55.3111343,16.7101078
62.7278328,54.6942825,13.8221207
24.3432121,18.0776043,7.63379478
23.3774662,23.0357952,5.84315777
21.3451385,21.924572,5.87480879
20.8565655,24.2728176,6.3517251
23.5662022,23.3496647,7.61682272
22.8217773,21.172842,7.80969095
19.4198399,22.2669258,6.04933071
60.5591202,58.5547676,12.906394
62.115509,58.299221,13.3757849
61.8173752,58.3163376,11.5464725
57.9759903,53.1310463,12.4506264
59.8017082,54.1688042,13.3369341
59.8879509,55.1726799,11.3882771
58.6198845,51.350029,13.1495028
1.34605503,1.34247088,6.76171732
2.68750072,1.44848859,5.37499666
3.19788337,1.40944099,8.73955822
62.3423386,53.5795975,12.3627348
62.2630424,51.6607552,14.3967924
43.7871017,55.1539383,11.2475929
42.1669312,56.6351662,12.5493155
1.51239836,2.66724062,10.5847569
1.38874006,4.79761124,8.20972729
1.17317355,2.13557243,8.76000786
60.5292168,55.4826927,16.7808666
59.4425659,54.6632271,15.4638805
60.1139221,53.6780434,16.8456268
40.1002426,57.0510826,10.3480864
42.1160927,56.9299736,9.81559849
39.7511482,55.3906555,8.83577919
42.0581055,55.087265,8.38749981
29.7496529,18.0015297,18.1559753
21.6295967,30.0835629,6.47005272
21.1802158,29.8091354,8.74874592
20.2256241,34.2361221,8.86508369
57.6975136,54.7869148,13.500536
56.448761,56.7442284,14.9507332
57.7975578,54.6000748,16.4546204
58.8649025,56.8467445,15.0369844
23.2571564,31.5458336,11.3649788
59.2334328,52.8964424,15.3338432
47.2421684,42.4870071,5.74001789
47.3619308,44.9407616,8.77079868
49.225193,43.6423492,6.45560169
47.4273148,45.0376129,6.39899683
59.4026146,56.9292908,16.8298016
85.2362137,51.7197876,10.3934679
39.9320793,21.2046223,9.24561977
39.6473083,23.3578205,8.60077286
40.2714157,20.2998981,12.0123854
87.2102661,41.9287224,11.0602531
92.8265839,41.0945969,13.7429924
88.9758911,45.2083054,13.6738281
93.0142441,43.0572128,13.7598515
92.9126205,43.0868454,11.568737
110.533615,53.5381203,12.9914751
108.343307,54.8310814,13.6943922
107.786255,53.2887383,12.3337412
108.51944,53.4921951,9.81361675
108.343353,51.687149,10.844861
109.413139,51.6805,12.5991774
54.5986938,34.4508743,13.8261147
53.4621201,33.0238991,14.2810469
54.3607025,33.9925423,16.1308479
52.8366394,34.856205,14.5653152
56.3512306,36.2248917,13.5037107
56.5860329,34.248745,14.0098705
55.5064468,33.1133575,15.0084162
91.384285,11.1120405,9.69951916
91.6968155,11.2694464,7.23860312
90.4431763,9.48918247,7.89158297
91.8890457,9.19538403,9.0639143
90.2744141,9.33420658,10.4488573
93.6202164,10.9780703,8.03022385
89.6718063,12.2853584,11.9946918
91.2811279,10.8313417,12.2613268
92.0830994,9.35089016,11.0703678
109.944695,45.743309,13.8607731
107.345047,49.5740547,13.677352
108.051308,49.8999977,11.8284016
61.0037384,57.0150719,16.321043
106.965996,46.5169411,11.1611147
9.24997616,20.0768681,12.2470655
9.64361763,21.791338,13.2882576
6.40353537,19.6105671,12.7703419
8.23438931,17.526041,12.6084719
27.2629032,10.9979048,10.3188963
30.2084961,9.39618015,10.2854223
29.1048679,11.1192856,8.46463776
34.6838799,53.897934,7.48099136
87.4087067,26.1977825,15.6067362
98.4299927,31.7476635,13.6505604
96.3393631,30.7001686,13.8707361
97.7463455,33.6466866,13.7308884
84.4091492,27.0938187,14.5488977
83.6024246,25.7627239,15.6098194
83.3399048,25.2078857,13.597373
94.4923859,32.1571846,13.7774534
102.825066,13.7515793,14.2762175
103.285896,16.0904388,13.4025154
85.2930908,25.5160446,13.6226759
104.204521,12.6842632,14.1571617
3.07885742,31.4926777,16.3005409
1.68704927,31.9235973,15.2040033
104.935585,13.1385956,12.3616714
105.046478,13.815587,10.4221725
1.3965162,40.2230988,16.7616844
101.287849,13.0414171,14.1519365
34.6714401,30.5772839,11.5104465
35.5574837,32.1165733,13.6492691
33.8913155,33.6494827,11.3568382
37.0268707,32.6219292,11.8339453
75.9769592,36.231514,6.78327608
72.821907,35.8061638,6.53877687
75.9337463,33.5557594,6.4624362
75.586998,37.2947578,8.93708134
90.323555,18.0361729,14.9464808
88.9988861,18.6338158,13.6347198
92.013649,17.849577,14.2004461
91.5067902,15.6726551,13.4658632
58.4649582,46.9989815,12.7096214
38.8088036,18.1826344,12.3271961
39.1171303,19.900568,14.1140432
113.281433,41.257576,8.24378586
116.524208,40.2742653,7.30988693
115.200356,40.6406975,8.91212845
115.048401,38.0570717,8.74654388
97.1607895,19.5298824,6.70828676
98.4609756,24.8428345,10.1632376
94.9787369,18.7083797,8.91076851
110.176598,26.7566376,11.2227316
113.418701,27.8251438,12.1558332
113.820366,26.0685577,10.2710094
111.668411,27.3825073,8.2252264
80.8530273,40.8534927,8.90442753
82.8507385,39.9430809,7.972435
100.859642,40.7617149,13.5466766
104.265472,38.2397041,12.1319885
105.294998,40.6295967,10.7069874
24.8445663,53.4611664,7.92425203
24.266674,53.2809029,10.1091766
85.0622101,29.018259,15.6617613
84.5058975,23.8874454,13.4810505
84.2421646,23.8474789,16.1114388
49.8668671,46.3968964,5.40909338
48.8714066,47.7494659,6.28017616
49.5569611,45.6657295,7.11237049
49.6647034,51.4903793,7.44347
16.7701416,23.8227844,13.7397127
14.9203253,24.5958824,14.519084
15.683363,26.178297,13.4247198
14.7702408,24.7342739,9.0318222
41.3303032,48.6501884,18.4467449
82.9916229,32.5910072,14.6039829
85.1906815,32.1673317,13.00282
35.3327866,44.8343544,16.0534821
36.8074684,44.3718605,13.6733875
35.1152611,42.8454361,15.8489189
34.688858,43.9666519,14.5037899
35.9246597,43.0030212,12.4860744
34.5350838,42.3841858,13.7292786
35.5352707,46.5617447,13.5542555
32.8596611,42.3071365,15.7403879
22.7324581,47.659359,8.98261452
20.7518845,46.9435616,8.72266197
18.5044842,45.3927765,9.4048624
80.1719513,45.2511368,3.93463373
80.6688766,45.0370941,5.7229166
108.048241,39.8857498,13.4439468
108.231827,41.9699707,13.4003582
107.911476,41.645668,11.1736746
108.134506,37.699295,13.2423763
109.821831,42.2392654,11.2279253
110.039574,42.1132202,13.4436283
80.2560883,43.2375984,4.07158089
111.321869,40.3670769,14.2871075
109.437515,40.4644127,15.6383867
3.50491023,40.6486244,14.7172527
3.21713376,39.8296127,16.8696079
1.49815989,41.8079033,15.2907257
1.4612689,40.6068153,14.8221245
14.4966946,28.5058117,7.48857737
14.6482153,26.9160385,8.84992695
12.5767956,28.2199936,6.51133299
10.6389818,28.6928101,6.60403872
11.0822878,26.2099857,6.55173206
80.3573303,43.1906967,6.05227709
78.6689301,42.4385872,4.02459812
95.5474854,1.53117037,8.60615635
32.8570557,47.5523911,10.8667774
33.2018623,45.5777473,8.99165821
31.0624924,44.322834,7.68272972
82.9269409,31.1942539,18.5335865
80.5188675,31.5706806,16.2171288
81.3143234,33.197361,18.3217335
82.202179,32.837822,16.3838444
78.9013138,42.3025055,6.56578064
79.9255447,33.512928,15.9099579
81.2324448,34.9115181,17.8145866
81.3027039,34.9844055,15.6867294
83.5202179,34.3227081,15.4232378
85.0493088,31.8804493,15.3195972
3.46283269,50.4015732,13.0275154
4.0498147,49.8889732,9.99946117
3.3651228,48.9503288,11.6772232
4.77619648,47.3676491,8.5679903
5.08102894,47.9931984,11.3089819
30.9666901,23.9402161,6.60178328
32.9598846,24.0686874,6.53232956
31.9612179,23.193367,5.08136559
85.4492188,40.6624451,11.431592
34.3351822,21.7385616,6.04055977
33.0755768,23.9239559,11.3913755
34.0875168,21.8236885,11.9574814
33.579628,24.3526287,8.82012844
35.1859894,23.4913883,6.09384584
31.1753159,19.0096283,11.1788998
51.1323891,35.3444138,12.0115194
51.429718,35.8274269,13.9555445
50.3901749,34.3427544,13.5245781
51.322403,32.34832,14.0464735
9.47919559,26.5358009,4.25572443
8.62365818,28.5525665,6.21341085
8.18410301,30.2409382,7.23993969
6.68122721,28.4705009,5.88114977
6.67146158,28.0347729,7.82235003
7.89940214,26.8639145,5.66915989
8.67801476,28.2017841,3.28488874
7.53295326,30.1949196,5.193542
9.94680977,30.3689098,6.57546282
8.70786572,28.4113598,8.07014465
10.1725368,7.69763374,12.8179407
12.4131098,8.6083107,14.3028564
57.0668449,52.850605,5.30451059
56.0290108,54.7249641,6.36792278
58.5041275,51.3003807,5.29985571
60.32901,52.2819939,5.276649
60.1485214,54.6738739,6.02845526
58.7793884,53.4166641,3.41133404
58.0287209,51.057045,3.31306958
57.9432297,55.1395416,6.27422237
55.1074219,53.1367874,5.60485506
55.1259499,54.8493347,4.54978848
49.7538261,55.1860771,15.4713068
48.0219574,56.9164276,14.5827208
47.8513451,54.5200195,13.9679222
47.4106674,55.4320259,15.6141024
94.0069427,41.2066383,11.1811171
97.1399155,42.6840363,12.0189314
95.0220261,42.4709511,13.1795292
34.1111488,10.7484398,11.4306812
32.4160576,11.3460751,12.0389786
32.8484535,11.995122,10.1787596
50.1231155,54.8230896,13.4738064
49.7103577,56.9430046,15.0050297
33.6494064,10.49403,8.53213978
36.061882,11.0964956,7.30705404
33.0625076,12.1346817,7.36687088
36.6594925,13.5192375,11.2901192
84.031662,34.1542587,13.1392365
80.5475693,31.5858383,14.1317215
81.8087006,35.1276398,13.5433197
94.9805908,31.836298,17.6406879
93.0771484,31.0938931,16.3129787
93.0421295,31.7211304,18.6672096
95.5352478,27.6867237,18.0315723
96.8581238,28.6760731,16.4876976
95.2136765,28.1133156,15.7560921
96.3380203,30.3561058,15.9285936
96.5607529,30.4134693,18.2769604
59.8346825,53.709713,7.59568882
61.1929321,55.2163925,8.39797878
59.3085861,55.2893829,8.59398365
44.9123535,27.0415649,8.20417595
44.9586906,27.0303116,5.71170044
46.1774406,30.1608982,6.40808678
4.72007036,1.52501178,7.28828239
43.4997902,28.171545,6.63426208
45.8122826,25.1813774,7.09649944
47.9101524,25.4317913,6.00741243
48.5412941,27.5875473,7.732059
49.4056702,27.1070175,6.14892387
23.3075409,48.3705063,12.2571497
22.7652187,49.9372864,13.1504297
18.7279644,11.0636454,7.95742178
8.46439171,39.2593765,16.576622
8.69719696,40.0984688,18.5362606
7.93857861,37.8785706,18.6003227
9.68408585,37.5712814,18.0434647
45.7323799,54.5351944,13.8360176
46.1087608,56.7039375,12.7640238
8.85156441,6.62653637,13.7202415
7.3297267,8.08166218,13.3455763
5.99529028,7.87365913,12.0636129
8.7295084,10.0143499,13.1862116
6.99319029,46.5310936,15.231843
1.81013799,41.9857521,17.3300838
84.5061722,49.6967735,13.2094488
86.3011246,52.4643517,12.9136229
83.2150192,52.8979149,12.2109489
26.0325928,14.0618486,8.42312241
56.1167412,32.136879,8.84254551
56.6719131,35.7463722,9.45302296
69.362999,34.3324127,14.0735836
72.1596985,35.0967789,14.276597
70.6299286,35.5993996,13.3115864
9.82467079,30.1739292,8.87914753
6.39864492,25.626627,9.75901699
33.5153351,40.0422554,6.97242355
30.759119,38.5282249,9.00966358
33.3450584,42.0708618,6.5942955
31.5369186,40.8631668,6.47220182
31.3048744,42.4826775,6.79192543
79.2515488,37.6253166,16.8551788
81.1324081,38.4004669,18.3187122
80.7257996,38.6018257,15.9363394
79.2435532,39.0728264,18.1460876
78.5355072,39.6384468,15.9450111
77.4249344,37.1433067,18.5210266
80.9607239,36.7755356,18.1292305
81.1420364,36.7004929,16.2513924
77.4501801,37.3474579,16.0136604
79.2364655,35.7804985,17.755188
88.4881592,15.4342842,6.84989691
90.1701508,17.848856,6.52474356
19.9029675,45.4760666,11.1002874
17.3879986,45.6352768,7.8489666
17.3853645,47.7114677,14.1574039
16.7772026,45.7556114,14.1965275
82.7479019,35.8932686,12.440238
81.6298141,34.9160919,11.1575003
82.1578751,35.5282173,6.55355453
10.1705704,24.6714649,6.72988367
45.8697472,55.2571106,11.6075268
47.89608,56.5236893,12.7507801
105.521919,51.9504585,8.47826862
107.258163,46.4143028,6.15372324
45.5242043,52.3058205,14.8968782
111.331001,41.8757629,7.50457001
48.3240776,52.967411,16.5124702
46.9883041,54.092823,16.6202717
77.9215927,53.6734276,9.65224743
48.1164856,54.9839897,11.4120302
73.5747299,48.3026772,12.336339
73.5554581,48.5454979,14.4843044
74.8089447,49.770813,13.7997952
72.0633163,48.6023178,13.3147907
72.8533478,46.2688942,13.3269262
74.8694229,47.6098785,13.3970623
95.2146225,27.905283,13.7853813
95.0748138,26.0521336,14.128335
52.1010475,55.543808,5.84665823
51.5171547,54.0726357,3.40499306
53.4656601,54.9782791,3.28330922
52.3783875,53.6990814,5.30948496
28.3572311,23.453207,8.96641636
26.7919712,21.093153,8.58531189
1.87549818,58.6271095,8.78522682
10.5697336,12.880352,18.4301281
35.5519524,8.11928177,2.60506463
51.0564117,53.5211258,9.6840353
100.140022,25.5154839,11.3284683
98.8042145,24.3747883,13.4682474
13.2129164,33.8717079,11.159338
9.66009712,33.8535118,11.1600971
10.4330063,32.0825386,11.1436644
11.7925482,33.0629196,10.0088844
52.7977142,53.6319962,8.05612659
53.217804,55.445694,8.67106152
54.0008354,54.9462013,5.81316948
1.33507431,44.6559601,17.3235989
10.5109644,32.318737,8.76959133
53.7390251,53.1168442,4.20842218
89.857872,13.581955,13.8344984
91.9426422,12.460556,13.857235
90.2942734,11.4896832,14.5063868
105.513489,31.8342495,11.1824989
106.331833,33.7703018,13.4015121
105.757935,32.3533325,8.80352879
108.087639,33.5244255,11.1835012
108.301491,32.9675407,8.77760315
32.2721176,22.5467281,12.8518238
33.0403481,21.7975883,14.2813206
1.40316081,46.6813011,16.8386402
31.9252682,20.7638073,13.7805061
22.9222221,51.6903839,10.5231247
23.82201,54.9764862,8.53559494
23.8679142,49.4096489,11.0484066
51.3925018,52.3459015,4.05621862
52.0754852,51.9957352,5.88729334
50.2233391,53.8130493,5.06321621
23.4081745,50.3629646,8.39592075
83.5621338,41.4215889,12.0630207
33.2385483,46.2884712,6.60614967
29.225647,42.0721245,7.91694641
30.9183311,45.2953491,6.07859755
28.9530582,43.9290771,6.12441874
31.0915089,44.0140381,5.29553509
33.1207695,44.3685951,6.78428602
16.0493183,10.0012426,13.523303
17.8434868,9.426054,13.693511
14.8972015,8.08870125,14.1785612
24.0467491,7.23069572,6.3687129
24.4792118,8.44613647,5.0772953
25.4181824,6.19958735,4.55155802
23.5331993,6.82263231,4.59275436
17.7894707,6.20843458,12.3134813
17.8722057,7.74694824,13.005949
15.3119402,10.482275,6.39196491
30.2423344,13.1482325,11.3769627
31.468399,10.8088102,9.05714798
25.4380722,3.1239953,3.21376491
24.6166439,5.47018337,3.39439201
26.2217331,3.68117881,5.34426451
28.0253181,12.7055264,8.9429512
29.5815105,10.9754877,11.7778416
92.1164932,1.42957234,15.0453835
24.8852539,10.2722826,6.37325382
24.035017,8.66367722,8.23058796
27.7093163,5.52118349,4.85163641
27.7875996,3.06257629,3.66605449
29.0082512,5.78958035,3.29242945
30.3662891,4.60052061,3.78942418
90.7265015,48.5208969,8.81247425
106.409164,37.6959991,13.2367258
102.930969,36.6069832,13.4962683
103.826927,39.2796364,14.2871532
105.217628,37.602932,14.5589514
105.446037,39.8672638,12.9950895
98.9849777,35.510582,13.5226955
99.5243835,38.0253906,13.4412289
105.561584,15.6098318,11.2179317
104.881851,14.6237631,8.59525204
102.99675,15.9096975,11.1365557
99.6682587,14.2912359,7.94324398
100.459694,15.7397394,8.94511604
27.3592472,6.46339798,3.24921298
26.0946045,7.61669064,5.57128286
27.6548977,8.02858829,5.47095299
113.349319,31.7496986,7.86214161
111.676941,31.6873684,5.57962084
90.788559,9.75485325,13.5743637
89.0146561,10.4801188,12.9945736
91.2523956,8.07411385,13.0569191
93.4941559,9.70885658,13.8836002
92.5764847,8.20399189,14.5075874
92.2023392,10.3596191,14.5880814
90.8970184,7.7465682,15.3394775
89.2839127,10.0125198,15.4045115
90.5111084,9.23281384,16.5789452
89.3650665,7.30663395,14.0674477
89.4955826,7.91802979,11.5938272
17.3625679,27.3524418,11.9647865
18.5787067,26.018013,13.1617136
19.1909084,27.7881927,13.2375765
17.4887085,27.2571468,14.3519888
18.8948174,28.5417614,11.224493
61.4241638,44.5622826,8.78555393
63.8584328,45.2595787,6.7315011
28.5528259,35.1895752,7.33811283
20.9815006,24.1835899,15.7585373
20.4697056,26.2492237,15.540123
27.1973,4.72751236,3.24573493
11.0169277,53.3170319,17.2193356
9.01355648,53.7813072,18.4074078
10.8285398,52.0930862,18.617712
11.0264654,53.7836151,18.732029
25.9430542,7.69136095,3.2560854
106.591209,34.5219383,7.76951218
108.007477,32.5104218,6.49867392
106.041,32.7320557,6.35202885
107.784538,35.3213272,6.48778439
104.927849,34.5265121,6.54255104
8.99167061,4.77236938,4.43826532
54.9014206,41.3689499,7.25167227
55.6344872,40.8400841,5.30085802
53.8778458,42.169323,5.5730443
56.0321922,42.2052116,6.4936924
54.014492,42.4262238,9.00789452
53.220211,40.65382,6.56258345
53.9046364,43.5556717,6.94775867
107.359383,19.4349747,11.096324
105.728714,23.9452038,11.2802162
106.897972,21.939106,13.5143118
11.3729877,6.33890438,4.61882401
9.12470722,6.2004838,3.14222312
107.366158,19.2832031,13.1981192
108.161812,20.7153664,12.2395926
109.425201,19.8236656,13.1979971
108.074059,20.7205219,14.5085745
108.936005,21.9334183,13.4517689
32.0377426,39.1058464,5.49476719
30.5160179,38.4823914,6.34889269
31.6726131,36.4924049,6.52636862
63.2162514,53.1584587,6.51158333
64.6377182,52.8562241,5.36509466
65.1942825,53.3219986,7.86736631
66.1018372,53.706234,10.501771
18.3460846,43.4170685,8.83133698
18.763382,44.8767891,6.30496216
16.4974232,43.7179985,11.1659899
99.6231232,13.5448055,13.9939842
97.3607025,11.4933052,15.6862888
99.5470505,12.013279,16.2304802
86.9234772,49.3278618,10.9988642
86.8200912,46.9599495,8.94522953
97.3847885,13.2558146,15.9205284
95.3323059,14.1132965,14.107604
95.2636337,12.5277462,16.1290264
85.0049667,53.7099533,9.17243004
83.5480499,53.7641144,10.0706224
83.9359512,55.4497223,11.0288448
83.7153473,55.3349762,8.44970798
84.8413925,54.557869,12.4898863
86.3851013,54.7728043,11.5196505
86.6151657,53.5190773,7.74229574
108.25956,49.8538284,6.05228472
95.9098663,47.0840492,10.9568558
95.7860107,45.2387733,10.813529
96.4406891,46.6112862,8.4513483
97.1362915,44.0534477,7.81952524
21.0345421,5.02131081,10.1276674
23.4723129,5.87458611,7.4961257
21.6749554,6.92742014,6.82668257
22.2534924,5.21985197,8.66652012
95.343956,14.1024752,16.0878525
110.622345,50.0988045,14.0339584
18.9325123,17.6998329,10.9716787
17.3263683,19.3286991,12.1731625
19.2441025,19.5390701,8.96866417
97.0137711,12.6974316,18.3464298
97.5571365,11.3868923,18.2121391
99.2643127,12.0969782,18.0224915
99.2446442,18.3863392,6.7165184
99.7534332,20.4841099,5.83275414
101.471924,19.4134312,6.29767227
99.2747803,13.6741447,16.1862526
99.1502533,22.242033,6.04440212
49.251667,28.3776417,11.8976574
50.1111908,29.0685616,13.4812632
49.8609962,30.8254051,13.9174232
5.29977703,43.077549,18.4335155
4.90763855,45.137455,18.1948719
49.3628616,32.9318924,12.9631805
7.24255705,32.8261719,12.3885689
6.22821617,30.0871773,10.2095594
35.9258537,34.0852165,6.9327383
96.129631,13.9589138,18.3041763
97.68396,14.563612,18.4254818
95.3976288,8.35844231,5.39149809
95.9888306,6.7619195,7.0517869
97.1356812,10.8918724,6.5487175
99.364357,13.7397699,18.1376591
97.5207367,14.9981928,16.2621307
20.7062073,18.1819668,13.3623438
20.7054176,20.0511475,15.8834105
19.0642662,19.6750011,13.599226
8.70960522,35.3327942,11.9599113
6.27165318,36.3430061,12.2017298
88.9451065,6.32345104,18.5977097
111.729095,10.7210407,10.9053688
109.10553,11.2686186,11.2502661
108.962646,12.8525734,11.6848621
109.348808,11.4386368,9.13791561
113.354408,11.7564468,11.9664726
109.047592,8.54787922,10.0035543
111.789879,6.89021778,9.324687
111.143845,11.954958,8.03134823
113.361839,12.1115046,9.60379124
19.8164139,26.2006149,8.49121666
48.9639206,24.2125225,3.17061663
50.6631279,24.8248386,3.70340848
49.2954826,24.9611473,1.44015312
49.9797363,26.3056011,3.24799776
22.1654339,25.6469707,7.61218262
83.6961365,29.6785374,6.51096058
114.702019,49.9193649,5.96830416
114.796089,48.0970078,5.70280838
111.408043,49.8452034,5.5029912
112.552498,50.5559273,4.73494196
113.120155,48.3628387,4.43329906
113.315498,51.6368179,5.63328648
111.58046,51.3833199,6.85837936
46.7623138,23.8262234,3.35037065
47.6701431,26.0120754,3.34723425
47.2698097,25.0439434,1.39455962
50.8489876,22.9117279,4.68085861
49.2965317,25.1261311,4.84713316
60.6504135,48.8989639,14.7202454
60.0144348,51.2663765,15.096034
58.9119301,49.7097435,14.0320759
25.4697533,31.7220726,6.70278883
47.8461227,22.5019779,3.63219333
48.5169983,23.4707642,5.01792669
7.97309303,45.3241577,18.7445145
6.45709467,45.8718872,18.7083073
1.78298998,48.5285034,17.3533821
1.42369461,50.6424179,17.296793
28.4775238,29.9201431,5.82892656
84.701088,22.6419411,6.57248592
87.1481323,20.4322662,6.15010881
87.927742,22.1357498,6.18364286
86.72789,24.3750839,6.69728327
4.82053709,49.8023567,6.8709774
3.12899971,51.1387672,8.0333147
3.28848553,48.865139,7.73814964
49.3326988,21.7504444,2.61869574
48.2756538,23.4677486,1.44442081
4.90797234,52.0271111,6.32700729
5.35062551,49.2756615,4.92583609
3.36703634,49.9282799,5.55109835
77.8994446,42.1028023,8.71767998
110.127739,6.83281565,8.65743828
109.45031,8.64922619,7.75953388
74.0733643,28.4799995,7.15361309
75.4131622,26.5830727,8.12200356
72.872345,26.7273769,7.98944521
18.7820015,15.5665846,11.4820309
17.0362682,14.6431646,11.539319
18.6183395,49.0645981,7.87442875
16.7960587,46.3221588,5.87514305
101.434784,21.2314816,6.17229033
103.871544,21.7935867,6.31810713
103.416115,24.3637695,6.53691626
102.248619,22.7844086,5.55049086
30.2072506,30.1701469,13.8652687
15.5607824,29.9392414,6.51514482
13.2998886,29.7085934,6.40534544
13.8570957,27.4568653,6.58859253
65.5884018,32.5808449,4.5089035
66.61763,32.13694,1.57770813
67.1072617,34.0074425,3.54917741
67.254921,31.7159061,3.22127509
65.2468643,34.2171059,3.29878545
68.1550522,30.0490646,3.39582729
68.3537979,33.0249481,2.74692535
65.3611984,31.2687187,3.24770927
66.1189423,29.3631496,3.2639904
33.9627266,53.4034958,14.9360628
34.5966873,53.6506615,12.7433538
33.8567429,51.8117065,15.6267681
35.567955,52.3169708,16.7377186
33.7864227,53.6912727,16.7893715
34.9976425,52.033432,14.2802124
35.7567444,53.8315773,15.3551521
34.890583,55.6007004,16.6955261
31.9977436,52.5345039,14.8084555
32.0587845,53.5975494,16.8419971
31.98349,54.8315353,15.2771931
33.0564423,56.2133408,16.7987881
69.8233109,38.0649109,6.75021267
1.27511334,58.6307068,13.3204861
1.58508658,58.5972786,11.0893679
70.3685226,41.9522476,5.62153864
79.7597275,33.5128403,13.6655807
27.5294552,44.8037376,15.0896559
94.1335907,40.3668175,8.95309639
95.2201157,39.8336678,6.54454088
95.1618881,38.3354187,9.05063248
94.1244354,39.1613235,11.4521418
6.46666288,58.438736,12.1666765
4.55385637,57.9936905,13.6347809
41.4403381,48.0282974,11.0107565
37.7651367,45.4724045,11.1085043
37.4630051,46.1976013,8.69487572
84.3559494,36.0241699,13.5551815
83.0497437,36.0967216,16.181591
3.26177812,52.4543114,10.7671757
4.71681261,53.0247154,13.3874941
8.13718796,50.5857391,15.0465679
4.81337595,50.4241867,15.3203411
7.9997015,53.3393593,10.3904152
26.9139061,22.7030563,7.55048275
28.5467567,20.8518353,6.13547516
30.399725,20.7396278,6.02072477
79.3300018,35.842495,15.2407274
38.9156342,24.8062019,10.7693481
35.4794006,25.409647,8.79252529
37.4285393,24.0415249,6.40321922
67.7732773,40.3429146,12.4061565
67.2416,40.5717926,9.8760376
69.6799698,40.6730461,11.405242
67.8626709,40.4431076,14.6678934
68.8325882,42.7785034,13.8477116
65.8759689,40.0689888,13.4575853
68.7431946,39.0318794,13.4709358
68.607933,42.3384094,11.3414078
69.3863602,40.8133354,13.8307629
98.8465881,53.5879059,9.27694416
4.95964098,12.3081856,8.70098877
6.24392033,8.1433773,9.56434822
4.64985752,7.66394711,10.7711096
4.17963886,9.63928986,10.0286589
4.99004698,11.7649746,11.4589148
4.86961603,9.36873627,12.3587103
113.518738,20.8492603,8.00171661
111.46637,20.158411,8.09867477
113.29512,20.2274303,9.82126331
115.011482,18.5952854,7.42276907
79.8623962,19.03932,12.1296797
77.5373383,18.9590302,11.5129986
1.4922291,17.91922,13.1718597
3.48542452,16.3639088,14.5587244
78.855751,22.4807835,7.34639025
77.6716614,31.5947533,14.5148163
77.5215759,33.4551544,13.2478132
25.2398262,44.1552238,6.68032646
25.9357414,40.6620979,9.89815903
24.9873772,42.0409126,6.75204277
69.8574677,35.9878273,6.89832306
66.5232391,33.2731628,7.10260487
68.3557205,34.4922943,5.81896353
25.1865482,31.1681156,11.4032516
2.3424592,49.9580002,18.7212467
3.97609329,49.1785698,18.5270557
25.0517883,30.7852497,13.8079205
78.7572021,31.904705,16.0760212
93.143425,48.6236267,4.35770226
19.2967129,53.6674881,10.3905363
77.4516678,29.6244698,13.8798943
79.2946167,36.2186928,13.0868235
78.4582596,34.6918602,14.3430433
72.429306,54.8935928,8.57867432
74.3606644,53.1805267,7.32076883
72.680069,52.6558533,6.26725149
30.1224289,53.1605682,6.15072393
29.6032753,55.1533623,8.66147804
16.3151169,34.3793411,11.2236118
19.3679733,34.2356834,11.2544432
17.6237125,34.1508904,13.6739187
107.390381,45.6397591,8.47751713
25.0163918,10.1506901,9.11085892
19.9449844,8.3330183,11.8554811
20.6998978,8.34330082,14.5425644
23.637888,10.531992,14.7828188
22.2294807,11.2800169,13.5599813
8.3329649,39.8379364,12.6769991
7.84922934,37.0340309,12.8094501
5.44243526,56.7101173,9.67082214
4.67366457,58.5369987,8.61191273
4.85920477,58.3198929,10.3864202
6.66666222,58.3333321,10.3333397
79.7510529,55.1496429,8.7525053
14.1381207,32.2566185,13.4196615
15.3896627,34.5257225,13.4461794
13.5370598,34.0832291,15.5062847
83.5633316,50.3090477,10.9154844
81.6807404,51.8542442,12.2434206
79.4453125,55.0330009,11.6394053
77.4148788,53.9558144,12.3408346
54.870266,33.5491829,7.78064442
48.7004433,35.617897,8.89440441
49.7859001,33.3054352,10.6215105
93.4249496,36.8470688,6.83747339
16.0932102,32.5459747,13.335887
92.95858,33.2288589,13.9076881
41.7084465,37.7985954,13.7369938
41.3477173,39.900238,13.6457911
81.0235825,36.736763,13.8117018
82.6144943,37.8397369,14.3673592
28.3158512,18.7951851,6.72967863
26.6955738,20.9639282,6.25011969
28.9264736,23.6937332,6.60788107
92.737915,39.0989342,13.8072214
95.0254898,40.1293755,13.1503839
13.4358187,25.9103851,13.3628902
12.4048624,27.8776417,13.398035
11.8083506,53.5314064,9.55973911
12.74471,53.5490875,7.8339839
12.4593945,53.6974411,11.8782625
13.1469488,30.0589275,15.6544256
14.1924019,32.2779274,15.6373539
1.5913136,55.222271,12.1796474
1.27981389,57.3561096,13.3326368
89.1602554,49.3452072,13.3634071
32.9207535,40.2835884,15.3222551
112.201637,52.450119,13.4045649
34.1826553,55.2368355,14.1840439
86.7525177,35.3717804,8.83057022
86.2877197,33.8741684,4.75846004
85.3800278,33.5331764,6.28997231
87.1373901,37.1336479,11.1830301
89.9325333,37.3540649,11.6220913
63.3176003,51.5380974,5.38426876
62.2531853,54.8166199,6.37765837
62.4228477,53.10746,4.46943808
63.8347282,55.2019653,8.38860035
54.150032,51.6594162,6.90297031
105.458992,12.1707144,5.26993608
107.156158,11.6155586,6.38172865
105.26622,9.83742046,6.59055185
106.905594,13.2295322,8.50667
16.2655678,32.2826195,15.5877361
106.663094,13.9688997,6.59024048
29.1472721,55.327549,11.5486746
29.6707306,54.5120163,13.2157822
26.0007076,52.1165962,7.44411564
26.1185856,54.8869553,7.44314337
17.9449787,29.9475574,8.92558479
17.5654526,27.7177677,7.76904106
16.8681774,40.8070946,7.88118696
19.1408577,41.3302345,8.87411308
59.7255592,39.4466248,13.7381477
58.0583801,40.0792542,13.5317621
75.9506073,52.1654854,6.69547606
108.373802,30.018074,8.76578712
95.0345535,18.8731441,6.72629166
93.3622208,19.7257423,6.58127213
95.6019669,20.1918392,4.22944975
44.6603508,21.8887444,6.8847909
42.3910408,22.7327175,5.31709385
43.3934746,17.9358425,7.05802155
45.0261688,19.3746109,7.29321051
42.6240883,20.0874157,6.15189314
42.1654358,18.5962029,8.4358263
41.6045609,20.4822731,7.79157972
45.2027473,19.3226166,9.80921173
90.0080185,9.932374,5.77549648
92.1676178,10.0213585,5.45297813
90.943367,8.7525177,4.50932837
93.6161423,9.17323208,5.87986612
109.892151,16.0797539,11.9582558
107.384995,15.262641,8.94891262
100.325706,34.6304398,6.46359015
101.353363,38.5728912,6.75823164
116.269005,31.7250042,13.2071857
115.171463,31.7205544,15.1635742
116.854126,34.0068474,14.6060333
20.7473507,49.6444969,13.3876762
44.0723572,44.256115,5.05407333
45.3797379,45.6218376,5.89113569
41.114994,44.2867012,5.91335535
41.1553192,47.1797447,6.365098
56.4497757,44.7745628,13.5075989
55.9613953,47.3946686,13.5701876
59.9097252,47.5611076,13.8532858
57.6175728,47.4855042,14.2482119
118.495293,32.0005684,11.4469471
115.568291,31.7473755,11.4101772
116.783821,33.3267746,12.5737524
34.0956879,16.542963,11.7796946
26.7236938,17.041872,13.9237108
29.3047295,16.7272282,13.3014259
20.1238956,14.3060894,11.9804001
115.470055,32.1841583,8.59712029
114.450493,33.7616425,8.65912342
19.5071621,14.6033201,8.11433315
18.9116287,16.055582,9.15159225
113.613754,52.6505814,10.8118734
110.088966,53.5962601,7.72101021
28.4878979,12.8760691,6.65931416
27.3216496,14.8828192,7.53231049
25.9636803,15.1162539,6.06735849
26.1070213,12.8602962,6.55615187
28.5948257,16.2495441,6.56061697
26.1229076,16.9566154,5.88539457
77.0011826,48.7727852,13.2710657
113.695572,30.284193,16.5785046
111.854897,30.1331959,16.4305325
113.074104,28.1264915,15.3983307
56.8241692,51.2233353,14.412466
112.671585,5.00825691,9.05091286
113.502747,6.57533121,7.48098373
113.401688,3.41467261,6.61162472
112.597748,5.17417479,5.55772781
110.621384,5.06665373,7.44464731
110.776955,3.14200044,8.3843708
112.738152,3.40865064,9.03026581
112.912598,3.88173223,10.9498234
110.795158,3.22399116,11.0051222
110.572861,5.01171207,9.71258831
49.090168,37.8580246,12.0157108
115.360283,28.48489,8.6656847
116.26989,30.3986168,9.25866604
113.863289,29.0603371,8.13230038
49.022377,37.5251236,7.91671133
90.5755386,42.2665558,6.14779234
3.25748754,52.5028076,18.4506626
1.5764221,43.8773346,15.2763271
36.147213,30.0720501,6.50233412
114.366158,30.3772774,13.5368195
111.443329,28.380497,14.358839
93.0978012,6.14990854,13.8235636
95.2544861,8.320117,14.1910448
93.743782,6.7620945,15.4139585
93.7251358,9.29799175,15.9908028
92.4440765,8.18186283,16.7018757
95.3798599,6.93824863,15.7950325
95.4249573,8.58618259,16.3909073
94.0929489,7.34559059,16.8414192
92.5171661,6.50609827,16.5489502
94.4118729,5.57008791,16.8024178
115.360405,27.5661793,11.5498438
116.918114,28.1281776,10.0562248
13.7484198,9.39786625,5.83209324
86.5437088,10.5195532,14.0624504
24.4176254,22.2965412,13.9033899
23.8115978,20.506649,14.8295965
25.062973,19.8579292,13.9061089
23.2245331,19.0971088,13.7772713
30.9731979,41.3625526,13.9101334
30.4487743,43.3053627,14.0733557
34.2392197,42.8544884,11.3705378
111.308022,7.36408138,6.14972878
110.624786,9.90347958,5.80573511
113.363914,11.4193182,7.9351263
21.3240585,8.81122589,5.1387372
51.5473022,34.9166374,4.90644121
52.2477531,32.7285156,5.1017704
50.8256226,34.4695435,8.0731144
87.2282181,12.2439117,15.3907518
9.08912277,53.1512604,4.2776022
7.28220463,52.450119,5.26553917
9.03338432,51.318409,3.60853863
5.87584639,50.9015045,3.4006722
7.70808268,50.3147011,3.10243893
7.28032112,52.7827454,3.33051252
89.4178391,15.2336931,13.467412
38.838131,20.0961399,4.93809223
40.6885376,19.7028255,4.58102942
40.80336,18.3334484,5.91595221
40.3135719,17.4009705,7.16817045
81.9628983,19.2742882,11.9817057
83.9371338,18.6384563,13.7827997
82.7346344,20.6356068,13.4179306
87.8292542,6.76687098,12.7823257
88.0270004,6.54491758,10.2536039
8.69396973,16.0567226,10.2620335
8.90740967,14.900528,8.78483963
6.59357166,14.1025438,10.4200153
6.88897228,15.1436148,7.98615694
10.193079,17.6510353,11.2299299
11.1709156,16.9192772,8.88992405
1.42369461,53.3456459,17.296793
2.96930099,33.7020607,10.1375399
4.60967112,35.5542488,8.46583748
103.171654,51.2771873,5.76587486
105.116875,51.8318748,5.68714952
103.477089,55.1941414,6.40651512
106.071259,54.4483337,6.42749691
103.518768,53.2588348,4.90760326
105.671974,54.1445503,4.66874599
99.8126221,6.14122868,7.70310402
99.408989,12.3195305,5.84173775
98.6321869,14.2735119,6.02408886
99.7967453,10.0970011,6.36433125
96.834053,13.5181055,5.88225079
109.325432,36.2605362,13.4687634
107.255821,36.0170326,13.4985008
108.519119,33.7100945,13.4961472
108.465294,34.0627708,15.7861176
110.383453,34.6220551,13.5475121
107.24173,36.0990601,15.819622
85.176796,7.06960726,11.3300171
86.4616013,8.0251255,10.1183577
42.8891296,32.7150421,11.1846256
41.8780174,33.8234406,8.9740715
44.0985184,31.9788818,8.89364433
26.8967667,10.2855644,8.33365917
27.4197998,8.67317772,7.78186703
26.3656292,9.36362553,6.11482763
26.1778488,12.1685801,8.74977875
27.2936592,41.3431892,8.31526661
21.1034946,39.3953209,14.0659132
22.8272152,41.1626701,12.0895844
56.7234764,36.8652039,4.97218132
57.9428253,37.8495483,3.33926845
58.2835693,35.9182816,4.43294954
56.5588989,35.4263382,3.21418238
55.2899971,39.4578056,4.0986762
56.2310753,38.0599747,3.52381396
57.2101707,35.7897949,6.46773672
16.9346848,55.0031853,6.42469454
110.246414,33.567955,1.82890499
6.91287756,8.1648531,6.48151159
5.08088446,7.5167861,7.696877
5.0249176,9.93396854,8.19148731
86.8209991,16.2969151,5.78501177
84.7274094,14.7492208,7.90989971
103.531204,55.4641037,11.4143848
103.258614,53.7089691,12.0817623
101.811821,56.4829559,14.543992
100.463577,56.8034286,12.8084478
101.620636,56.9017105,11.4262314
99.8152466,56.694809,10.0009565
103.384949,56.8955269,12.7373543
87.8087463,8.96686935,8.89804173
106.109077,57.0852547,10.0639706
104.647049,55.3864937,9.92655945
107.339218,55.1977425,8.78547764
6.73082256,16.8703041,9.94366837
115.321007,1.44399297,8.5488987
115.798141,1.51791918,10.0629377
8.84239101,13.6074629,6.15220451
9.70165062,15.4880562,6.40398598
100.745102,25.1002293,1.32079303
97.9180908,21.2929077,3.1151967
99.0012589,19.8241062,1.6630857
98.3286743,18.9535255,3.19518256
96.6423569,19.9822636,1.62295985
96.3009491,21.7716923,1.99348652
97.3328934,19.7329578,4.41261339
97.6857529,23.1234589,3.76160026
97.5217972,23.2586517,1.83485103
99.8861008,22.5054188,1.3673737
99.4059525,22.2241116,3.79129219
22.7706413,42.8197517,14.1295958
21.2844334,43.7787514,12.1392479
24.5962543,44.0296669,13.4817648
111.962898,36.2025795,14.1851521
113.528191,19.9154224,12.26157
112.775833,21.4383755,13.1292582
30.2039108,14.0153513,13.3597918
30.8677635,13.1381931,7.23602152
93.5764771,11.3588333,12.091589
94.7325897,3.78462982,16.7631874
93.6506958,3.5330379,15.2546854
95.2958145,3.60933328,14.5337706
94.3599319,1.54547715,17.0199203
92.3327255,3.09839654,16.3836632
90.6539688,6.31959295,11.3701124
57.3852196,33.230835,8.76214218
2.08201289,54.0816574,18.7117386
114.134361,57.735424,1.29401708
116.289917,58.2378006,1.14516246
67.8171539,41.3038673,6.80240488
68.2785721,39.0153885,8.72705078
68.3513641,41.9911728,8.939291
67.0611877,37.843853,14.2271767
96.6590881,1.44650662,15.3329468
113.543045,1.80198216,9.68559933
43.2320747,39.0762444,3.38209009
42.8576851,39.2596512,5.10982752
45.4269562,40.0886116,4.45146322
43.0766983,40.6459389,4.02749109
42.3979759,37.4372787,1.8302871
42.2556877,37.5956726,3.94966197
41.1936455,39.5822525,2.24551868
44.4638214,37.7485962,2.07817316
44.3264542,37.9052734,4.07311487
43.7779541,26.4295006,12.8215399
43.0667801,28.5488224,13.4424887
44.7970085,27.0706196,14.3041935
94.8277588,52.8415222,12.6250868
93.3668976,53.5926437,9.74800587
92.3615189,53.512104,11.9491739
53.2956963,49.6151085,18.433197
93.7389374,3.90853095,12.7854233
94.0814056,1.62064874,13.4251747
29.145752,36.0623665,13.2710657
54.5182076,40.1432571,13.392354
5.16270828,8.36335564,4.69123936
3.5209105,9.4985981,3.97680235
6.09899187,10.0735741,4.64247894
5.94362164,9.86311817,2.56515145
22.3212757,34.1255569,11.0735426
3.1385982,10.8610868,5.30678129
4.41114521,10.9482412,3.15022707
90.6427155,23.4182434,14.6551199
95.2086639,24.1330376,13.7479744
1.68540895,10.1307411,4.55349445
3.19095016,12.3508329,3.19976163
93.6330643,28.4850273,7.92903614
1.86318099,10.197711,2.49053431
4.01628017,10.8275747,1.54728711
4.07034063,8.67831039,2.61688828
7.96830893,21.5656033,14.430069
10.3192577,20.0588474,13.8511591
6.54096889,17.0470734,12.2399883
53.118515,36.5965958,14.2400408
51.7130013,36.2344284,15.9513597
50.7726555,37.8301849,14.1835423
115.022217,3.24444127,9.91111374
1.86810184,55.5221977,17.3188763
114.64476,8.71746445,13.4245071
114.520981,10.7198181,13.0840597
53.9165154,36.8651428,16.3890095
55.0266151,37.6135941,14.4765587
53.9538841,39.7281151,15.6578579
56.5816879,39.1244202,14.1868076
3.37500238,53.5759544,16.8686504
1.39691103,53.9589882,15.075531
118.731949,4.4791708,9.77655125
118.533585,4.82888269,7.71782064
111.924957,25.1496487,8.15430737
110.034897,26.8447094,8.8361969
32.9914055,9.72486496,10.1144772
4.61740923,55.0083961,9.19548512
3.70335269,56.9911041,8.49412441
3.66810203,56.7760162,10.7633486
3.4124856,54.7075729,11.1873131
6.13112116,54.4158936,10.4818144
30.1406765,26.1522732,6.47641611
28.1763229,25.8084087,6.17961073
72.3874207,27.5019512,12.9012451
56.822052,37.0235062,15.0262623
54.8370094,38.2762032,16.3500671
69.34935,29.8212109,12.4799995
71.7558212,29.5195065,14.4511795
6.54331541,44.7290306,9.70014954
4.61951256,46.2196236,11.1704397
6.27735615,45.4473305,7.12916851
10.2139921,46.387207,8.71180248
9.89899158,46.3963051,6.04538965
103.91864,5.02853251,14.1268768
105.655067,7.50491714,14.526329
84.0515137,41.0017853,13.9129734
84.7274704,39.0136414,13.8269501
83.9573288,42.8160324,14.0410366
59.7961655,56.9923515,4.94745541
60.2649193,56.578167,7.22753143
59.2193069,33.52388,5.25505972
59.4959564,34.4736862,6.9536972
60.0429344,54.8346329,4.03112125
57.4501915,55.3542824,8.82804108
56.0526123,56.6724968,7.27382374
55.7763252,55.3435593,8.65629101
56.3070488,56.791069,5.00615597
104.982559,9.79718113,4.31199455
106.608429,13.5111122,4.21667671
104.563377,12.6609049,3.76416683
61.0087051,33.0697212,5.81908512
61.2041702,34.9056854,4.9363308
58.7870712,34.5046844,8.70996475
106.350571,10.9443989,3.9553194
107.670036,11.9838295,3.75404429
86.5644226,44.3490944,13.3284292
55.5064011,36.6934929,3.03823304
82.6384201,44.1637573,13.9736633
84.6129532,45.2504692,13.518959
1.29551041,58.1571541,18.662075
1.38561904,58.6713638,16.7262363
2.66666341,58.6666718,16.6666698
59.6176262,35.9864578,3.26148462
58.358036,58.4971161,6.64028406
93.1876221,30.7901707,7.871315
53.8067017,33.254631,4.25589895
77.3354492,29.8513432,5.83634615
74.3212357,28.9557552,5.18550777
75.2064514,30.2619572,6.32927036
1.49561596,19.7694912,11.3098173
4.52051926,20.5283298,11.5164461
2.99744368,21.9363499,10.2971172
1.78074217,20.1805687,13.1983624
3.04135895,20.7778625,16.2558422
3.6914227,23.4470634,14.5056276
5.66191244,21.9002724,13.9531603
5.43033075,24.64888,13.768569
4.63557339,23.5832367,11.3591776
3.31769919,24.0403633,12.7670918
3.42451429,22.0287228,13.3980045
89.3583374,53.7625046,12.8370466
90.9338303,49.9295692,13.4055977
88.2913818,51.1634026,12.8576107
67.5404968,52.0751953,13.2179689
66.4656601,54.9351311,13.9101791
65.9015121,53.2903023,12.7600756
66.760788,53.2139702,15.4911728
66.2135468,51.0852318,14.1445408
68.5619278,53.1928749,12.1027822
1.48997366,21.7801533,15.1961975
47.2163849,46.9086304,6.5075736
3.60707045,19.934597,14.1713619
49.1650887,44.723362,8.65262318
50.9406281,45.2548103,4.47225523
49.2315216,44.1097183,4.31680918
85.9295883,35.9439621,12.222476
86.2411804,34.0168724,13.3653202
85.7944031,35.9050522,14.5919094
87.7319183,35.6440353,13.2513819
72.4115982,42.6733437,14.4342909
5.78398371,22.8440895,15.580719
6.37273502,21.0599136,16.5368462
7.86441708,22.2446003,16.6495838
71.1902466,46.1427002,9.07917023
70.5276871,46.0586967,11.4681797
70.7195663,46.1159401,13.9020987
11.5115986,21.7581692,6.39725018
51.6088791,42.1300049,13.5669518
54.0993881,41.6161575,14.4589252
56.0795097,41.0502357,13.392992
55.890892,42.876358,13.4591198
54.3406296,43.9033051,11.254549
53.7515373,43.2255516,13.3554487
45.3462029,46.9810905,9.14307213
47.4589653,25.2445431,15.5278969
46.689045,26.3548622,14.230093
45.5575333,25.4409504,15.4303455
46.1755867,26.6101665,16.9407177
46.8945656,23.0777054,15.9253588
46.2633896,24.3408508,17.1498814
46.7156715,24.0297699,13.5476637
83.5627365,46.5548172,12.3058872
82.750473,47.9224854,13.2563639
82.3093719,48.3369255,11.2465153
84.807663,47.267971,13.5221033
82.3465881,45.9847031,13.5789804
48.153511,35.8984756,11.2454214
1.4819926,50.0201645,15.1119661
95.6130371,37.7488403,13.7138777
92.5812988,37.7762527,11.2380247
94.0487213,38.325985,14.2801819
96.3815689,34.7732506,14.6509132
97.4421082,37.2171173,13.8470888
97.444252,36.9000587,16.1581707
95.3102875,35.7612877,15.581357
94.7802048,39.6413918,15.4789162
13.6512489,53.8296165,14.6235447
12.6470613,55.3379097,14.5221367
12.2279644,53.1040726,15.5520906
13.0828876,54.4104118,16.6603222
93.1789551,36.8720703,13.5764446
97.1783905,38.8423386,13.5962648
108.723473,52.8052979,14.7742834
110.811295,51.8588181,14.6590538
116.707825,1.45095658,9.36687851
107.972862,51.3012314,14.4592142
8.60259247,24.1829605,14.2924681
6.30699492,25.0824966,15.3847218
100.671196,7.62805891,5.565557
5.21906996,24.1951103,16.6863842
1.34474134,58.6165543,14.9906626
19.2708492,39.2682457,8.56211281
17.1282749,38.8588486,8.81387901
17.0032349,39.3219795,6.49051809
18.6863575,40.6324654,6.35376024
16.8739109,41.9123192,4.51752234
18.0469398,43.0909309,6.57149887
51.0746613,39.0341568,5.93467855
13.2466564,48.9843025,14.5277414
14.6271648,50.4844666,15.5378141
10.9979429,46.6788101,13.806098
109.217255,52.0832596,5.55111361
108.129097,53.7714806,7.79465532
107.907433,51.6176987,6.88611937
111.304634,20.3405933,14.2696714
118.49485,28.8551598,10.0000763
118.524864,29.5224838,11.05758
109.836258,27.291357,6.57537937
110.374794,29.5441875,6.56471014
111.53904,27.6234436,5.68334532
111.062462,37.8045769,5.71365976
1.56294298,12.1626415,8.41683483
39.6368217,46.4558716,6.05271006
40.99823,42.0388336,6.5919261
39.4233589,42.2801476,5.24600029
72.530365,47.3195038,6.60770655
76.8442917,48.7769012,6.53206396
112.214272,29.5103416,5.76310349
116.944946,3.18757868,9.34550858
118.333542,3.85673332,11.0057449
75.7751389,26.0550404,12.6244497
31.337162,17.4580231,10.0182028
31.1923027,17.399786,13.1159077
62.3327713,45.6717911,13.6622705
61.815979,45.9869347,15.6433382
118.583641,3.18165541,6.82225513
118.62307,1.38022745,8.59447002
118.484451,28.0076027,8.68705368
116.889587,29.7187309,7.22655201
116.633812,27.8624687,7.41301107
104.934578,16.7546654,8.93974686
102.688164,15.8692303,8.91033554
31.6101456,54.9523849,8.73618603
93.0905609,41.2244682,4.51471996
5.14067841,9.25110722,6.45545721
5.2196846,11.6080332,5.7920661
37.2404289,43.5879173,11.2290945
39.2994347,47.1275444,13.6785822
98.9728317,29.1012917,18.7487965
37.647644,46.1508408,13.4674273
39.9002914,45.317749,13.9819107
117.152,32.3189354,9.85397053
19.0782452,27.8705101,8.85960102
17.641346,25.8027287,6.33512497
15.922842,27.6444263,6.71403551
19.6135521,26.1714249,6.22141504
19.0010471,27.8688393,6.41282558
43.1798973,20.218956,13.2910376
45.6963501,18.1895294,13.2900505
43.2412949,17.5800552,12.6815243
44.1920128,18.4042988,11.3309736
42.8974915,17.8267193,14.5840874
41.7866096,19.2887402,13.7585602
44.3368225,19.4369717,14.5598173
41.8957558,22.4602795,14.8355198
42.1313248,20.9673977,11.9307661
40.2394104,21.5613518,14.5297461
45.7563171,20.3613853,12.7875195
42.5741386,20.6390781,15.1039925
58.8020782,36.3398476,13.0185852
57.496582,36.0325851,11.8066072
56.9379082,35.7260361,16.2164917
55.2400017,35.5679932,15.209486
109.279427,16.1909428,6.67068958
108.906784,18.4984245,6.42706394
109.545517,20.2771015,6.44483328
111.014565,18.8005848,5.93531656
44.6244087,38.373024,6.25650597
44.5035133,41.3930206,5.49663496
43.1599274,40.7559738,6.35104942
43.0416908,42.9406166,4.25893641
45.8717346,41.8555298,4.69985056
45.474617,40.3641739,6.75379658
67.0889816,31.3306236,12.4907064
67.0418243,31.1404133,15.4926615
67.4404831,33.0519524,14.1145601
65.6263733,31.45401,14.06075
64.4663544,31.9905148,11.0630322
64.0604172,30.9770699,12.7827959
114.478378,27.256176,6.16721773
37.4984779,41.8272972,11.3030586
26.6652756,11.3185101,6.51561594
20.6988869,52.1833954,5.09511805
21.5365791,51.5618057,7.16359901
118.422546,30.0039711,13.3483553
116.688278,29.9886093,12.9393358
60.8112373,49.0588303,16.6923981
62.149559,48.0445633,17.9569569
62.5113602,49.9111023,15.9825249
62.5824547,49.7020721,18.1865788
62.2634087,51.5825691,16.708725
28.5144768,29.7702103,18.8509197
32.6616898,10.4336748,6.35359335
1.45626462,2.67222977,14.6745605
1.36835825,1.3613795,13.020833
93.1652985,21.1426792,14.2369118
91.5722885,21.4858456,15.0585661
91.4073563,19.5710487,13.7739305
89.3578339,20.2663803,11.9797316
27.5664902,45.0148468,16.813261
28.6513634,44.0185776,16.0025578
28.3763962,44.0435638,18.3018532
26.6605282,43.0153236,17.6986446
26.7073383,47.1429024,18.3298302
25.7066116,45.2518501,16.4281178
25.9374886,45.2949829,18.1899509
29.2604275,45.623539,18.5712223
27.2658577,46.7791557,16.1092052
107.592125,10.3584423,14.6012955
23.5405197,1.46579492,13.0119934
104.910828,10.071888,13.0999613
105.571945,9.88846684,15.5321341
78.845047,49.8797684,4.2786274
78.4587936,49.9723396,6.26266479
80.7905121,50.7137718,3.29958296
18.6408863,29.6760616,16.7680779
20.2378426,29.8049068,15.7119255
21.0622597,28.1009235,16.2045231
19.2466621,27.7872963,15.4333382
20.2281742,30.1917744,18.152483
30.4776077,11.7029791,14.0271091
28.6498508,12.5789061,13.4219246
21.4681892,31.0690155,16.6886616
18.9083176,31.8631668,15.9851074
92.2612534,32.0279388,6.85733128
93.3763504,30.6513405,5.80281162
90.9320984,31.4140816,5.9633379
6.78797388,28.0747547,9.77081013
28.2081089,35.4546471,5.08996916
18.5795956,17.7212868,13.4098206
19.2443008,32.0897064,18.4613705
77.4692078,26.6032333,13.3920813
81.5532074,23.759573,13.4359579
73.9945984,25.276125,12.1316233
72.0977936,26.6955299,15.2673216
73.3362732,24.3206444,13.725709
74.7210999,27.0422268,14.4858532
18.7401524,29.7527447,14.4636641
17.1388531,30.4849434,15.7344952
75.4874725,25.2621975,14.6858749
74.381897,28.6246548,16.6669426
75.5562286,30.1503429,15.5889816
76.6790237,27.8705559,15.5960436
72.5376282,28.5914402,16.5944977
73.9316101,28.7718391,14.2817917
8.14831352,30.2022247,3.59414077
9.50166607,30.5148773,4.36494684
6.64054728,31.1580162,7.10391855
4.96614122,27.8457012,5.89702845
5.45977211,29.9242287,6.10896492
5.15175772,28.1743317,3.29909682
7.42712545,26.2507648,3.13285995
5.4895854,26.1757603,4.2929492
5.49761963,26.02314,6.50141525
101.502876,17.2484627,6.31419659
102.969612,18.4058266,6.63398886
101.505028,17.222826,8.86238861
102.38839,15.8763609,6.85834122
103.419426,18.291029,8.88994598
101.834572,17.5306873,11.4326706
13.5549736,50.9625473,6.19493532
13.7836246,53.530983,6.28770161
12.7866211,55.1238518,6.2734251
11.4987192,54.1522064,5.02973509
13.2409458,55.404705,8.53069687
11.250742,55.0303268,7.84662008
17.3334293,30.3612843,17.9766388
44.7196198,34.1191902,8.8649931
44.7067261,33.4569473,13.444706
44.7776375,33.7639503,11.4640636
43.3504868,31.7074623,13.5609379
44.2536163,56.7844009,7.51050091
46.0385742,56.6957664,7.21536589
44.2681122,55.22789,8.40486622
45.7417603,55.0123749,5.94138432
42.3180809,56.7446709,7.19450569
43.8192482,53.7089233,6.87415934
44.0621452,56.3737564,5.43988609
44.2395134,58.2986908,6.6403904
44.6266098,58.5446243,8.65148449
46.5707893,58.5229073,6.66338444
42.6607971,58.5435448,8.66790199
43.8644447,57.0986786,9.81013107
91.0792236,32.135891,14.154048
89.5535278,35.1963806,14.1943407
90.9244919,36.0101204,13.6284771
92.9768066,34.8851242,14.0534897
115.325668,56.7319565,11.6317968
115.108284,56.5943565,9.91663456
115.15593,53.9179497,11.3912535
113.255341,55.4704666,9.06207657
111.989677,56.0167694,10.6245337
111.824295,54.0000992,9.18486118
83.7035141,15.6410799,10.148612
82.2237625,14.7371159,8.53519249
109.69117,20.0218277,4.2678895
113.567795,19.0041752,5.7733016
111.272346,20.1631489,3.30458713
112.497581,17.8570786,3.20712018
112.467239,21.3343029,5.28012705
47.1536674,34.1444206,10.6979504
104.160492,15.4363041,14.7856741
104.360229,17.8185406,13.5671492
105.844353,16.2364769,13.6471891
107.293701,13.1125946,13.3650169
107.157555,14.003315,15.4435596
105.431671,14.753952,15.9048395
102.815941,16.1514931,15.4807692
102.732117,13.8656769,16.1489983
103.34005,18.0407448,14.9113979
104.016106,16.7232342,16.9559193
105.959335,16.3034458,15.9236727
104.752983,17.8058815,15.779541
10.2293539,39.9678383,13.2701998
9.49398136,37.6938591,13.3594427
11.7107849,38.5152855,13.4213781
70.5100098,50.7818108,5.77393198
68.1116867,49.1373177,6.44863796
67.1055222,52.9464531,4.61507273
69.633255,52.4190292,4.89725256
34.7276802,25.6775208,10.9671068
30.6585159,27.9626083,6.1603756
32.7601967,30.20681,6.1803093
31.2029343,29.4241428,3.9312315
28.6564045,28.018507,6.28828621
28.6258545,28.0132675,4.22122574
30.0287418,26.3438358,4.19253588
79.6997833,30.0013294,5.94780827
79.5807571,30.1322689,4.02279806
79.048317,28.4753151,5.77296019
32.2353706,25.9536247,4.5922761
109.500198,48.4367256,5.85362959
80.5419235,31.8833504,4.16820526
8.79722309,48.7327499,14.2990904
10.6593561,48.3685646,14.0142145
9.26921082,46.9132156,14.9881868
29.8650723,18.0071259,14.472579
31.4920769,15.5962687,13.7245855
29.0882149,16.771925,15.6035461
31.4767456,17.0145493,15.7335987
31.178133,19.0370712,15.7403727
26.9406586,42.7549934,6.33845139
27.5056038,40.6979256,6.02666283
4.68807745,27.6485577,8.3986702
4.79332829,28.0008965,11.2411842
87.8907928,48.9099121,14.6918898
89.4492798,49.0907059,15.6946726
87.9964066,47.5878868,16.985672
89.2886353,46.8615341,15.9379339
86.8870239,46.9821548,13.5998487
89.0013351,47.187706,13.6970348
86.5339737,46.4985466,15.4658699
89.2759094,50.9581871,15.7212515
86.6514587,50.5000801,14.400878
86.2957382,48.8662491,13.2689848
87.05336,50.0593643,16.5979767
86.2002792,48.692791,15.7492113
114.055626,6.96397686,4.74247503
114.377998,4.97788906,4.86279202
114.976868,7.40516424,6.41385794
115.418312,8.40342903,3.23908257
112.997742,7.68981218,3.38361645
114.97023,6.5329423,3.00040054
116.621254,7.24823713,4.89844513
114.133385,8.81942749,4.5811739
116.756317,6.28364372,3.61800051
81.75,30.1255875,5.95515919
81.4766464,29.893116,3.89380145
113.367546,5.20952415,3.11167312
95.2419891,44.7385063,13.2809677
5.39682674,6.99385118,18.4642715
3.25621939,7.49163532,18.4487038
54.1504364,31.6340904,6.14663076
50.603138,34.02705,6.09789324
71.3619156,56.9176559,3.74212956
69.9580994,54.7803535,4.60831451
72.0036392,56.2036057,5.35008907
91.6796341,13.9005022,14.7603865
36.2342911,19.9399433,16.7179585
37.7059402,21.0224991,15.3395386
36.307991,22.5697002,16.0574608
117.179764,1.78822982,11.3387194
69.0576401,54.6065903,6.0866394
37.9325638,17.1894817,10.3047714
37.3292122,18.6346359,15.0598726
34.4780159,21.1049309,13.7169304
32.923275,38.0889816,15.6145725
35.2868233,36.9678268,14.0194998
32.9288254,35.7904167,15.5281696
35.324585,38.9073563,15.8729763
68.5895233,53.7782974,3.17294025
12.1243382,5.21946478,13.5349665
9.05749416,4.90813208,12.821312
12.0367508,4.70927191,11.5958014
20.8364944,36.261158,13.5175009
21.2646904,41.9680557,14.0564518
76.3570709,54.7565689,13.6344156
76.309639,56.7362099,12.7598324
78.3214798,56.7264137,12.7533779
77.6767044,55.5237923,11.3834925
76.7502518,52.4789314,14.4681139
78.2090454,54.4811401,13.862505
76.6249695,56.9926224,14.6396894
74.4616623,55.0828781,13.5467072
74.4358444,53.7373695,14.9883537
75.828743,55.487751,11.6043072
105.916832,55.4043846,11.4686651
68.5249023,42.6582909,15.9943256
68.83461,44.8766212,15.9160786
66.3490219,43.6083755,15.3864231
65.5541534,45.7791519,16.3300343
67.2969284,46.3296738,16.302166
68.9122925,46.7523193,16.0830975
38.5835609,33.3598518,13.9070654
41.3999405,31.666029,13.9574432
39.4335632,31.7055016,14.0076532
37.4713593,31.7678776,14.0480375
84.0453262,52.8329544,15.3494864
85.9775543,54.8123856,14.3636837
88.3638916,52.5506783,14.3383503
88.2256241,54.9835663,13.9965515
106.111107,26.3226337,11.2419739
108.548401,25.9063377,11.1325922
104.413643,25.9222698,13.4995337
106.633049,26.2586784,13.4695539
107.799446,23.7615166,13.4557781
108.132729,23.215807,11.1746769
45.6131744,35.6754303,13.1659212
11.9685965,5.2376442,6.20663738
20.7929287,2.50284123,1.28163147
113.29908,24.123106,12.6098843
108.599701,25.4765491,8.90039539
4.66073179,1.47886395,17.3261509
3.69597149,3.39063048,16.7262516
3.3269105,1.43756104,16.6275158
3.2654686,2.39481115,18.6537819
32.5238991,42.0367203,1.82844937
109.86467,24.7427254,13.4555807
94.5913773,34.1201324,15.9871273
94.6012955,32.0114594,15.7301817
84.9463882,35.4168739,6.61463928
83.4447479,36.7581596,6.2002964
84.3111572,38.3884239,5.94818068
83.3827362,33.7478676,6.4260006
84.5368958,35.7964745,4.71014786
82.5360641,35.5275612,4.29574394
82.195015,37.9124718,5.88107395
24.6609478,47.2134628,6.41066122
26.7428684,13.2852936,15.6687775
25.0228767,14.0582867,15.9870358
26.7146893,16.900671,16.2374496
24.8656311,16.3244362,13.9242735
24.5611496,16.1723843,15.9814463
114.680115,27.3940487,13.7765732
112.168709,26.6327896,14.3051043
114.523712,25.6585217,13.7221098
5.3774395,32.7497482,6.24738598
5.77736187,35.1330757,5.24126148
7.84733868,34.6168022,5.68390703
8.64217949,32.115509,5.61820507
96.3816299,17.9128399,5.51478434
94.9674835,18.5426369,4.51714277
95.1841354,16.3144417,4.39520836
97.683197,17.5293827,6.69759464
12.3431025,10.5101824,6.00000095
14.1492758,8.15939236,3.50410795
15.1770658,10.2809019,4.31409073
77.0764542,52.4412346,5.46208334
76.2042236,53.8216896,7.74558401
93.762146,11.4201689,14.0293875
37.1598358,53.4758987,12.1414652
38.0287476,55.2286034,11.0821686
37.8270111,51.6167259,14.2962351
36.1032143,51.8657722,12.630722
35.92453,55.2735748,14.132679
35.8883629,55.4835434,11.4466133
65.3068237,28.2836609,1.35397053
65.114502,30.7915516,1.49276328
67.1731491,29.8730011,1.59029865
29.1808128,37.3771667,6.47851992
29.4019623,36.0354233,4.02569151
30.5387535,34.8839073,3.75421906
28.5797672,34.0548859,3.84721327
27.570303,36.7620659,4.08928251
29.0754261,37.8880348,4.26731253
50.4140282,55.2725105,11.1328506
50.7830353,52.3036804,14.6325665
57.6238632,32.4315186,14.3470831
57.9546051,32.9074097,12.7901773
56.3209152,31.1914139,14.3011866
95.5257416,37.7685356,4.3226943
99.3392334,37.2479172,4.11456251
97.4918671,38.9184418,4.48128462
66.2848206,43.6685791,8.57616901
16.0565929,55.3019905,8.78288841
17.6464481,56.658493,7.14820623
59.4896088,34.2979355,11.6291695
60.8229752,35.2104416,13.8393736
111.438835,1.68502176,11.5751314
109.945961,1.63096881,11.456151
110.578316,1.46695685,13.3492975
60.474678,34.3915062,10.2473927
62.3225327,33.6914444,11.2602596
18.3558044,55.446228,10.1477919
19.5997906,57.0277977,10.2699156
25.2492733,18.2342815,13.9019165
115.976913,50.725708,17.2786884
116.280762,49.1319427,18.5859089
114.565704,51.2009163,18.4154568
27.1765308,19.0265846,13.7956486
116.014381,49.1793137,1.47325468
116.731544,52.4280205,1.58954692
63.3077126,52.1575279,12.9115725
103.075577,13.8163166,5.98482847
19.4437065,54.6514854,6.14819479
19.9547348,56.6053085,7.16409254
102.9646,10.654542,3.93358564
75.048851,54.7095795,6.1202116
72.8458786,50.9455338,4.94283104
48.5858002,25.6373272,14.1558094
48.0232925,27.1060219,15.4342031
49.800869,26.1751003,16.6959209
44.7309265,24.5065575,14.0568314
34.8596382,31.4314251,4.74595261
34.8951454,29.0058594,4.06006861
36.5291672,29.9026241,3.8680203
37.1192398,31.5495548,6.02544785
18.4166317,20.5257854,6.29872799
10.4673376,48.0609207,6.54834509
12.7818213,48.5094299,6.40344715
31.9876289,11.6189985,15.9536686
32.1905975,9.84768009,15.4464293
29.8224945,10.8117113,15.8653069
31.0141811,13.2561636,16.2521667
33.7243652,12.8073139,16.1041641
32.2918854,12.1405973,18.3737984
16.2131252,23.1596737,6.53451681
14.3155432,24.0330887,6.59949732
15.3788118,21.8682938,4.21502113
1.52410805,8.53903961,16.9971695
29.8814449,11.078825,18.4574966
32.8203773,11.3655996,14.327157
32.6123581,13.1176901,14.8429165
15.5736084,44.9860954,6.36770296
13.7316141,47.0072136,6.65865326
14.3549404,52.2363968,13.7270908
18.5324306,50.5016747,14.0427523
105.120003,43.7917213,5.54809093
102.241646,42.4810524,5.27535057
103.218857,41.7862892,4.06029654
103.183708,41.8380661,6.40716791
104.799042,45.2605972,4.25914145
105.162033,41.9002304,6.25286865
106.716583,43.6038628,6.65118885
102.918915,44.2097015,3.86091256
102.923592,44.1946793,6.32719707
23.5270557,40.7516899,13.9060783
19.9520855,38.0598221,15.8669767
22.7428551,36.1348114,13.5152378
16.350193,20.1240559,4.42078447
13.3048859,22.3095112,4.0561657
24.1445732,24.4931755,13.9151907
91.978714,21.5237083,4.36574411
90.6520386,19.6451797,5.74525023
90.1233978,21.8972569,5.84489679
37.3988075,28.4212914,13.7331963
39.9681015,25.2076969,13.827178
38.9721718,26.6451054,14.2618351
41.4879456,26.0910969,13.7755852
39.2984009,28.2734776,14.0769548
53.0123138,38.1591949,15.9843931
53.2252846,38.2223625,13.9946222
1.38944638,6.2558732,15.2481995
100.76165,32.2486305,11.0592508
100.540855,32.0208588,13.2545872
99.1125565,33.5176544,11.303484
103.466476,32.022438,11.2485504
101.824242,33.9446411,13.3072577
103.06768,31.5433426,13.4858198
43.0514946,26.6097107,15.1620703
42.76091,24.9798126,14.5622168
81.6685944,33.9539337,6.57121038
11.7553082,51.8175201,5.65432882
113.826324,53.0644608,12.5750132
110.477768,54.3092155,14.841959
112.063835,53.3284225,15.8913536
110.491531,56.1588783,13.3703327
56.7527199,41.868988,4.20614433
56.0114212,43.4997063,5.45237064
45.9027863,20.659544,14.607583
46.5133858,18.586483,14.7383795
44.6820526,18.9548531,16.3599548
26.1935825,3.50054383,14.5463152
26.6495705,7.94673443,14.8849106
99.2726364,17.8705196,13.0044909
92.8937149,33.2173157,16.0811081
91.5908356,34.1036263,14.1386328
93.1336288,35.0973244,16.2087154
46.1064606,22.1945572,13.1939878
45.104393,22.4440212,15.5594873
4.61280727,18.577652,11.5244503
4.69248962,18.102087,8.95838261
4.75475168,20.0382442,8.52574539
86.6054001,12.4048481,7.23336363
87.3701019,14.1191511,5.72716904
75.5785065,19.5569401,10.6712961
75.3763733,19.1280003,7.40755129
76.2243805,17.8846531,9.99645329
25.8817348,18.7465382,7.83678579
47.2289314,19.348814,13.4019985
47.518734,21.7452888,14.7043133
47.9474297,20.0527344,14.7440138
104.229568,11.566411,14.9501257
103.240845,10.2501764,13.9707928
102.839691,12.0558195,16.1832447
103.474922,10.1941719,16.1416168
70.0040741,54.9418144,8.48751068
3.25210357,12.3541584,16.7396011
2.47550344,12.6431198,18.5664387
4.89497948,12.6214542,18.4349442
46.6960487,21.4607849,16.8468266
56.6025047,49.2634087,13.9454145
53.8420868,48.0577011,13.7798681
115.099403,54.8620033,6.5159955
116.898003,53.4495773,6.5580883
115.74968,55.1706161,4.49761868
116.944435,56.5025635,5.91454744
115.168068,56.871273,6.04844236
115.09832,56.7555428,8.2890377
113.413933,57.2022285,6.37450695
44.6560211,20.6736832,16.8224812
46.3839798,18.8487148,17.3695412
106.459816,46.6333237,13.6349173
5.04083443,48.7142639,14.5589666
6.97756195,48.4276276,15.4926615
88.103302,6.64720678,5.39684439
88.7428055,7.99229002,3.30335712
89.6812897,7.65257931,6.28029013
37.2967377,18.1762867,6.15483952
34.3262291,16.8810577,5.1634779
34.7784729,18.5103016,5.2575202
35.1498756,15.7080736,5.97178221
37.8865013,15.3468037,6.32629347
37.0707169,17.1099434,4.66053724
39.1327209,18.3248825,4.92741537
39.6576958,16.6831455,5.19859171
86.6062927,7.753479,5.44511843
86.8502655,5.33935642,6.56093597
88.2047348,6.33123446,7.25803614
29.110981,42.1028786,14.1290636
87.8532333,9.40890789,4.87151718
88.1625748,9.27760983,6.59217691
28.5963459,49.8835831,6.68714571
31.7395992,47.476059,8.30190945
35.5400162,50.1901436,13.6225996
34.1764793,49.9158554,16.3036232
35.5664978,50.7013931,15.8132277
89.1936569,6.1455574,3.4351635
86.8534012,5.34068537,4.87600517
87.5222778,6.83235264,3.61554003
69.1562042,31.0751362,15.2716494
67.8862152,29.3525639,13.7160501
68.2758408,28.4933643,11.4709587
69.583847,27.7127934,12.6986866
1.77937531,18.1037807,17.6092339
69.050087,29.2598133,15.1684189
23.1152573,45.3080444,6.18608809
14.8286982,43.7884712,13.753047
18.9219875,42.7455902,15.6708279
1.508533,10.1652164,15.2879305
1.38944638,7.8398056,15.2481995
57.36483,33.5889435,6.00292444
53.8875656,30.324667,8.37548637
1.44526875,13.4201984,15.3182154
55.5966454,32.1204758,5.28828287
56.1046906,30.6173344,7.17767763
43.0485573,44.6993065,3.03425384
45.1827316,45.8394775,3.93214297
41.2062035,44.0177879,3.99931812
15.0631046,25.7517357,6.57653379
89.0146713,34.3172989,4.04456997
91.1782608,35.6486549,4.05239916
29.3189678,37.787735,13.1541805
91.1622238,31.637537,3.9023447
91.5447845,33.5789032,4.11369658
88.9067917,32.3510094,4.02142382
33.8243446,43.4673271,8.93377781
35.3398361,42.716629,6.40416861
32.9361687,13.8094511,6.74595213
32.375515,15.384697,5.70599747
35.6329193,14.0347767,4.33355379
33.4738426,13.8302431,4.75901413
34.555809,14.8457918,3.16181517
117.148521,41.6567535,10.0066366
114.960373,43.6254921,8.64578915
115.239113,41.9993591,10.2493515
36.0048294,39.0849762,5.99131346
13.941843,35.2230186,8.86616993
16.5999775,36.161438,11.0728588
17.090519,35.4680862,8.77220345
16.1788311,37.1233788,8.72634411
12.0702934,33.9602661,6.49392033
14.7056627,35.8317566,6.83041859
8.76488018,10.2408819,4.19210291
8.76783466,8.77846622,5.25780106
33.530014,39.8550682,4.55568886
78.6129913,24.0647926,6.20289326
75.9864502,23.5321064,4.58878279
77.5718307,21.6911068,4.94991589
80.0430222,25.2740669,3.92521739
78.2820053,25.9648266,4.38050652
78.9081955,23.9592228,4.03028584
76.7393341,24.9049301,5.71973467
21.6909542,56.5343513,12.7271185
22.0570774,57.9650154,11.4796467
23.5580235,56.7816048,9.86902142
22.2063503,54.6040535,13.9948044
93.4441452,29.0390587,1.93835509
93.527977,28.9164639,3.97340035
91.6617279,29.2350864,1.67009485
91.4997559,27.3225842,2.16629219
23.9319992,56.8521385,12.6232948
103.430557,41.824398,13.2031307
105.216293,48.5517273,14.9025431
105.053329,47.0293732,16.3755226
104.774437,47.0678902,14.3827896
106.733498,46.4230347,15.7713099
103.293976,47.7538872,16.1875896
106.097656,48.5187683,16.1754856
103.252129,49.6277008,16.1042995
105.512833,50.2409325,15.5455141
28.9859028,44.1729927,14.1102924
114.818932,23.1707535,13.1482277
110.284828,25.5552444,6.63480854
109.484344,23.8507366,6.6481967
108.566978,25.3063488,6.59305763
90.6168518,28.1903324,3.03719258
36.6730194,21.6900826,6.15655565
51.5599022,44.2493401,11.2515268
49.4695206,43.9061432,11.0741348
49.3034935,41.8966293,13.5410872
47.3928528,46.6165237,10.9483957
47.4825821,44.8924637,13.4984713
49.2923317,46.1822014,13.0459843
89.4359894,26.967207,1.57603741
90.249321,25.6819096,3.71489048
51.6531143,45.1746216,13.2923889
50.012291,44.254261,13.0978651
4.36495161,10.6777334,16.8677711
5.70942736,11.0305967,18.4987164
18.5082283,29.6322823,6.74550438
117.057243,1.53138304,6.60584593
44.6586342,19.6157379,5.55465221
44.2514305,22.0824413,5.10043383
45.7961464,20.9304466,5.44826221
46.6718979,23.3193951,8.49106407
89.5454941,28.9055595,1.99000847
3.87606716,38.7549019,7.00295877
4.61329317,37.5329475,8.5500536
3.00836372,36.9662018,7.72895336
3.69509816,35.5515137,5.48263979
99.3622589,6.56709957,14.0299797
96.7246399,6.86448193,13.8863344
97.7332382,7.3380723,15.3971453
99.2514954,8.56202602,14.5229416
99.4123459,6.80389071,15.9091682
99.7364197,5.06841564,15.111207
75.8967819,55.4467735,8.54044724
77.8683853,55.5993805,8.17269993
30.9426022,22.7318974,3.61288977
29.7209644,24.6152859,1.16245365
29.531559,24.8540668,3.14914107
7.40388823,10.7934561,2.91750598
8.76202488,11.6520166,3.16377449
9.09912395,9.5975008,1.48355198
10.5995245,9.42019176,2.04447913
6.97187424,11.7044592,4.41053247
9.20653915,11.6399651,5.10330439
10.6652184,11.6334724,3.94089866
10.5975876,9.38374138,4.05071306
77.891655,21.6589012,14.2929697
76.5035629,20.4586182,12.7827806
75.077858,22.3393707,14.0178595
80.3143463,20.9382534,14.4581966
78.9172974,20.2239075,15.7172565
77.9266129,19.5639629,13.8910885
79.3750534,23.9317856,13.4777546
30.2938595,26.2290459,1.75188065
94.049408,24.6610832,4.02629137
93.9310303,21.8067989,4.08181763
27.3936081,24.1268787,2.80630159
28.9256077,23.7080708,4.31458426
27.9781685,25.7969799,3.64678884
31.185112,24.513216,3.99318218
65.9391174,55.1381149,8.8533287
67.6788712,55.0757065,11.3349981
24.3369484,16.1748371,5.78681898
23.5209808,14.9476175,6.00602293
51.278511,32.3339844,3.31193042
52.4956589,34.1048546,3.06818318
24.5199299,17.8817749,5.7128396
52.8460693,31.7812443,3.25742936
53.5837212,32.6426888,1.74974668
81.9329758,56.0326538,10.6446419
82.2598038,56.8950424,7.31767035
84.1712952,57.0770988,9.8283186
80.0891037,56.8655472,10.2674093
54.375473,31.1847172,3.28893638
106.639259,30.2367001,8.73840332
108.532104,29.9112206,13.7959223
106.801819,30.185154,13.4204521
106.653191,29.3592911,11.2555666
107.229042,32.4454765,13.4694166
7.9836483,18.4048691,14.3063192
61.7742577,42.0194511,14.7696199
64.0218048,41.8322182,14.6007938
61.9395752,43.6244431,15.4980373
61.6885223,40.4818497,13.9243031
28.1527576,26.1956482,13.2501822
86.9076767,16.5703163,16.6158981
85.8220596,14.999711,16.7423038
86.0617981,18.1124001,15.581008
88.6052551,18.2258892,15.7049847
91.5013657,48.1900024,13.6121807
95.5152588,49.7556419,11.2597437
95.6845703,51.1013908,13.9356794
93.6891861,50.7723656,11.6801996
93.564537,50.8723602,14.1984568
92.7128754,52.657856,14.019515
95.7774582,53.0729523,15.0557566
94.386528,54.8390541,13.9696541
93.3098526,55.1911659,11.3291512
96.1780243,54.9762154,11.4631376
27.1206856,31.0904312,6.28464127
55.1015816,33.5952301,3.29057646
63.7888908,47.4597626,4.63278151
52.6351433,36.0869865,3.21183586
54.1522827,35.5790024,3.00465298
54.8360558,45.4168777,14.6734219
52.7151222,44.2168236,14.4528503
53.7258492,45.7885818,13.1937752
53.5742073,46.2413292,15.4107838
55.8748398,47.4516373,15.8041763
56.3003159,45.2049217,15.7591295
53.5658073,44.7175484,16.5854454
55.5946426,43.2815514,15.8139715
53.7653885,43.2286835,15.2944918
53.8056908,37.0155144,1.46769595
54.2986145,38.1528168,3.76686287
103.738899,27.6597195,15.5452862
102.523666,25.3898964,15.4316673
101.360962,27.8584061,15.6355619
100.170486,25.4813557,15.8568163
24.8172665,36.1724167,13.5766573
93.0781021,36.9212151,15.7294073
92.439827,39.1143951,15.839366
94.417038,38.0774994,16.3261623
31.0841808,9.86756802,13.8264799
34.6000023,11.3563423,15.5833015
30.3688869,8.76296711,16.3395882
35.485363,9.88927174,15.056653
33.5673256,9.90896225,16.8144169
33.8901825,8.15568733,16.5136852
31.3589573,10.1108599,17.0714378
33.0322075,9.58134079,13.8019361
15.3553009,51.9668159,5.76261711
17.0541668,53.1462631,4.51780319
26.5067463,10.6175518,13.3019571
25.0848656,11.9247417,11.088274
28.7649517,10.2475567,13.5607252
54.2000999,51.5895844,4.79116678
56.5798683,50.7059937,5.1052103
98.5963287,51.5025902,5.69141722
97.374054,52.9040794,3.33896446
98.5210419,54.3033218,6.33996248
99.4148102,53.1524734,4.59239769
96.8077011,54.6219139,2.64951158
24.4650192,49.4004898,6.55777693
98.6570816,28.9944611,6.52488804
100.331245,28.5450878,6.46987057
101.884453,30.8382244,8.65484047
100.817467,28.085537,8.89641666
101.20507,32.694191,6.65681553
80.4473343,16.6649666,6.58214521
79.7459488,18.3671951,5.3296237
81.3079605,17.9953022,10.472064
80.1632004,21.1368389,5.85037184
82.8924942,22.3824883,11.2457561
47.6221008,38.7130737,3.97795653
49.6195488,38.0040817,4.06251383
47.6605415,38.9352112,5.96351242
47.8432961,36.8401909,5.88270664
49.4870911,37.9675407,6.05253506
88.0178528,3.91635275,14.9733028
96.8582764,46.1855583,6.21029758
49.5600166,35.985199,13.7893457
47.6078033,36.1784172,13.5911617
48.958004,37.8215561,14.0013351
14.0823898,36.501564,13.5925436
13.4068108,38.1572952,13.5435781
14.1020193,36.7629738,11.3064003
13.8731794,38.7484322,11.6380234
80.4118881,37.0946579,5.8931632
82.9672165,39.9418068,6.11567068
80.8462372,40.9932213,6.4792943
60.0639839,52.0716896,18.501936
58.8593674,51.0807686,16.3973312
76.2404175,35.829464,13.3236609
75.0297623,33.6286888,13.2233915
43.5032387,41.4760361,13.0438423
42.3546219,34.0206833,6.65254021
38.1130257,32.9231148,5.89751434
39.8498154,33.5908585,5.98007488
99.4721909,16.3867741,6.62317514
103.335251,20.1836147,6.54211807
6.34367323,53.1598854,8.92993546
101.088646,27.8828735,11.1487675
114.925323,52.3689423,5.41910934
112.771492,52.2153473,3.25947213
111.33744,51.9875336,4.59608841
113.889351,50.1091957,3.27005029
68.5326309,44.4567909,8.90189171
70.5077133,43.4414902,9.12302399
69.6535568,47.431179,13.5743484
115.421608,38.5895538,14.1144228
116.665527,39.9573746,12.6121321
114.604599,40.7871094,13.7595625
27.5548038,15.0536509,13.7656832
98.5293808,19.8433571,13.4627342
57.3607445,52.5836029,15.2151966
64.1453629,54.7264977,6.11310387
65.0822754,51.1216965,4.49843121
63.8161507,52.5421562,3.16831565
64.9927597,53.7669067,3.13307261
57.3773727,54.9496193,11.585474
27.1714745,50.7930069,6.52885199
54.861454,50.5055466,1.54967916
56.6035614,49.3332558,1.98426759
55.0212212,48.9468346,1.48608065
106.820679,17.4142818,11.23277
108.748299,18.0151825,13.355752
104.747726,17.790884,11.3247776
91.5318909,54.4235954,13.781023
26.1890717,27.2051296,5.83954287
24.8547497,28.6604671,5.99710035
22.815588,25.2458553,5.87871981
22.8972225,28.522913,6.21558285
20.8586845,28.121563,6.65113544
35.4165611,49.2681465,8.75330257
111.426559,44.5232658,14.2339048
54.9549828,48.5726395,3.70534492
56.2644958,51.1221695,3.15176868
56.5140724,49.0816116,3.9130671
113.453949,43.0603867,12.2927046
109.370796,43.6862564,13.3531857
81.1408005,43.0751038,13.9739218
3.58898187,18.5495548,18.4158516
54.0134506,56.7327766,7.24827766
30.015173,53.879631,15.0521574
29.8977566,51.5917282,14.5660744
65.9080734,41.9368324,6.42404127
68.2503357,45.2828636,6.68863392
67.9587631,43.3271904,5.6512537
66.0911484,44.1019592,6.53639269
51.4508362,28.1115913,12.5428152
50.7903252,27.732523,10.0407791
52.0133362,29.8875732,14.2430935
96.8517303,41.0686722,14.0261679
12.584959,31.0302582,11.1600513
19.0054283,7.83524179,14.636364
17.2102814,7.29759741,14.6643848
19.1795864,5.29520559,13.780962
20.1918163,10.0231667,15.9594545
20.2991161,8.45685863,16.691
18.7605648,7.35373116,16.8461132
18.4950542,5.94880819,15.5141668
20.1516361,6.76286125,15.335681
36.3290405,47.0531425,11.1966991
35.6312256,47.1730042,8.86571407
35.6307716,47.4392586,6.66049862
79.0104523,36.0642967,6.245996
64.7062912,27.4698582,9.94616699
65.390976,26.9541302,11.5775461
64.3318176,27.7480373,11.3524799
33.0208626,35.6102905,10.8958616
26.793581,47.5668945,5.25931978
29.2269382,45.9611473,5.96635246
28.3764267,47.7582588,6.36728525
26.7691822,45.3365364,5.99586248
28.8329315,47.5431252,4.03600407
27.0189972,48.8431778,4.69372225
24.5624237,49.4655838,4.36708069
24.5277519,47.3637161,4.26189041
27.02981,46.7267876,3.85679674
25.7753906,47.2658768,2.96678257
99.3890839,42.0583801,6.43124056
101.051903,43.1919594,6.39178276
45.1580887,47.4710007,6.648417
47.2500801,48.7302589,6.53489637
47.1455193,46.7654114,8.70144463
49.0991745,49.4839478,6.80326319
60.251812,52.5219879,3.18379951
59.8488503,50.8189926,3.76759171
13.352066,7.04535246,14.0573025
11.042716,7.23828173,14.9599218
106.514465,26.240612,6.12856483
106.73941,26.2583733,8.80927658
107.870239,27.8628559,6.52907944
106.586533,28.0940285,9.0450964
108.53289,28.050766,8.98688221
107.545647,27.5464115,11.2931414
104.348969,26.6360703,8.86566925
104.475609,26.1273117,6.64942694
104.997726,24.9792519,8.69395638
105.377464,24.4185143,6.49794483
74.1039963,55.1820221,11.3440199
74.1886673,55.1137085,8.2647295
73.9728928,56.934742,9.77705956
22.4224091,29.4947281,13.5733614
96.1439438,4.92123127,11.3345127
96.8239822,5.16762161,8.63735199
66.0731812,33.2817726,15.5735054
67.3179169,36.0237579,14.6179562
65.3578568,34.9181404,15.5899687
67.0486374,34.4322701,16.9297657
68.8148193,34.3975677,16.607378
68.6486664,32.495369,16.3903904
64.6315155,32.9212761,14.2203417
72.9269485,49.2040215,6.41145086
19.0297661,52.5439034,5.11589479
17.0941639,55.4711342,11.6488066
13.988431,56.7407799,7.36586857
15.6541033,56.3058052,5.51736641
15.1024179,54.3545189,5.21854067
18.6152267,56.8577271,8.63077641
29.0210686,14.6522703,15.4133663
31.6281128,15.134388,15.8614035
28.9774494,12.5308218,15.5185108
107.219917,16.7188454,6.79403639
72.3421936,56.499054,7.18683624
3.80037928,53.3601532,8.81030941
37.0057869,16.4841194,12.6906376
35.3789368,15.0423813,11.9860954
36.3738899,16.2192688,14.8313885
34.5375824,16.8223495,14.1453304
36.1529312,17.8817825,14.0052538
38.8451157,15.6314363,13.9434099
38.3381157,15.0444622,11.3971167
37.0068359,14.4360199,13.8345594
82.8034744,16.4313183,12.2833185
83.466568,14.2727222,13.7694798
65.0638809,27.1759987,2.88243008
65.5110855,41.7879295,1.5604701
28.3111439,4.57080555,18.5283165
83.3236847,13.6390762,11.2845449
92.8201141,4.78944778,16.668705
94.1916351,4.1516633,10.8936138
91.4677429,4.51859045,12.7952805
91.3658295,4.12533522,15.0068521
91.193924,6.12363386,14.107832
95.3379593,5.27878761,15.1662922
95.7403717,5.10026407,13.253129
73.0797958,23.5901394,8.50512028
116.932678,43.825058,10.115221
74.180069,23.5903053,5.03716183
74.9366455,22.2019825,5.82740021
72.0655136,22.3179264,6.72670937
73.8812485,25.4994907,5.38502073
75.2874527,27.0777874,5.68721819
64.0357819,54.9528694,12.6189213
64.6401901,52.2282867,14.3744211
64.7950897,54.0610199,15.4112396
68.3451691,52.5774994,14.6959295
70.2964859,51.9120483,14.1552019
118.443382,1.48881948,13.4020901
118.69413,1.27793074,14.9166679
34.1208611,6.39317751,17.3173103
28.4731579,1.44993901,3.23363042
23.178894,17.0891666,13.9623642
21.7109642,1.46651638,6.6541276
20.59132,4.51736784,1.45005548
43.2569542,15.6025562,6.60445595
86.675766,10.7892342,5.88863707
87.9480057,12.2462654,5.35546541
86.5552902,10.6371059,3.30926514
84.46492,9.9112711,4.98618412
85.582428,9.08521938,6.19359112
11.8884277,17.0434437,18.6699123
86.9094696,8.9114418,3.14680219
84.060318,12.7993031,8.50473309
84.1054611,12.5485535,5.84029484
91.8030243,1.46942484,16.921505
29.4114304,2.97802639,18.6629715
2.90920329,58.4851189,5.72710085
4.40639877,58.6107521,6.49677563
4.6488781,22.2392693,8.93784046
48.2764969,20.1821556,9.99751663
7.06774664,16.521944,1.70414567
9.20149612,14.9568443,1.48929286
9.43917656,16.9771194,1.42820036
4.90920258,28.1123066,1.58852935
2.66776443,58.554966,2.6627779
0.884356678,58.6989746,2.78570724
1.56380868,57.025959,4.47823191
63.9710503,40.3293343,13.4142094
84.7692947,14.7615376,15.1536417
84.5760803,13.5036097,16.557333
82.5854416,50.4261017,15.4161148
84.6642609,48.8586998,15.5980635
24.3505783,3.14308619,12.7886133
24.5577774,1.46379781,11.347908
25.5218239,1.47551513,12.8425598
50.8236618,22.9460888,2.66112995
19.4140072,42.6282501,18.1352596
26.8350811,39.3028297,15.8053303
47.1928139,56.1574516,1.40225983
118.640396,58.6177063,6.93229008
118.666672,57.3333282,5.33333683
117.333328,58.6666718,7.33333635
117.333328,58.6666718,4.66666555
118.420555,6.5340662,4.57609367
118.268677,8.00636959,6.43426275
118.461823,6.31537104,6.69318247
17.4977226,12.011198,5.78258133
18.913908,11.0395346,5.96790934
81.0610504,49.1663589,13.4256306
80.5403748,47.0951195,13.6667356
63.8628235,28.7684059,2.66131234
19.1178703,14.7657604,5.91021872
78.4701385,45.6184044,1.51675224
78.726944,44.1037521,2.11517787
76.8934097,45.3055229,2.05545998
63.3998108,37.3284454,5.36836004
64.4242401,38.7592926,5.99968958
92.8973999,3.34334373,1.47606444
8.84949112,47.9638863,3.63087201
7.0235734,48.5950279,4.1683569
8.00115967,46.5247154,5.65202045
5.23785686,47.1942673,6.03671741
64.0164032,28.1985722,8.55716896
64.2331009,27.9400158,7.05872774
65.8278809,28.8683109,8.74984741
65.6839828,26.8578243,8.48926449
85.5375671,25.2369633,18.5713596
11.7313108,50.1099091,6.35730696
94.0114059,19.0589581,18.1078758
83.8266144,48.7587814,6.46559525
82.806076,50.0415039,6.17418098
38.5940514,33.1590881,3.61037636
38.6372566,35.1006355,4.23742294
76.887764,15.1657963,14.7433605
108.610092,2.48854971,1.3206563
107.234726,4.94231939,1.60146165
109.930725,4.20280027,1.51844573
39.3132019,31.4499092,5.7797718
37.4636993,31.4441986,4.18632412
36.7831459,32.3024712,3.61807656
37.9330444,31.2093353,1.60237288
101.269989,42.8382835,13.6036453
90.2142563,3.47919011,8.55240726
88.1311722,4.02870369,8.51816654
84.3254852,47.107254,15.5316324
24.2643585,33.6951523,13.1842222
100.02655,1.57540452,6.6802125
119.19593,1.08222961,12.7589207
95.7036209,2.86461234,5.34327745
94.0744934,1.54445207,4.68226337
96.1842499,1.53908324,4.68957615
95.8225403,1.66322744,6.62056255
97.5550156,47.0534897,13.6514721
106.484055,2.49383497,18.6152668
118.663132,2.597157,15.5231733
95.4977646,49.4692307,13.3795967
113.435303,1.60056293,13.4313107
118.70903,7.94702339,15.2065706
83.581131,8.51011467,13.1119747
102.567924,1.54631257,3.23568821
104.922142,1.43638396,9.7579689
97.0338898,12.599987,1.66398942
111.650261,1.44479799,3.32875848
118.544044,11.3801184,6.66218472
23.4814167,56.4929924,7.37425232
21.8685837,54.5932236,6.57827997
115.157722,1.40544665,12.5247574
116.798218,7.61476183,18.3950291
66.2837143,29.2018566,18.4881458
118.55497,42.2710228,15.1550694
105.753304,1.4457016,13.0257235
93.8181686,1.92803252,11.1394567
34.7061729,12.3130913,13.816061
82.438652,48.1384697,4.19151068
116.870895,42.1878548,12.7374001
118.562424,42.2908401,11.1804638
118.542709,40.5746918,11.29914
106.191895,34.2266922,15.6412878
105.293556,31.7890491,15.7471457
118.554008,29.3391991,8.66487217
17.7689819,53.8944702,12.2826805
15.3261404,54.6050262,13.5905085
118.555145,28.2230778,3.30809569
14.0592136,55.2987709,11.7392797
117.492332,3.66337872,1.49843585
99.8517151,6.90570927,1.419999
99.6733627,8.8355875,1.31302452
106.417259,21.7578793,18.303463
118.500427,15.1322927,10.354496
118.419785,3.16587543,12.9201994
118.450035,4.743505,14.1196928
116.711121,3.75555301,12.1555595
116.218674,3.76949525,13.7864599
32.3546257,9.21991158,8.41462421
30.8300838,7.8304882,8.8058672
30.7403622,7.78886604,11.7443676
116.833336,1.47252309,13.9166641
32.3613892,8.95528126,11.750124
118.673431,36.3075256,3.25799894
118.414543,34.4660492,4.91466522
118.537003,36.5725975,5.07541943
112.91954,1.50846481,11.5329247
114.909691,2.81453085,11.66644
104.431717,34.2963715,18.2624111
6.78594637,53.4074173,12.9676456
40.4278107,56.6187172,7.35920095
37.974659,56.9019966,9.41712666
9.93626976,51.8046722,16.0319004
9.35969162,54.0929565,15.4524899
75.987999,58.5172539,16.9104176
80.9711304,11.3137178,13.327549
11.5430517,53.0947456,13.3262119
11.0555801,50.7565231,14.9905405
36.4624405,55.5181732,8.72491646
38.1315994,54.8801498,7.71239853
109.438553,56.8614769,3.54485655
107.558388,56.2544861,3.28270936
109.538322,55.9052887,1.52624452
109.286873,55.1976662,3.46417952
118.651833,58.6614609,12.6628895
116.437851,41.4349556,18.5725288
118.311966,42.0215645,17.3474731
38.1515045,56.8140297,7.25192308
71.7533493,20.3884583,9.91834354
107.772186,58.5479507,5.292171
46.4233284,23.3983021,11.4005184
118.584282,48.8279457,10.0616388
113.357841,58.5303764,11.3545599
115.005753,58.5802078,10.471365
91.0869064,43.9971504,14.11131
70.0890808,58.4040909,8.52527428
111.242012,58.253231,11.3974657
43.7578659,23.4987698,15.2433243
44.5182076,24.7130795,16.7919846
47.9037514,48.8021126,18.039547
49.3820763,23.5344219,10.0564299
49.248394,21.3172626,11.1796436
50.639595,22.793354,10.975172
47.9534378,22.6518879,12.6684179
30.9023247,36.8392639,16.2146091
31.0611038,36.9806442,18.0003929
28.9899807,37.585041,18.0590782
29.4105053,35.6470604,17.9027367
92.6312408,40.865551,16.1737232
33.6905632,55.0211525,5.73350239
35.2319336,52.8702126,4.69680548
41.8693733,58.5584297,3.02131391
47.4132957,58.4608192,3.15776777
31.3404045,58.5536156,13.3336391
76.5862427,31.9607315,17.846344
77.9328613,32.0634003,18.5161057
67.9394608,50.7784538,1.38010097
85.6065979,6.63259649,4.72355843
90.9678955,40.1219635,16.1410236
24.9894352,40.2783356,4.56954002
26.2292137,41.5561829,5.22104692
88.7261505,23.5489197,18.1665001
24.8813744,42.4395142,4.46782827
106.037102,56.4510307,14.3512754
103.880005,56.6465416,15.0062141
105.903053,58.0586319,15.5282917
104.652679,58.5531883,14.6892929
98.9690628,53.5588837,18.5955677
89.0996552,40.8548584,15.8749504
91.0802078,41.6306,16.1363163
92.8835983,42.7840157,15.8862658
10.7765675,50.3330154,18.6291637
10.3841324,53.2407303,6.62634182
13.1989059,54.2460365,3.35814667
6.94982195,24.4453659,1.42494261
32.8944626,53.5518036,1.6985414
32.5734406,51.3504257,1.28375018
10.6217966,11.6312094,5.90374899
13.1397047,12.727951,6.53454733
48.6481018,20.7951927,5.1316824
101.532745,54.2207794,1.50365293
103.303925,55.1588898,1.59761918
103.181709,53.1442413,1.65664613
85.8233948,58.5512009,15.1868114
104.662689,30.3524151,8.984725
108.531181,29.874155,6.55603027
104.657997,30.4700279,6.72862339
111.723984,16.1598759,13.0604124
115.126266,16.1008797,11.453022
114.99646,18.0131321,11.2390728
12.6930571,45.5001831,1.4543308
13.0268526,5.46481419,16.4085407
58.7129784,31.2357006,8.24362659
57.6872101,29.7499123,6.53160858
61.4161453,58.5421181,5.271842
57.4157372,58.5338554,3.26709628
35.2229271,20.2468109,2.09451509
66.0427475,58.6203041,2.9990108
59.6578598,46.2688637,1.7244668
46.3816643,58.7159576,4.65113592
44.2274399,58.5399017,4.79277658
49.3908081,51.5968132,18.5609703
47.6760788,52.483078,18.4444809
38.574707,58.2136841,17.3449821
6.94645023,27.9610596,18.3470211
88.020134,48.3532524,18.9125957
15.7260857,12.5462227,5.82453012
83.9083633,58.4892654,13.3664141
83.6126785,58.2401123,15.2356853
32.9953041,17.9830151,6.14999485
115.270973,58.321804,16.0095596
115.435463,58.4426842,12.6811905
33.4090157,32.1919022,13.8882027
34.6164284,30.4497833,13.6642599
35.4112854,31.7099228,15.7862396
97.7806702,41.2401276,6.40401649
99.049942,39.8272896,4.34599257
98.7959671,43.5920486,5.94471025
38.8044662,13.6372309,7.13124895
4.36130667,39.9860611,5.07206297
5.6987958,41.1613922,3.6592958
3.74773121,40.8266106,3.50084257
4.44130039,42.4310379,3.27944398
5.54106426,39.431591,2.91922212
99.7387161,49.6793823,6.82578659
101.14341,50.5430298,6.13628769
26.0227375,19.0014191,5.77665091
49.5584412,32.5482063,1.39128673
48.1858253,33.302475,1.73307061
50.2885628,33.9577026,1.90633953
67.9968262,58.3577538,17.3778496
22.7216759,19.3092518,6.29117966
24.8810921,20.3282318,5.84929371
29.4017792,1.49907124,6.7332859
43.4808273,15.5927229,8.61839771
38.3509941,10.8593702,17.3923683
46.9559555,33.9336739,8.45887375
59.776226,54.1132774,18.4479294
47.1626434,34.3536301,12.9462309
43.2946739,15.4210634,13.2142334
36.8996201,58.561573,10.2072058
37.7771187,58.4868813,11.387867
38.5735092,58.5595856,8.94677162
34.0545006,12.8095236,3.24144435
70.0940933,32.9499512,1.39828825
69.3128662,34.3518066,1.65145195
63.3905945,34.1527557,13.9194584
94.1200409,35.3915863,18.9095135
64.292984,36.2529106,14.9957047
78.409874,46.4495506,18.2152843
76.4654846,46.5427132,17.9878788
77.3406754,45.5666161,18.7463512
82.740036,38.0582275,18.1548214
82.5106583,38.0043411,16.1484203
46.7057457,37.826828,17.9105415
66.6199493,53.2424011,18.3033428
64.8409119,52.1385765,18.5556087
67.4369125,51.0885582,18.6275082
90.4399414,58.5230408,2.91512156
97.0657425,52.596817,1.67203891
10.3362455,35.6815491,13.5911465
10.8251524,28.4072819,1.81656504
62.7935944,53.1959267,15.9792595
62.3218346,53.9703789,18.5208454
64.3150406,52.6646767,16.736412
64.4415817,55.445816,16.7599678
52.5762901,36.0942459,1.34147108
52.4934731,38.3430138,1.36816347
8.8310461,36.0486374,14.2649183
117.004013,31.2466965,15.1237822
118.26133,31.9646645,13.3692236
118.557762,29.7573757,15.061862
105.053101,58.4668922,10.002491
33.6129494,10.7537851,4.66261053
109.717751,47.1495667,18.1272259
118.490005,50.1061249,11.4193211
99.4533691,26.3063831,4.49642658
28.7308865,58.3909836,11.8031445
84.5577469,23.4996967,11.2534103
14.9103088,56.6484261,1.39902484
41.41716,51.4472466,5.70560265
102.634354,58.5462799,16.7085571
104.025551,48.418972,1.28362107
112.024017,58.2891502,13.3625565
43.3759117,52.2086525,5.36229229
37.5619545,14.3781548,4.76085186
107.92569,58.5532036,3.16142797
108.544014,57.4367256,1.48718178
100.858521,45.0676537,3.88307905
101.158234,45.3720322,1.40901828
98.9669342,43.5952988,1.80168867
99.048996,45.7770119,1.99540019
39.6818771,54.5237274,6.35204411
70.3748093,43.1094131,6.89458656
70.3673172,46.1136169,6.9267621
118.476555,14.1618595,6.82761669
85.7122269,6.37817955,17.2950459
57.8584518,43.2121124,16.8043766
60.0021629,42.8073158,15.9503727
57.856514,41.9951057,15.6616545
58.051403,44.7560463,15.7688799
36.0481491,58.4607735,6.74031019
48.6397018,57.7629738,18.6081142
47.2500343,56.0036316,18.5222721
48.9135971,55.7283554,18.7360096
56.1150322,41.1116066,16.0548649
57.641777,41.9577751,13.39363
24.8518867,43.9405899,2.20865059
23.8549671,43.575798,1.01653028
80.5085983,20.8178978,11.9629488
81.3569412,22.1334419,13.5339794
79.1023407,37.7751427,4.08670807
79.0218887,35.9638138,3.99167109
76.9925995,36.9879951,3.84389472
78.8927231,36.5584869,1.7188549
82.8171158,23.7648048,9.20575905
22.0806789,1.62258518,8.71564484
24.0749149,1.43576133,9.01029396
86.2944565,34.1197395,15.6304131
118.510071,30.9743824,10.1660776
105.283928,6.02654648,18.3294487
103.184822,6.85647821,18.3441048
9.89883995,58.2507706,6.67696238
9.42750454,58.5336723,5.27255583
11.361764,58.5622101,5.2252841
11.4416513,56.368454,5.53700399
26.6473618,54.2792206,18.4997044
24.4725513,49.8140068,2.27808118
23.9366608,47.6469955,1.7409606
18.0912666,40.3938828,13.4398918
39.2902679,56.0430565,18.5414543
99.8239975,2.57787609,18.6849022
15.8681898,38.0498581,11.1011381
77.9001923,35.6232758,3.06131077
58.4133492,49.4646149,5.8638587
83.4544373,49.8361206,18.8035336
79.2548981,44.4089928,18.0355072
95.6353989,51.2511711,16.2412472
95.6367493,49.5619965,17.9823799
97.1628189,50.507431,18.569582
94.8444061,51.5284081,18.6035881
37.1161118,41.6310425,18.6170139
9.14111805,44.2185555,1.3828423
114.978111,20.9645271,13.2376833
5.45746326,8.81938934,18.4401684
106.978844,18.370575,6.40485954
76.4850616,34.7665977,1.78277993
77.0261383,34.7505455,4.05702353
74.9460754,35.9954033,2.49381471
75.377739,30.1406994,13.5217991
79.4646759,29.5181618,14.0540218
32.9264488,57.6250687,18.6050758
27.0900593,42.7595634,1.95329225
25.6832848,41.851963,1.84879327
79.2173843,33.8053551,2.10295177
80.3993683,34.9474373,4.15275192
79.0497742,33.7598953,4.31038475
82.6763992,13.9106245,16.6946297
81.9441147,12.6299524,14.5741549
63.8936386,56.410038,14.4761181
63.6414185,58.2103577,13.3942375
63.3879814,58.4875031,15.2715435
65.5801697,58.2783089,13.4111719
61.4816666,58.5252304,15.2846355
84.7277908,16.8083153,16.6197853
80.5919495,35.2345314,1.32706547
79.5851898,50.6729774,18.6040726
106.138977,22.2851353,4.88688707
105.200851,19.9824905,2.41564369
103.774651,22.3395996,4.31479692
106.187126,22.0882206,2.41051793
83.3675308,16.9097691,14.5439615
83.5253296,15.6077967,16.5931759
81.9526291,14.6718845,15.3045769
93.5535736,50.3163681,6.44340563
25.3660049,26.6526699,14.8190565
117.403282,58.4493217,13.6593695
117.279732,58.6420822,11.2810516
30.2707653,16.6479263,6.57941914
115.972786,52.4832001,16.7687016
118.523605,51.9357414,15.169467
116.452217,50.3297806,15.7805738
116.916931,51.9045029,14.6424837
109.224327,52.140625,18.6183491
101.077271,12.4570332,18.0666256
111.799088,47.1216393,16.7037582
111.98307,45.5148697,18.6164055
112.986046,47.5307198,18.3588524
111.108345,47.0318794,18.6447315
118.549484,34.3398399,15.270298
46.7493706,18.666523,10.3630772
47.2798843,19.6044388,8.47707653
45.6892471,17.7568703,9.24349308
81.6480713,58.3729286,13.3237362
46.6078987,58.5361328,8.65189457
46.5562515,58.5236511,10.8599424
47.9370346,58.42976,11.4397783
74.610199,52.1715012,16.3145428
72.3603134,51.7614021,14.5876112
72.7055893,50.8223343,16.2379513
5.11539078,15.780139,6.56780052
7.25374269,16.7592525,4.9571228
118.541649,44.4957771,11.3594055
118.541801,44.5338364,7.023386
118.437096,46.153862,8.41694069
4.83481359,16.0729885,8.84743595
5.29348183,17.8888969,6.57550097
8.95001888,17.8626919,5.90628529
114.039925,38.1966476,18.546999
115.377304,35.7612572,18.5651779
116.607376,37.3394089,18.6216755
10.0938501,42.1505508,1.56102443
10.7105007,39.6128998,1.57022059
8.95178795,39.7214622,1.41200268
21.7777081,58.4305496,3.04019976
16.6956005,55.1589813,18.4023209
14.6966944,56.2086029,18.5073891
1.14206147,58.5133667,4.81651497
1.28549409,58.2204437,6.67424345
103.08873,43.6103172,17.8570366
99.3496704,57.3981972,18.7138042
20.9494839,22.109642,16.174284
19.4464417,23.351244,18.0458794
21.0262356,21.9215431,18.3511066
21.0671272,23.5149975,18.5281963
74.5738678,54.5668907,16.6813412
76.7333832,52.4526711,16.7920589
2.0920217,57.1516075,7.00658083
35.049984,54.3098221,1.53859222
30.9149609,56.3123055,18.5081177
27.3961754,58.3808861,2.6905942
29.3379536,58.5542984,3.32809019
28.9030838,57.5513802,1.33205473
13.5262318,58.552475,5.19941187
10.6772089,45.373745,18.6597824
68.1521454,47.2353325,6.68410063
12.8737526,58.3937035,10.0425863
13.6839104,58.4492455,11.4404316
13.7861767,57.0820045,9.83026218
14.9816456,58.4524498,9.97140121
70.5805359,49.872448,13.6779137
71.0316315,48.8475075,6.67682552
32.4499969,11.9708138,4.12338638
34.9188232,9.64683056,7.24922705
118.549774,26.1432667,15.1565113
110.590721,56.7343102,4.91218996
108.569481,56.4289474,5.42590618
112.706795,17.7551613,18.3269444
72.6435318,54.0671082,16.6214867
35.2848167,46.5452957,18.2140694
25.6827145,44.5655022,1.07875431
33.442791,5.56867552,6.61443424
82.7809525,17.1973171,16.3062363
82.822731,16.8833504,18.3447742
81.7406235,18.8051262,18.3682995
80.3863983,17.3258133,18.4197865
88.7114029,20.1268654,18.2873955
89.5247803,18.9709606,18.5452671
86.5277557,5.68040371,8.6421442
97.767067,1.51407659,8.64016151
78.3196411,14.0714769,17.3906517
79.1957169,12.8462629,16.7246265
80.3866272,12.6783094,18.7214737
74.6656799,46.2471008,18.1346073
75.7272873,45.3884621,18.5890827
77.9285736,58.3413506,8.42249203
77.014473,58.6414299,9.95260715
75.6670074,58.493,8.74592876
77.9995041,57.1388206,9.68058014
83.4521866,26.0954094,18.3601131
20.7179241,42.4013176,6.61472321
90.975296,36.0704002,18.3618755
102.934448,37.6729012,18.8787727
118.422943,25.9960289,6.65197086
118.422089,28.3296871,6.64825726
106.102501,31.8732052,18.4538212
76.6060181,57.3489265,16.4686069
74.3653412,56.8432236,16.8048019
76.0348816,58.4999123,14.7271252
85.8288345,44.5289917,18.9989376
91.0102692,14.2208786,18.4742184
74.1917801,31.9293079,13.4472122
89.0949173,52.4586258,18.3591423
87.1332932,13.8184958,3.24600816
85.5795593,12.7159605,1.74838746
87.6756744,13.9724388,1.42312014
87.9230652,11.7835112,1.73910773
68.9532242,36.6475639,13.5673618
68.7251205,36.7424736,15.9310083
91.9160461,28.6717072,18.9386425
70.5576248,37.8253708,13.5598745
84.4447174,58.4689445,8.51608562
38.8783112,10.9683342,13.1766281
41.0083466,24.0240517,14.7483273
26.6016159,1.47326732,1.24635053
24.8877983,2.46436334,1.44447398
25.5660877,1.53237784,2.93852568
14.8733425,18.5724277,1.49166977
39.144825,22.9364834,16.1857662
41.141407,23.8033123,16.782568
5.74268055,14.5082455,18.4164753
41.2329712,21.9672127,16.9125595
43.7597427,22.3617191,16.9048595
32.144577,5.36026239,18.7938747
16.6884079,23.3935795,18.6285248
17.1166782,21.7112617,18.6631393
33.9760704,6.14435768,10.0320387
2.84732866,47.616394,18.5286674
106.563202,17.8535938,13.8270721
30.6826801,13.2788315,1.3903147
28.8093071,12.3713055,2.42376161
28.4966679,14.0397806,1.77283204
14.8124847,7.92181158,18.3189087
39.8787994,46.4681854,1.62558734
22.7051964,21.1966114,3.91136599
23.0361824,21.3700695,5.80966139
20.7765198,20.6849747,4.43026876
20.9225483,23.9162102,4.07778549
19.4726028,22.3454533,3.81089187
20.82938,20.0215454,6.63884115
3.69386053,57.6057358,18.6854496
13.4331532,18.3175392,18.2004147
63.0400925,55.2720718,1.45922887
33.3856812,58.5452766,11.3560181
4.6426816,58.8897324,11.610321
78.0977936,29.8309994,18.4019108
79.6493225,29.590744,18.0277767
63.8782234,28.3332195,4.78327656
52.7638359,38.1024094,3.68968654
54.5642471,38.5974808,1.6122905
61.4771996,30.5754318,6.64621496
108.650162,14.7353697,13.4472275
109.150246,12.6868753,13.8259478
20.9213028,58.4187927,10.0949383
38.1722946,39.1776657,18.6249866
62.022377,30.0290394,8.72842503
93.5823212,20.967535,18.1352139
85.7556763,58.4673653,13.3774405
107.898262,16.1760521,13.4994888
109.822906,16.6946583,13.5834312
35.8204117,47.1424751,15.8439369
118.431793,39.3422089,8.54619598
105.16581,17.525486,6.71307087
118.459068,5.21105814,12.6016369
107.609116,16.1905708,15.6258574
108.704422,18.0266953,15.6086798
106.348526,11.8316107,15.7415876
106.141258,11.5303936,18.2326431
104.430588,11.3129435,18.2214642
105.57547,9.72278404,17.6761055
40.2385368,22.956295,12.4911623
99.7951508,1.39600754,3.36211061
19.8425598,6.62355232,12.4219666
21.9900169,7.05662155,14.0249376
98.3339157,41.7881584,13.8508863
15.9495955,32.1835518,18.2113342
0.774010479,57.1999054,8.45210075
1.62405825,56.962719,9.33059502
21.2775154,30.8316479,14.5205116
22.0650425,29.4748249,15.5471087
99.8154602,1.52252865,8.61654472
22.7891312,31.6198597,15.4784603
22.8270855,31.6757488,13.2176046
87.0806961,16.6257286,1.38313091
88.5503311,15.0798111,2.25766134
111.457832,8.42023373,15.2098513
111.687286,5.34076881,14.792387
111.928894,6.32146883,16.5687695
45.3150368,47.8621292,13.3623133
45.7496643,45.965065,13.9913568
60.7205505,58.5181046,10.5093651
57.1432457,33.9382477,11.008873
80.2842178,38.5562935,1.48613381
80.3726578,25.0883446,14.6780386
81.7776108,25.631176,13.7600183
28.242342,1.44535995,5.11486959
1.52706206,55.5471802,7.02098656
1.36765957,4.48772144,14.831708
1.59723675,4.81380129,12.0488815
1.5142436,6.03959274,13.3651838
15.3020983,13.0198812,18.2549839
35.8553429,44.7220421,18.2732391
78.5808411,27.9121933,13.9567137
55.1053467,58.1945457,3.32929754
96.0736084,32.7637978,18.6107254
53.3329659,58.5308495,17.3389072
105.683182,27.968008,13.4953575
118.413193,56.9446602,13.3092022
36.4521523,54.4210434,6.32355976
38.1079445,56.3266258,5.62082481
114.000328,12.6299219,16.77145
111.14061,11.4532318,16.7697029
112.645042,12.4620905,18.3184681
110.902252,13.0857506,16.6368866
35.6470985,56.6413002,7.31821728
26.8726177,19.0629063,18.1741257
64.605484,54.3617058,1.57614374
66.561615,53.3423805,1.28618026
64.7191696,52.2625351,1.38621402
80.7016068,52.6801529,1.63069797
47.6180382,46.614109,13.2993145
46.0141144,41.9703674,1.49862576
58.2370567,56.8829994,7.14911747
60.234314,58.3012543,6.47703886
88.9137573,49.5067596,1.65880275
118.275146,58.6324844,1.41409862
93.2073517,49.08741,17.8463287
94.229393,47.9402847,18.8466053
93.9541779,47.126255,16.895731
105.031036,39.1416435,18.9214668
97.0752945,50.4584961,1.43715358
34.3528557,44.4227219,1.18325317
49.7203751,21.919796,9.9756918
30.9037743,56.3122597,1.4906522
118.567055,57.2648315,2.84113455
118.612465,58.7289581,3.01562619
115.124809,56.1458931,2.56553102
110.711678,58.5443497,8.69997883
95.0669937,58.5848274,10.106739
110.190659,53.8548012,5.02442694
112.763321,13.502964,15.4009886
113.018394,11.6741753,15.488925
66.655159,40.2028809,1.56734252
110.549332,14.6601295,16.3016186
110.41658,14.4719391,14.4609909
59.3360176,34.1786652,3.51517987
58.6733856,33.1937752,1.47678578
59.0205078,32.4476204,3.69779682
57.4186325,33.6015816,3.32051921
61.162693,33.8238068,3.27167559
51.0190582,43.0937233,4.24174404
50.6335564,45.1565781,1.89760649
51.2519836,43.0447578,1.96387804
48.6751556,44.0354538,1.62746298
60.2430649,35.7182884,1.52370059
58.678299,35.0267944,1.65249991
66.3612289,49.6088219,17.7853661
65.1281891,47.6522675,18.6549072
62.7310524,37.1182137,18.5593758
61.5445595,38.6515198,18.5998516
112.338615,15.1829357,14.5830088
112.056877,14.2873249,16.8533726
105.991142,2.2617898,1.33107507
105.273026,3.76423264,1.55286098
88.606636,3.73752522,4.68799639
60.1586952,33.8985443,1.45540917
60.0715637,31.7581882,2.63364029
97.0931549,1.5339725,10.0018759
96.3851929,3.18306017,9.91696167
96.2654114,1.55947268,11.3738642
97.9125595,1.5979203,11.4519434
93.7092743,5.60981131,1.5926832
92.2462769,6.23719978,1.56899798
90.7586594,10.8114529,1.49756265
33.7055931,42.0235519,18.0983696
10.3212471,43.6049728,16.0084953
10.7276926,43.3176804,18.4040966
9.09708881,41.676712,16.5617981
11.1062241,41.6234169,17.571888
3.70648146,57.8355713,4.71311712
117.093575,37.9617691,10.0572271
117.087502,35.8814964,10.1385574
102.947266,31.9509811,18.2873497
99.5726089,49.8612404,17.9639263
100.438354,38.8780441,18.1836929
38.0187988,47.7231178,18.4997349
37.8955002,44.389843,18.3063793
86.8236618,29.019474,1.17950189
97.1954269,26.4844666,18.6145382
88.1360016,26.0986519,1.53231966
111.803596,3.28017044,4.99191761
110.268333,3.06058669,3.64665961
111.369911,1.45176911,4.68584776
103.481102,36.2797165,2.07901597
101.481445,36.1893349,4.38095474
101.836975,34.7237396,1.71851325
76.3633499,41.4358177,1.83505607
116.882317,34.0915489,9.9905529
15.893074,21.9432526,17.929163
7.31732607,12.0016756,1.35116076
63.792717,44.8168907,17.9910984
58.3369408,30.4148674,9.85018063
48.0127296,35.8462601,17.9999218
50.4670639,36.1753616,18.4804611
3.51169157,56.4105263,3.18814325
1.90571415,56.5248413,1.31033623
45.3832626,32.3759499,18.1022568
43.3663292,31.2737007,18.5842533
95.8937225,31.2709675,18.7641678
69.9680176,22.5155029,2.62720084
94.1188736,44.2706032,19.0662651
83.2963791,26.3760033,1.6847434
118.925377,58.6934166,15.5164757
67.1330414,24.9156456,9.15641499
110.351059,22.190836,6.6886034
118.54335,57.1764717,8.37661743
106.966507,25.7383785,1.58387434
100.985367,11.397645,1.85090435
101.011063,16.8880348,16.0887318
99.2574921,15.942564,17.9612999
111.065849,11.9233446,15.1134701
103.27961,4.76799536,1.58928871
115.471405,13.2536879,14.7422981
113.554657,14.7493267,16.0424557
115.036766,24.2911949,11.2203312
89.6565018,42.8022118,1.50754857
36.4137039,39.6928329,18.609024
116.231262,11.2679806,6.90843773
118.544044,9.42291069,6.66218472
118.524788,11.2719669,8.61819267
40.3453369,34.3539009,18.4826927
28.9164486,23.6976833,1.958251
27.5618057,26.0483818,1.28788126
26.9958801,23.3602505,1.58031273
22.7018185,9.38256454,18.6006107
37.0759163,17.2290688,1.6095643
104.553764,54.9484215,13.217164
105.893333,53.7308693,12.8590078
28.016943,22.1832104,18.1814308
106.041992,56.8846703,12.5212946
31.1481819,28.6434116,18.3121815
25.0880623,32.6811295,1.60904026
117.63221,5.87381124,1.31414843
116.824768,3.62916088,6.98935795
80.508194,16.5807819,8.99494648
80.8787384,15.9262295,11.7443218
17.5842247,34.3441353,18.0102654
2.36779213,54.1261902,1.31414843
12.6073303,49.2208977,1.37997186
11.8664589,48.127079,18.6945019
80.9401627,13.3837328,9.88481617
4.8008461,16.0977135,18.3845959
11.7833443,12.8296776,16.0601501
11.9249086,12.3182554,17.9941196
11.3235292,14.1093025,17.9697132
12.2187986,31.9594707,17.9564095
14.2722054,32.09692,17.804821
13.6151628,34.2110786,17.9697437
114.102753,12.8273392,13.3287935
5.31627083,2.2000289,18.74333
1.33027506,1.18442762,1.3049674
42.7006111,18.2350101,4.80522299
43.318737,19.9181862,4.40566492
42.0790558,20.1162949,3.16956854
44.4363174,16.7819195,6.60445595
44.5919838,17.00457,4.74679565
41.9478188,16.4837322,5.27709723
5.89279604,17.8450203,18.4991875
118.613213,58.6481743,5.20055103
42.1521912,16.7093754,7.24390364
12.5421295,23.6499252,17.914278
11.1566162,23.9202652,18.3595066
6.88380861,54.119976,18.4197254
14.6354494,30.1647263,1.90443337
1.47251546,44.5843353,4.68274927
1.50391603,46.045269,6.78730106
1.73205793,44.0044556,6.67466116
4.87183332,24.7016048,1.47500134
1.50081015,38.51474,8.60924721
6.91996288,28.089304,1.64205074
9.55701065,21.8832779,1.41071177
1.44706082,16.6588001,8.66517639
1.36835825,1.3613795,5.02083492
1.40101933,6.03070784,4.89858913
30.6195812,13.25529,18.7440739
29.9601021,2.05060482,5.2650075
22.5851917,16.4941654,5.57776785
22.5584011,9.24691582,3.33398294
24.542263,10.2418613,2.00534797
22.8063774,9.45479679,1.40639091
22.6099701,11.1901131,2.27483106
21.0196972,15.7831612,6.26271772
21.4502907,56.7373199,7.51111603
59.9835052,31.7050629,6.88242912
57.2100487,31.2579975,4.9152503
30.6127548,3.06057906,2.80250478
58.4074631,32.017746,6.82203531
60.0629158,31.4801025,4.74277115
35.6896286,10.2589397,3.27898073
37.5560684,10.1575851,1.2769841
37.6589279,9.64029217,2.94716001
35.9028206,9.50771141,1.42953694
46.5717888,18.6517525,2.6832509
92.1126556,1.44974911,3.12401319
92.1793594,1.36270082,5.08517027
25.522295,56.5338783,6.41949272
24.9847336,56.8549461,8.38460636
27.4848938,56.8628311,8.13700104
64.4979401,40.7191124,6.43345785
111.385536,16.8417358,15.0533419
111.399467,15.948267,16.7807446
114.273537,16.1025429,14.9381123
23.8606853,54.1516266,6.36026859
61.1411591,34.4138489,7.62315559
40.5343628,12.6228294,2.98099804
33.8569832,10.8151436,1.56331015
66.2624359,30.907177,8.95087147
64.298851,29.9896412,11.3430634
67.287056,29.6843395,10.2603016
66.5591888,28.4621468,12.5834122
66.4797668,27.9255505,10.2186728
1.37149441,2.58357143,1.39395976
36.5257645,8.62835121,4.7228446
37.6164474,9.75133705,4.73686314
101.810883,36.2886162,6.63895512
24.9157658,22.1820564,1.95512998
42.0149574,14.2115993,2.63618422
40.1334152,12.1233358,4.77579689
50.9526443,25.2232876,1.41642237
39.7550201,13.1936665,1.38310051
32.8584442,14.2421799,16.6192398
34.8064499,15.4055338,16.6996574
34.2700577,14.8129482,18.3665524
42.779438,36.7405128,18.4115849
22.4141254,33.4599533,13.4944763
35.7844009,13.4850883,17.3921413
34.1401062,12.6648836,18.4205456
35.2695694,11.5923367,17.3639069
99.1472473,47.7776871,6.4177084
97.2864838,48.7550735,6.47211838
40.1662865,33.6485863,3.99887753
39.6188698,30.9981956,1.4969703
40.4653854,34.1043396,1.45322967
36.4051437,34.0196381,4.81987143
45.6507912,17.7099113,7.32303905
48.4231491,21.7022247,1.33702099
42.6083641,33.5541039,4.43354177
40.5952873,36.0335693,6.79118109
7.8162117,25.9830132,18.3511982
47.8072929,20.0688171,2.65272355
113.539139,26.6719875,7.88200712
34.237709,16.3683968,1.30282593
32.2605209,18.3337536,1.49442637
33.8032341,18.7794056,1.41284561
52.1092682,24.1375484,2.98287392
42.0173416,15.2694073,1.30700254
43.8667183,19.5115814,1.17691231
62.9098091,29.168087,5.26457453
56.0273933,28.2734394,6.62042618
57.2979889,36.550621,1.71630347
109.041862,10.8754616,13.4649515
57.0663147,29.6227913,2.86178231
52.5765114,25.9494801,1.33652747
117.799606,58.6958618,15.0716429
10.6168385,48.8911095,15.9385567
7.63645744,50.8969498,17.0257835
9.0735178,50.0473213,17.5163765
47.6299629,21.1352978,18.6407967
53.7256355,25.8239002,2.68517971
8.78601456,48.6203003,16.6087437
105.718353,43.0098572,10.942214
107.393845,40.9204102,8.96978855
105.273811,42.6393852,13.3490086
106.89724,43.7754402,13.110137
55.219368,44.3870316,8.84455776
55.6550827,41.1925735,18.5703869
40.9160728,35.8469734,4.51973963
42.7713737,35.771492,6.63520384
42.8244629,33.5570335,15.7605267
43.7303009,35.2270279,16.3020287
42.5437698,32.9799309,18.3238297
44.8961449,33.6768036,17.9398556
61.8026733,31.0469341,1.29416132
27.3119602,24.5290871,14.5177021
28.9887199,23.8202782,13.2472057
28.888876,23.8415794,15.4660215
25.9220734,25.1078606,15.8071985
26.2883244,22.9896393,16.0386581
62.831337,34.7109489,3.06672502
63.8724365,32.7125244,3.28416729
61.5740395,33.1314316,1.45458901
63.2245598,34.0904121,1.55358243
56.8651009,32.0285606,1.48456955
54.9151192,30.7163429,1.51588655
56.0947571,28.9635162,1.27699924
58.2789383,30.6893692,1.30249941
70.0351791,48.0734062,15.4542971
32.1071548,8.08358383,1.49771452
31.2528324,6.14176035,1.33016384
26.4955368,11.3303185,1.99449646
27.5737267,10.1819305,1.38944137
26.1439953,9.63389778,1.62622523
66.3720016,49.1858597,15.426898
31.470747,3.44769835,5.14224529
30.6553497,30.8117218,6.34227085
82.6275406,9.46557999,4.87667322
41.1588173,31.4020367,4.0480628
30.5635014,16.6615868,4.2966094
29.2849178,17.9020271,1.86998773
30.8334179,16.6996098,2.11609674
28.4434967,15.9721336,2.03676391
23.3487682,26.9634323,5.68580532
41.2269135,13.0927515,18.1026058
41.2595062,14.4721975,16.9288559
38.918026,11.418354,2.54584789
13.7154169,58.478344,8.77082157
12.3002119,58.2191811,8.4369812
40.0659866,15.1650906,1.52269828
35.7539558,22.1577797,1.69037807
37.1613426,20.6547508,1.46520519
37.8760452,13.3591824,1.44363868
44.6894493,16.7712345,3.31745124
38.8141632,10.9028683,6.98701906
43.6213303,15.6821938,4.74113083
42.2668991,14.3378086,6.66268587
41.7253571,14.2048407,4.48561287
11.7463923,55.2928467,11.1014881
10.3396854,56.830677,9.98898125
9.14961529,54.9071083,9.90263176
45.8322029,17.8755779,4.97612238
43.8178062,16.9246845,1.31537855
115.277702,46.1317329,11.7434874
114.296852,43.3426208,13.8723612
115.243576,43.3602676,11.5147142
114.545868,45.7467117,13.8364277
11.3287382,58.4934883,9.91831303
47.1386261,19.2136517,5.00070381
67.8514328,23.9247379,4.78947306
48.6772766,21.0372696,6.72698307
12.7601032,57.1291618,11.5075464
86.1161728,37.8907967,13.8254471
88.5820312,38.8588638,13.5554857
50.0435677,22.3950787,6.81920242
55.5844803,28.0569096,2.64671683
51.8413429,24.0095158,6.77748966
51.9279366,24.0102844,4.75182295
5.7975769,26.3458252,18.4097004
20.8706303,27.838541,4.41480017
21.9916344,30.1662292,4.20213461
24.2575397,30.3979168,5.83116674
22.5743179,28.3939018,4.0120225
55.196209,27.192091,4.73280048
33.9577026,37.5605431,3.86794448
35.7498779,37.5690613,1.42763841
34.5762596,39.3886261,2.99523664
35.9360123,38.8780899,4.0516777
56.3017654,28.5380249,4.90098906
58.3046951,30.7985077,3.27330065
57.3076935,29.7049561,4.82221031
67.9567108,26.5543289,10.1469107
67.9692917,26.7110214,12.8068228
62.874485,29.4575024,6.5467124
24.851841,6.76587582,1.6010896
24.866991,8.5622921,1.34885228
118.526474,56.96492,15.8984613
118.61602,58.876339,17.0174294
29.6475391,14.0679235,4.16247177
33.4370575,5.54102612,8.59948158
33.1540909,5.28449821,11.4588547
94.4347763,5.46183777,3.25350332
95.2239151,6.78964472,1.67198575
95.1200638,4.73382282,1.52726209
31.8646393,3.9164362,8.68648434
30.4835758,2.44142985,11.0515203
29.8908157,3.4525888,9.26175594
34.6768761,6.79398108,4.88781357
32.033905,4.20879936,6.56539345
27.0522499,30.9769783,18.0066967
68.4480209,26.7596817,14.5267839
70.518631,27.6544571,15.5565863
25.8577538,17.043232,1.70869434
35.0076866,7.08207607,6.95217085
78.1925812,26.0403538,6.64458942
36.2799835,8.49931622,6.65482616
38.2761497,15.4382639,1.62777436
35.6678123,15.800065,1.60607111
34.2403908,16.790554,3.10350204
70.793808,26.2317657,11.5203953
71.6712723,24.8997898,8.87643719
70.8178024,23.5236549,10.1700716
69.2414856,24.8670292,10.0657244
101.33268,52.6438103,5.14847231
32.1626129,15.300519,3.41048336
32.8619995,17.9227352,3.96727204
31.7305088,14.7424774,1.8736707
29.8363152,14.5699606,2.23634529
72.2625046,28.4372616,3.13084745
71.3154602,27.2660103,4.4649806
2.97998548,37.9831085,9.98434925
1.38474572,37.1831589,9.51084232
74.2040787,28.6004696,3.27363467
37.9395981,32.0794373,18.3928432
36.2877884,32.9641685,18.4300976
37.29105,34.6787529,18.8668365
47.5053177,19.8264217,6.68715334
41.4966393,31.2351704,18.3043137
53.4423714,25.6091537,4.72308779
4.65007019,25.9810619,11.3565197
7.79522991,26.0774803,14.2677889
44.9290657,38.8434906,1.04559195
50.9365883,31.3180943,18.2885342
5.2753706,27.0715618,13.7452555
53.1527252,25.5727177,6.63112593
54.3368645,26.7568493,6.63112593
45.1483765,38.2038612,18.637867
46.6765633,39.782032,1.15641654
42.8095932,33.9512634,13.4637365
4.61692333,39.5139236,8.63436794
12.6871109,4.96374941,18.4064503
10.279459,32.5142174,6.57537937
28.7784004,1.50197959,9.85143375
88.1785126,3.97840953,6.75403976
14.9791012,1.38077426,9.89099789
93.0857925,17.2242832,2.33447313
90.9902954,16.3343525,2.37331557
93.1376266,15.1448069,2.13096547
1.25000048,1.33379114,2.75000095
40.3989868,14.7891111,14.9591932
40.3644485,12.4995432,15.0479193
40.4025307,12.7213364,13.3419619
41.5914688,13.9102755,13.3419619
3.10930872,40.4418297,7.24757147
1.45327258,39.3541794,7.29084158
107.214752,44.6401672,10.75208
106.622932,43.5090599,8.78866768
95.5560989,12.164958,17.9768829
34.8063736,6.99372959,11.5243282
33.0863762,16.547451,18.2498512
32.328083,14.2264376,18.6200047
9.48306847,54.9615746,7.34696007
8.64478397,56.5516624,8.20641613
7.48927355,54.8789215,8.66771984
6.73449039,57.2865067,6.46670389
42.6738281,22.6232147,18.7185593
24.0368309,21.8523312,18.3712921
24.2035694,23.9889069,18.0961819
41.1896362,13.2451143,10.0038805
30.9372559,19.5589218,18.2854958
6.04792309,55.6052589,4.78284359
4.73579741,54.4139938,5.06427956
5.39808702,56.065506,6.78987503
43.5118332,48.5720177,6.55105639
114.712479,5.37019491,8.67775154
115.068314,4.79130077,6.82604456
116.552025,6.42725849,7.32915211
116.711121,4.82222271,8.26666641
42.0014458,14.2272882,8.56874943
75.4139175,23.6499557,16.7104263
42.210968,49.6199532,6.44973135
40.6106796,18.5108566,18.440897
77.7284927,26.0528545,15.5936441
39.5322075,24.6152782,18.3418427
43.3625526,15.5120459,11.4560137
27.9284744,9.22644997,14.7031593
41.1451569,16.9390736,1.4839772
39.5429459,17.4228249,1.58294785
25.2137947,9.73043823,13.9033442
84.5288925,26.0066986,9.16861057
50.7796021,22.9149399,8.65184116
52.0139046,24.128437,8.62443542
48.7150536,33.2837181,4.02548647
47.2523575,35.1875114,4.98585749
49.5874672,35.2424278,4.18552685
49.3944016,35.5405769,2.12739635
52.7784538,24.840374,9.33642673
65.0536575,27.0041962,4.93837357
4.60913944,24.4318333,18.5017395
67.0153351,41.9041023,16.0654354
118.553284,13.3563643,8.65918446
61.4578819,41.7865028,18.7662621
54.8301468,27.0699444,11.2879314
41.3778191,31.1581688,1.81188715
68.979866,41.0565681,16.0459938
67.6470184,40.3594513,16.928339
65.6551819,27.5269032,18.6323681
64.467659,27.6095848,17.6770916
103.741631,32.4649925,6.75703192
103.107605,32.9338226,8.84006214
36.8385506,24.4853401,3.08176851
37.2410774,23.4310856,4.56015396
39.2193565,24.0422077,4.19402456
38.1939201,25.8500385,3.96166778
102.509132,12.2703152,1.55806279
104.738281,13.0515251,1.67298055
104.275658,11.117075,1.50912046
67.00103,38.1066933,16.2705898
66.3648148,39.9945679,15.476532
69.0692444,39.2255096,15.9261637
97.8240967,55.7368889,10.69909
12.207901,24.0903149,15.7098904
13.7069798,26.1549606,15.712245
21.9287643,1.44165409,18.6722355
22.2975368,3.80110836,18.5951576
31.9153576,4.12263203,11.6492014
102.917984,10.1293211,1.89765966
117.037582,53.9156265,16.7876854
118.11647,55.5345268,17.3196659
117.608498,54.1524925,18.6879253
118.444069,53.2460022,17.3340015
14.5333347,9.82748795,17.8466778
17.2420464,17.4621906,1.50826991
35.1245499,7.19160223,8.65073299
14.3893328,23.5814133,15.7597971
21.3788624,17.9845715,18.3151131
15.7538567,26.1507702,15.7751522
16.7973576,23.778019,16.1448364
15.9418344,22.2932529,15.869544
34.5507126,13.0351219,1.60513711
109.637878,5.90514374,5.14502478
111.255287,6.9227953,4.04199553
112.105591,9.50611591,4.84494638
113.144485,8.40235043,6.57578945
24.6519108,11.9830093,4.53601313
24.7802773,12.4191923,1.86871958
117.473419,55.5011139,15.3031034
38.5249214,10.5775404,11.3207073
110.988441,8.69556427,3.57969713
39.0287209,14.3881712,3.33159089
39.5736542,13.7464838,5.37518692
114.88633,19.8685608,14.9110479
114.846603,17.9446735,13.4878397
25.9421501,22.9815674,18.4104309
113.216873,20.6291828,15.1340494
112.708542,18.3913288,15.1524868
42.3245735,14.4033213,10.6141901
104.562271,33.5917091,13.4317207
45.2363129,17.3372345,10.3657351
114.565979,20.6891899,6.25412893
45.7163811,28.5950317,18.7062416
116.901573,17.9239197,9.77333927
96.8329773,28.8637772,14.7005463
97.9041214,30.2670918,15.87325
97.4169846,45.2142754,14.2445669
97.7520905,46.6571541,16.0354691
48.4865952,20.5693207,13.3214283
55.7233124,27.8951378,9.03148079
47.9890594,32.2498131,18.3287811
56.8765678,29.0308647,9.75131702
50.3596001,33.3438759,18.9660721
50.4476891,22.5583248,13.1477718
53.9599533,26.0596352,10.0022631
53.0789452,25.3006077,11.4462337
55.9049187,27.973444,13.2518682
67.3377228,24.4741383,1.60535729
66.4344025,26.4097958,2.25732708
67.889389,25.972208,1.54005015
46.6656647,41.2288132,18.4793682
48.9118576,41.6905785,17.9813938
66.0500793,37.9849167,2.08438492
64.118187,38.9260063,4.01357937
65.1805573,40.4503975,3.01583123
64.5790634,39.357399,1.48700714
58.0455093,40.2266502,17.9687119
31.71908,3.42922258,13.1822176
29.2866497,1.85587573,12.1251841
24.4937,12.8961697,9.05370808
18.0415115,1.45666718,15.1436176
36.0317879,8.2919054,13.3544159
34.3552704,6.34855604,13.4314327
31.474102,3.53425288,15.2481995
97.0788956,18.9115906,13.5514154
97.0626297,43.1630096,13.9703226
37.9264603,10.0317545,8.64811993
40.2549667,12.3907232,11.4579277
103.160866,41.5728722,15.5489464
104.131088,37.7551422,15.977088
105.388649,40.0129013,15.2481089
109.639046,31.5713654,4.25768375
102.672951,39.2165337,15.6962824
33.4384117,21.823597,18.5142231
35.8955536,10.211175,5.36654472
42.2234459,14.2591896,14.9486685
44.7374115,17.1310539,13.4188261
41.2040634,24.257988,18.6247139
41.8530426,26.1077652,18.0226269
36.9334412,15.2303743,3.15350771
74.3413315,32.2641983,6.60178328
108.391861,29.8087101,4.3192091
106.613029,30.4688282,6.43836355
49.2648582,21.2691326,15.2368088
49.1577682,23.2787914,14.646327
48.5417404,22.5174923,16.3223495
107.869072,28.1456814,13.3202734
109.794144,28.9177399,13.9243183
57.3234787,29.5160141,11.457427
51.7677956,24.0571384,13.3867807
54.2257271,26.3530693,13.3567848
71.095932,27.2399178,1.56524658
48.6435966,30.6397667,18.6348896
49.5251122,28.9593163,18.3752708
51.1862907,37.7545204,18.359066
75.5808334,26.9829941,1.46937418
59.8118553,37.849762,18.6410255
59.9858055,31.6904068,17.3402138
59.9681664,33.7916985,18.5092869
58.5212708,33.0040817,18.5257511
73.365097,34.1039734,2.11435771
103.806679,28.5450649,8.96224022
102.133965,25.8474255,8.90568829
114.151291,56.1786842,15.5532904
115.141396,53.6239471,15.217597
116.915695,56.8529282,12.1466141
116.955887,55.2122917,13.0817966
115.475632,56.8701363,14.120574
115.379189,52.0490265,12.9723234
48.3824463,30.2877312,5.55603409
51.6966743,29.0351486,6.19782066
50.4583206,29.6727886,4.3856473
50.7748184,27.6134892,7.41020918
101.035202,48.6222267,5.9517951
14.7489624,5.84629154,18.2998028
12.941824,6.82866955,18.4952679
100.706947,45.2851257,5.8373785
30.2927055,2.47206354,17.0093346
20.1190357,10.3498077,18.3148537
100.789024,47.0004539,5.85508776
83.7452621,8.42501831,8.67021084
106.010963,28.320879,6.46400023
85.3884201,6.74336767,6.71737671
37.3466682,9.51674747,15.2482147
92.0374756,55.3504372,9.80252934
94.1873398,56.8362808,9.9532299
93.8459778,56.8317261,7.87653971
92.2076416,56.9030914,10.6145849
93.9442444,55.3585167,8.50508213
38.6412315,10.8105955,15.1787767
90.9110031,56.785965,7.73236275
90.1087265,56.9231987,9.86236954
90.428566,55.1906471,11.3284979
39.8527985,12.0660334,17.2218723
79.7764435,12.6306276,13.3470802
112.599052,22.9203072,14.7648821
111.515015,24.3626308,14.2996979
38.9863853,21.2811451,18.6625309
40.6092453,22.1454926,18.6285553
39.7512779,23.1751499,18.0395164
51.5826759,45.152523,15.6530581
63.9621964,28.2747383,13.3810091
45.9358826,23.0476799,18.4169159
47.9960403,23.4865208,18.5537567
50.875309,43.2894173,14.4938269
42.7699432,25.1156368,18.6978569
51.8835487,42.4890709,15.6993656
41.3302193,44.2804909,18.0329399
41.6874352,42.5496559,18.2038174
43.248455,43.4504967,17.9223442
43.9907227,19.7370968,18.4234924
45.4624596,20.9201717,18.5488663
44.0704155,21.8720303,18.4782581
52.2565842,24.3071651,16.7520847
43.0935936,31.60742,1.44347918
51.1479416,24.9690971,18.7171001
52.737957,29.9365845,18.4150314
52.4867363,31.6989708,18.7318478
54.8988762,31.558197,18.3909588
51.7808495,23.8976212,15.2240515
47.1649094,33.8632507,17.3405628
114.327209,54.0648918,16.8186684
116.043907,54.9634857,18.5324936
112.947182,54.4625206,18.5179443
114.603127,53.0061264,18.4642715
57.4318275,29.8659458,13.3708639
37.5874939,36.1491661,17.9297085
39.2758789,35.3878822,18.1902695
55.9055176,27.9661541,17.0410309
32.4468155,25.9381332,2.24377966
34.7412872,25.3600597,1.36754835
33.0496292,23.7018223,2.25073576
69.0702744,39.9772987,1.35906601
71.5445633,41.081234,15.8488121
71.9417648,40.3550797,18.3489208
70.3779984,41.9897614,17.8884296
70.0937119,40.5014114,18.1301422
19.7406349,4.73271418,11.6063728
109.648186,27.5341339,4.33773041
29.6573963,1.75556099,14.9782238
27.8575783,6.33922338,18.364397
27.4216614,1.44261849,14.7206097
28.8268032,3.84790182,17.0536079
26.6270866,3.15131807,16.2046452
27.6029339,1.45117676,16.740057
27.0616055,3.33564353,18.5866375
33.5513611,5.6102972,14.7961531
31.0878563,6.22391081,18.6154785
32.151413,7.64582062,18.524992
32.6658211,5.09714317,17.03438
35.6052246,7.84802246,15.3253384
16.8174973,6.85652399,1.65533996
21.6270676,5.44445515,18.6199589
14.3186874,17.1092224,1.70336354
81.2126541,17.6509438,12.9876785
83.6063461,18.8521309,16.3640862
81.9369278,18.841917,16.0222263
116.691513,52.4633789,18.4764061
43.3972435,15.3723717,15.1888313
81.5962372,17.1942425,14.9344368
23.0185566,15.4453335,18.3349171
36.7669907,8.87707233,10.3413887
45.0797958,17.2470646,14.9182014
47.0181503,46.8857422,4.32111502
49.0483856,47.8815994,4.10438633
50.5375862,46.6691513,3.51343322
43.0451775,15.0225229,17.0279846
33.5913658,19.6407604,18.3037663
31.8478107,20.85993,18.2346783
71.4776764,20.6098652,13.3343067
45.7934265,31.8150368,6.61984873
43.8770447,31.268568,6.64153671
50.8174438,22.8907528,14.8060102
64.2143402,29.2910843,18.7173882
49.0299644,21.105545,16.6988068
25.0349598,22.2358665,5.90773582
66.7835541,36.044323,1.3819766
21.1455879,17.46595,6.68012905
62.0531044,29.8857117,15.2833748
50.4320183,23.0272293,17.366291
44.5167885,27.0450974,18.6197166
52.5275002,27.7854366,18.5489731
55.9621468,28.3886089,15.1717606
44.361351,24.227726,18.5276642
45.4871521,25.4132538,18.3826065
32.2779579,37.9497566,18.0888462
32.8037567,40.1971703,17.7399845
33.5212517,38.1232147,18.3489056
61.1324844,36.8888054,18.4143486
53.7740097,46.0143013,8.61458588
22.6779346,19.4346638,3.91404676
23.1176491,16.8102665,4.41713142
49.8689461,48.0335236,13.4126911
24.9160862,19.8745594,3.575809
24.2198734,17.912035,3.71183014
90.7018509,22.9593182,16.9060745
93.2082977,22.9110661,16.0730133
98.052002,3.11070609,5.31421566
99.459549,3.38580084,3.62642217
97.5403748,1.49206972,4.67812443
97.4519348,3.09231377,3.54516792
97.9964142,5.40795183,13.5150557
9.56600857,33.6588821,13.4378262
11.0966558,36.1640472,6.4119978
29.0693054,20.2466049,17.7949486
79.6539764,12.4446621,15.1251945
86.0614319,9.31229115,16.6114635
83.1553268,8.93249989,17.2163277
84.6578064,9.45393848,18.5051708
44.7864151,16.9156017,17.1964779
109.566399,8.42938423,5.43113804
47.3528099,19.5453587,11.5754652
53.6508064,25.6875134,16.9777908
80.9061661,13.8567762,12.7310514
53.6125336,27.356596,16.4172878
54.4107132,26.5882435,15.2230644
41.5589523,21.2977829,4.95613527
32.9604988,35.7376976,17.806263
57.7506714,30.1037617,17.3617344
61.5559502,33.1199951,18.3752251
116.982101,10.6387844,12.3603506
118.457397,8.48029327,10.842082
118.510788,8.3550024,13.3609161
117.062714,8.21994591,14.6018114
116.98082,12.2878647,13.2027969
118.543907,11.4186344,12.8402205
118.376312,12.1721497,11.4943027
117.034843,11.1868935,14.6271448
51.0500412,53.4158134,7.1937995
48.6006699,54.2785988,6.30196285
50.1743126,55.1333618,8.39707565
50.2061081,56.402916,5.54449177
49.1398468,51.9484711,5.38243103
62.5357361,51.3333855,3.1796
62.9513779,55.1162758,3.19639778
20.721653,16.3667564,13.6877403
26.2782173,5.86896658,6.14075279
25.4263229,6.22562695,7.6966033
28.2784824,7.06286383,7.6055913
29.2029037,6.50823975,6.03904104
86.7594604,5.39982605,13.3879194
31.718792,6.64730549,7.22267151
66.1311646,38.0490074,6.09794664
62.7396164,53.2673073,1.58417809
66.0808334,39.7455368,6.44938993
68.0679321,38.822094,6.41418457
1.54325211,27.6397171,15.0606012
3.41444468,21.561367,7.21418905
88.2666016,3.82658577,13.3633919
4.82205582,24.1267128,8.53601265
25.0113659,19.6995754,18.2361355
62.9092941,51.0798111,1.38443708
40.1170197,49.2326355,6.5960803
37.9145432,48.4494667,8.97102547
39.2026367,11.3254881,8.59696007
45.0770988,49.6295815,6.50516653
33.182682,28.6413078,1.56539845
31.8719597,29.0448914,1.3782481
32.5579109,28.086237,3.61619329
88.9719009,20.0415936,5.74736881
33.3336372,19.9171619,16.0966148
35.2188873,19.0801601,17.8169708
33.4949074,18.0926704,17.8520699
18.1739254,11.1354752,13.885499
18.6025524,13.0784597,13.9646873
17.0457077,14.173501,14.007061
18.6025372,14.9684324,13.9731779
40.3485031,20.0750904,18.3911266
115.864105,39.3588409,3.22940063
114.51123,41.1082191,4.11034775
20.8480988,52.7710953,16.559763
18.6776619,53.7625046,15.8988714
18.3480434,54.0884323,18.4514523
21.0151024,54.6677055,16.6081676
115.688698,37.372139,3.12414217
113.990044,38.1768417,2.97983623
46.6774597,27.1436119,18.3833656
65.4873581,55.3156738,11.452734
117.861298,58.5810127,9.13503742
34.0298195,36.4555931,16.9694519
34.2286949,35.8015022,18.7852783
72.5694733,33.0476227,1.39710355
64.0222321,50.4401054,13.7950869
68.473259,23.6279106,14.8331051
77.1603394,39.2935638,14.7131681
76.2704773,41.0018616,13.4117794
76.6922379,41.10746,15.750411
79.1448669,42.1607285,15.7247591
82.4765472,34.5266609,1.33304191
81.4097443,33.798748,2.29651904
5.09372568,42.1072845,13.5254745
7.1522584,40.6560059,16.6485519
7.85102177,40.6703606,14.5975895
18.5463428,36.0473328,13.3488874
62.207943,30.1026917,2.64755225
63.9304695,32.0306396,1.38905406
19.8995819,34.3674965,13.5092697
61.423893,30.4978828,4.90555286
19.675518,52.6788177,14.9244289
18.0139141,52.3124428,16.6670036
40.9314804,39.2309303,6.70971441
42.6183929,40.4514427,8.71705723
36.9591026,36.3911819,6.24672508
38.5740166,34.7934952,6.57243299
66.3999405,25.6903381,4.69210482
22.3381863,52.6275291,15.3193235
108.381317,13.7649517,6.73793316
24.2992439,38.2277069,4.88595295
25.4578152,37.8364105,3.82028556
27.1701374,40.8232994,3.81389141
27.2543297,38.7825432,4.0244689
69.1133347,31.1018677,18.2943954
64.761795,33.2629242,1.56508708
30.5581703,5.42540216,5.39533329
30.6254368,7.63824224,4.72112846
74.0314713,23.0740223,1.58680546
30.8910084,9.64424038,3.04032898
32.7383881,7.62777042,3.32743716
29.1430645,7.50957203,3.29814768
71.4661026,20.6148376,3.29066014
72.3899994,19.636097,4.72608757
70.6399841,21.430851,4.77559185
89.4999466,9.58167553,3.27815294
90.2143478,10.9115019,4.25446367
70.8260956,21.4948521,11.6522541
69.7818756,22.2291393,12.839674
78.5295792,17.036108,1.46677709
70.7788925,24.9750443,1.45521176
79.2362213,27.6246433,18.3749065
40.8435822,30.0031204,14.0217018
78.5134201,49.9778671,13.8013592
79.9958038,51.0126495,14.2820644
78.6673813,47.6843262,15.8188019
76.5886383,48.7413292,15.566185
76.807724,50.767868,13.9894438
78.4531403,51.8136787,14.5504465
78.0260925,50.1634598,15.9982138
79.9927521,49.1381836,15.6946421
99.8166275,46.1212997,14.0122709
101.443047,44.9158363,13.9825935
101.513977,47.0222969,13.9578228
103.247299,46.0055695,13.8785429
117.06279,39.864151,10.0300493
115.33551,40.5398521,11.5169773
78.487587,14.5707808,1.34129643
19.2000732,16.6916142,6.72882843
18.7653561,16.9528332,4.29929018
75.5282974,16.3542786,2.94659805
101.724808,3.40734458,7.34718752
69.1534119,22.9127598,4.68007612
99.6294556,5.19976616,6.12942314
98.9906464,4.60980797,8.57951736
72.2624893,24.6135311,11.5268803
20.9571533,15.7536898,4.01925182
82.5637817,50.4926834,13.1063395
75.936058,21.9320068,1.5729543
75.6766052,24.3383236,1.44798994
69.5768585,22.6623383,8.53551102
31.7618332,55.2976761,11.608119
116.940407,56.4060287,8.73451519
118.535568,55.3166618,8.63333511
118.549072,57.3157578,10.6540585
118.460999,55.3627701,10.5919704
35.2980003,49.6432343,6.59024811
32.8700638,55.0855484,10.0846939
80.934433,11.147109,6.66186571
16.9755554,13.8535261,6.24959564
79.0464172,12.9630947,2.7682488
98.640976,25.9796486,15.0025692
99.1192703,24.1987171,15.7886086
98.8102646,27.8920841,15.5492964
97.164505,26.5028572,14.3099041
97.0873108,26.7428246,16.3488064
103.209381,47.7210045,14.1998081
103.699028,49.6280632,13.8327065
104.734802,45.3074837,13.6547222
105.985382,4.51318359,11.1629829
108.536171,4.68541956,11.1337461
81.9264297,36.3403625,1.85622013
104.560707,4.72376108,8.53415203
95.2757797,8.62024784,1.39929056
93.8909378,14.5273743,18.4523335
92.1661606,16.9527512,18.7536106
40.4663429,50.118885,13.5379133
45.2933655,50.0368843,13.6048307
43.170269,49.4485435,13.2513218
41.588356,48.3585701,13.3614168
43.6340561,50.5686989,6.03772736
29.032505,51.6457787,5.73597813
19.8958759,58.5273399,11.5975485
17.9304428,56.9262695,12.7202988
19.7651711,56.9792595,12.5380917
17.396019,58.545063,11.3523579
21.4842358,58.454258,13.361372
19.8861179,56.7426186,14.2640219
19.6171513,58.5403862,13.3954983
17.9272919,58.5192757,13.1884747
84.3668365,8.04534054,2.7699728
88.0421524,5.09768963,1.19384658
96.5493774,25.8410397,5.25112581
95.4914322,25.8314095,3.99948502
97.1114273,27.2736111,4.13769293
96.6840134,29.2064495,4.1297574
97.5414047,25.0805302,4.16754436
81.850769,20.2056446,5.12487078
80.6431961,23.2153969,6.6918993
85.8913193,6.71269608,2.64759779
109.319221,23.212101,14.6040897
109.695389,24.4672661,15.7352085
106.602661,21.8359146,15.7877121
109.046616,21.8802624,15.7302418
21.0795059,17.9755669,4.46832943
108.208572,23.0030499,16.8797226
110.519173,22.5350494,15.7467508
107.587463,24.2214298,15.8187561
76.1051254,18.3650475,12.7967844
74.3296204,17.7479706,11.3653135
75.3098373,16.9340096,11.5703773
94.1230927,12.8143311,18.5632496
12.5108271,2.8538897,18.383503
11.5075359,1.40621364,16.8263836
72.7601242,19.3980904,11.6038513
73.7472992,20.1859837,10.0972776
73.9910278,20.4261913,12.9652157
76.0068588,20.7685528,6.5368557
89.6491013,2.59249425,3.1167686
73.986351,18.3917618,8.61106205
74.6493225,17.5239449,10.1802473
54.8489876,48.7049408,15.8322582
53.68507,49.9202309,16.1807556
53.3739815,51.6974335,15.298912
55.3395882,50.5350571,16.4320354
54.6414299,53.0728149,15.4806328
56.5680046,49.2870407,15.9460897
90.4365845,2.61730337,1.4655242
36.2982635,50.7480354,4.7817049
36.4820938,48.7325974,5.43937731
38.2745781,50.2674522,4.44114351
37.5887527,52.3466454,3.38631225
90.3762131,5.23147058,1.56662107
91.7381592,4.50704002,1.39136267
39.2920837,31.2910309,3.94859862
53.4661179,28.2874584,13.0008917
53.665226,27.9632244,10.2896748
66.0719376,25.9864769,10.0067129
48.8200569,33.2146111,6.11392403
47.652813,32.0497627,4.11330175
6.77212572,26.9994354,15.4475231
7.79235935,25.6003284,16.6854115
8.83363533,27.8418579,16.4274788
68.542366,23.6693268,3.31508183
9.91107368,1.87896872,17.3755398
74.8199081,28.5659084,1.24992716
73.3435898,27.3834171,1.65736759
73.6179733,29.7975941,1.90034032
69.5014114,23.6920338,1.33213067
75.427742,33.5440178,15.5362349
76.0609894,33.7701797,18.4633751
74.2826614,31.8919926,17.6138515
70.0782089,54.6470032,13.2248793
68.8872604,55.2558937,14.4543085
68.4600906,49.6904564,15.6882486
66.6978683,51.3811493,16.5248928
68.7019424,54.0981979,16.6817055
70.4833679,53.4757919,15.3288012
72.5047607,19.8563499,2.64070249
66.96698,25.1533012,11.5036583
72.3481598,29.4240971,1.27699924
70.214653,29.1405964,1.28337812
74.5196228,17.7993736,3.04285765
68.7459259,51.6128235,16.5580025
7.00622892,12.6243095,5.91930103
87.6024704,28.129118,2.3888905
8.74638176,15.5155392,12.0451603
63.4053383,28.7551632,10.3807402
4.97722101,14.0425978,8.73642159
4.69703817,14.0516653,11.4982662
3.06429243,13.9520788,10.0559216
69.6428833,22.4616318,6.70281172
4.73980665,16.6554661,11.5338058
5.2105341,13.7926159,6.64761972
13.9231615,1.78785002,15.6222878
13.5660839,3.43968678,16.4012203
12.4821529,1.51932395,14.6426964
10.5034313,4.10706472,18.4841671
11.5069818,3.12504339,16.4414673
75.5354614,30.3265667,18.2737103
72.4009857,19.7567177,6.66432619
76.9971466,15.6351042,2.54860449
80.2318497,36.9317703,3.87437654
80.3192215,37.0861397,1.92145884
72.371048,21.1346378,1.35972667
74.3511734,17.7879372,7.21614838
76.9957504,17.3047256,1.95251763
76.2762909,15.7877474,6.66677141
77.561264,14.4535007,2.90332055
24.4737968,43.9771004,15.8051634
26.7217274,42.6481934,15.4756203
94.0260925,33.5390816,18.5888863
79.9093857,17.8297176,1.52255392
58.0296021,40.1663704,15.7933321
4.98018265,5.76035929,8.63748932
5.00184774,3.32823181,8.43866634
3.22270012,5.19146633,8.46979427
82.0743637,10.0342226,2.66352201
97.0058289,5.98482609,18.7901382
97.1298523,3.48094416,18.5308685
79.9665985,12.2625084,8.55968189
80.5826569,27.5569229,15.8489799
82.1422501,24.0272026,15.7867403
80.2233582,23.2700958,15.8095675
79.8278427,26.1027298,16.1776257
78.9225616,24.3987541,15.6699619
22.6015797,41.0577354,6.02896404
87.2724838,5.12037992,2.74460912
92.1340714,1.55098271,13.0003748
94.7021255,2.39955735,1.28696239
87.7234879,10.1189699,1.57499707
85.7081985,10.7133713,1.58209729
22.4903831,42.7989769,6.4107523
66.5222931,28.4326591,14.5103359
65.7287521,26.6198177,13.3430548
65.0756378,27.0148659,15.2533789
65.7848282,26.3224964,7.2355051
68.1506882,24.0519199,13.3777437
72.8531342,49.0781326,4.12247515
70.3440704,48.6202087,2.16396832
73.5444489,48.9102325,1.70214844
71.9793396,47.6250038,1.63521636
109.841576,50.457859,6.0497179
83.1619034,16.4575176,4.10193396
83.2765121,16.0537148,1.68693805
83.7335434,14.5795813,3.27753782
80.9981155,15.4388561,3.2421658
110.984192,48.3482552,5.02132082
109.097481,45.9031296,6.80017233
73.0118179,21.1908932,5.26124859
74.3205414,17.7505074,5.2627368
76.695015,15.3625231,5.21009636
72.7788544,19.4345722,8.77599335
82.438118,13.226016,3.20247269
80.5589294,13.2351437,2.13039589
81.3872375,11.9679356,1.42459333
80.9483566,11.5824642,2.70145345
57.0795593,33.4331322,15.9098825
58.6308212,33.7324829,16.6201191
58.5058556,34.5732727,13.6232681
75.6171722,16.5140381,8.9414854
56.9438629,34.1047783,18.4613094
74.3409042,19.5421391,3.19803786
73.9150772,19.0928574,1.35313523
55.736412,33.8232765,17.1492596
79.875351,12.4210453,4.92339849
77.7061386,14.3555632,6.66541195
118.559357,6.25338221,10.3988285
101.470673,17.1560688,13.7379198
78.3440781,13.9439383,8.61555004
79.1616516,12.9242897,6.65959501
98.7739487,15.0888176,1.53291202
89.3294449,9.22085381,1.50123048
91.3869858,9.18523026,1.31467235
96.4895325,3.52184463,7.22747087
97.4399185,1.48137748,6.73331594
81.3039474,10.7999792,4.79578352
116.788063,47.5079384,12.8107262
113.347137,46.0775452,15.5346851
84.135025,7.87968874,4.77208328
115.597389,47.5109444,14.7421455
113.130409,48.2719994,15.4775343
83.7688065,8.52410984,6.67501831
17.8482323,20.7848034,4.38614893
92.5351486,15.1575871,18.8947048
17.6135979,22.2922592,5.79256725
26.5232162,35.3030586,13.3243437
97.6246185,1.87972045,1.90552688
49.197052,26.1408138,11.3743343
45.7673721,32.0164566,13.5321112
47.3981667,31.2927017,14.032835
24.8901443,46.8761902,15.4478569
90.2225723,5.37875319,18.604044
92.1958694,6.2785635,18.418951
91.6673203,4.55842781,18.4728222
95.7647934,1.6406585,13.1852551
62.4252014,32.7916336,4.65751505
63.9973564,30.9391918,5.48939085
64.0402145,30.3659477,3.70804834
53.9828758,53.3007507,17.1367435
55.2505417,52.1134224,18.6241665
55.8795776,53.0798759,16.7644329
55.3029556,54.0731087,18.4492798
54.8471413,55.4560547,16.7861366
54.6848984,56.0621185,18.5561714
52.5271225,53.9188919,14.7228727
53.0004387,55.7674789,16.6317234
51.5050201,54.1050339,16.6682949
52.4981346,54.8142357,18.6252155
62.6488266,29.7357349,13.2678156
39.1413765,36.9810562,6.06226301
66.1075821,32.7547302,18.438345
78.918251,24.7382603,18.2959461
36.7694359,50.1152382,8.95057583
85.6080704,46.3739166,5.41171312
85.3400803,26.998888,17.9639568
86.9219513,41.6686478,6.82735825
85.1555634,41.8216171,8.37332916
74.7240448,25.4947968,1.74296546
86.8253021,41.8597832,4.40299177
113.709602,4.6055398,15.0781889
114.393539,3.28627586,16.803875
116.440918,2.82012749,16.1638966
116.662521,5.37724972,16.9805088
86.9327545,45.6521835,4.16366434
87.2015152,44.0608597,4.51464415
84.8335114,42.8308105,3.95324612
70.2280502,21.91189,10.1302652
107.225479,3.10539794,14.7501192
107.459045,5.64263201,16.6664429
86.5819778,20.6460342,1.74174285
78.8297043,24.2410755,1.37764812
77.165123,14.8219166,9.20279789
78.0778122,14.7092085,18.8132381
108.868027,10.3632793,6.80556393
85.8519669,22.5584011,1.61233604
87.8450317,22.6375275,1.71795893
22.5335464,32.1530228,6.48292398
20.5894604,34.2056236,6.66216183
108.561615,4.23560572,16.7553959
106.267151,3.5862329,16.5183926
108.049789,1.48701215,17.0427017
11.5777559,18.2298241,13.3851099
8.59329033,16.4165344,14.3055906
89.675621,16.8362236,1.20965707
90.1389542,14.5643482,1.5628165
65.3134155,38.2465553,14.0259094
63.2457161,38.2633667,14.2082682
82.1164627,9.94613457,18.677248
90.6830978,1.47921324,9.34315491
90.0604477,3.54006219,10.7159023
88.4525528,3.6678288,11.4983578
116.680367,28.0217266,12.6605959
116.610321,29.4122066,14.8671408
102.370712,7.22206879,5.03400278
1.3333354,57.3333282,17.333334
66.6809006,25.5553894,14.9417582
66.9413071,25.4512005,13.3419008
62.4230614,32.4986649,15.0174379
61.9762077,31.7942142,16.8056831
60.86269,31.4004726,15.2294579
44.9286919,53.8927689,2.89811134
43.5954857,55.6219482,3.2102716
45.1290894,55.2555313,1.58193791
43.2825203,54.3211823,1.5433991
45.1496811,53.3073578,1.27409089
43.3782501,52.289402,1.33825123
44.9506035,51.3946037,1.47682381
43.0446205,52.6265564,3.05567598
45.2199783,51.4441185,3.45119405
68.2957764,33.2831535,18.6819248
42.8283882,53.9992485,4.44056606
45.4611816,53.1327782,4.75151157
44.4349556,54.6987495,4.80149412
70.2734451,32.5677223,18.8429604
107.891502,3.62562966,12.7741699
109.752083,3.14596438,12.6178885
69.1782303,22.9564857,10.7730083
109.458359,3.17402363,14.7250748
70.9828033,21.164959,8.4838047
1.50636125,40.0006599,8.55486012
2.97991705,39.9423218,10.1027603
1.67671406,40.0090866,4.79197931
37.786869,49.1352386,11.276268
37.8071136,48.6734085,13.4842253
87.7996521,18.814558,1.56299126
75.3104324,16.953783,6.65222168
82.2571335,23.9111004,17.9738293
78.1066513,14.0009985,11.2514057
78.8027191,13.2362833,9.66073704
85.4701309,21.5727577,18.2798615
80.0119171,12.1594143,11.3738794
14.6878624,11.5045738,14.9510832
13.8753433,11.6105461,16.243784
13.2805252,13.6442099,15.8736448
16.4113541,10.3686714,16.1358757
16.958992,12.0556602,14.0559654
15.3207788,12.9214878,14.2565804
14.9533968,12.8301029,16.2795963
82.0355988,10.0445127,8.6532917
16.9072323,12.0852003,16.1625595
82.1908035,9.98052692,11.0405397
14.5618725,9.82508087,15.5985041
83.1814804,9.03140163,9.95263004
81.978363,10.0804167,16.6612473
61.7992554,54.9989967,11.5042963
82.8338699,54.3588333,15.4730997
83.5261536,56.5729561,16.3820972
82.956398,55.0763168,18.4337883
84.5966873,53.8717957,16.9046917
93.8790283,1.45258164,15.2262535
39.6478691,18.4628639,14.9137211
118.536942,6.66256952,15.3251867
118.54274,7.17179012,12.5945139
40.849781,17.5042381,11.7074919
89.0505447,6.92247629,1.31479383
87.4536133,7.423769,1.42867124
94.0815735,45.4006577,3.85752583
95.6585083,45.8428802,3.91783595
95.4517746,44.1190147,4.08495378
56.7478371,31.9760418,18.5383415
56.0608978,32.0825844,16.8509426
83.6809158,56.3755302,14.5018768
70.8166656,21.5873528,17.2560291
72.5320816,35.0500603,18.6591892
78.3913879,20.7928238,3.34753799
79.3064041,22.2117786,1.49444914
79.7229385,19.8801479,1.6241672
77.7179184,20.7435398,1.55810833
80.7868576,55.0931435,15.9275303
81.1346207,54.6500282,13.5618496
81.8371429,52.588707,14.4928398
83.2384796,53.3862,18.3114529
82.0364838,52.3719635,16.5982647
72.3009567,29.1086349,18.5998211
95.4285202,49.4928627,6.66640663
70.7639618,22.4458218,18.5931072
81.5395889,29.0370998,18.4678097
80.4055557,31.1357975,18.4377079
74.0072021,18.151022,13.3497534
36.4733086,33.7639046,13.7472153
83.3711319,52.0264893,14.0944967
80.8895721,20.6708508,18.7531261
76.3383026,15.6959915,12.7539396
79.8856735,33.895874,18.0583801
109.207726,12.1113224,6.63985109
50.5282898,56.9041557,9.5865984
48.2206268,57.0159378,10.0772448
47.9061737,58.4044876,8.54848862
77.6763992,14.3462,12.8458862
102.80127,49.5204735,5.92313623
97.6305237,21.2870159,1.2224679
50.3423729,58.4567795,11.2565546
83.7482758,18.3542252,18.1156063
82.8374786,13.736968,18.7970028
83.4607544,15.0647984,18.4262562
85.4838333,6.9752841,13.3245869
82.5675964,11.553463,18.4699516
86.7272797,5.85974026,15.4255161
87.2115707,5.12019777,17.393507
92.9377441,3.33057833,18.5867901
86.0322113,6.12036848,10.0793934
97.3750992,9.54021263,3.57666731
99.8777008,10.3484945,1.67964792
97.219368,9.44843388,1.4059732
84.5255203,11.1601171,18.4605503
88.0428238,14.4956322,18.548912
86.4926453,12.8979769,18.4294758
110.05645,58.392807,4.83960772
90.7176666,1.47779322,11.3395243
90.6449585,2.91461015,18.6457481
89.5584183,3.11857343,17.3133011
87.9427795,7.50351954,18.5895081
65.7832031,47.5110664,16.2142735
67.9788589,47.8359756,16.0398884
24.5817585,54.4685059,3.48426533
23.9612579,55.5578117,5.29276323
66.3274841,43.8607178,17.638895
67.4478226,41.8013725,18.4215031
68.7156143,42.769619,17.7467728
66.5523682,25.9293556,17.456522
79.6869125,22.4435215,18.7452583
63.8807602,28.1789722,15.2466202
42.4165115,18.8829556,11.4970818
67.3133011,26.8998337,16.3266773
80.6064224,23.2048721,18.1272564
41.6846237,16.6740417,14.349802
76.472908,31.4480247,1.85433686
74.9505844,33.817337,1.45179451
74.1860809,31.987112,2.18424392
23.8213634,58.46978,4.69302368
26.369009,57.1708984,3.70463872
71.3566589,30.7613297,18.7414761
113.955536,51.4049797,15.1363878
112.487541,50.1435509,14.662426
9.93876076,17.9021034,13.6182108
84.5435181,40.7651291,6.5126996
74.1463547,18.1513176,15.3577185
23.542738,56.5014687,3.65886307
66.7782516,27.4290409,4.84112644
66.9091568,25.537672,6.55070686
75.0294113,17.0289783,16.7954617
82.2358246,9.84476376,13.1586914
82.4083557,12.1436872,9.84828281
82.1618729,12.5021019,12.6967735
81.1732864,11.1105223,11.4144154
88.5598297,4.14670467,2.47488332
98.7868423,45.4993324,5.97014189
96.9604492,23.0636272,15.9510717
97.149353,20.9228973,16.3309002
98.6591568,21.8121452,15.489502
88.8762131,4.45629787,18.7051163
90.0134583,2.63589311,13.3565874
96.3469849,56.8080025,10.1064577
51.3693314,37.2099495,6.01158142
49.2486153,35.3366852,6.53809357
89.986496,2.24785495,15.3389311
62.3448448,30.1316471,17.2993279
71.0079956,21.067318,14.99613
67.4661179,24.2604332,18.4064217
38.3246498,29.8050804,14.1651649
68.8963928,23.3689384,17.2938004
72.7149734,19.2969112,15.2378874
73.7060471,33.4844208,18.4523029
99.9176865,56.5843315,7.0860734
71.9016571,20.4011555,17.2546005
71.9888611,26.3554077,17.1231823
73.3045578,23.8146057,16.6760254
74.313446,25.2154808,18.3396549
72.1479568,25.4356041,18.4448757
74.9684143,19.4508305,5.29554987
76.6026764,18.5114479,5.52710915
80.9468994,11.2106009,15.2196922
78.9144363,22.0833454,16.7003708
77.638031,23.0599823,18.4069824
78.5754471,21.1340981,18.4123287
100.610504,58.5241814,8.65114307
86.9807892,6.30161095,18.7252254
86.4205322,8.61648178,18.6746502
103.26931,8.7790432,5.79893875
97.8786011,56.5050964,12.6308584
97.4021072,5.91244888,16.6545658
95.1485672,4.82405281,18.3960171
85.0501328,7.35709524,15.1989613
112.210075,25.4217224,5.6908555
114.772896,29.8588448,6.36485529
56.2754059,39.0101929,16.105545
118.93882,58.9839287,18.7752838
12.7389774,51.4213982,14.6317768
14.797821,54.0000839,16.2824211
16.1216259,52.9941139,15.2918644
99.0452423,51.4519386,3.32001042
61.1748428,31.1186199,18.5487289
14.7184048,52.0116806,16.5099792
44.874897,23.0664062,3.41131878
44.1537857,22.6172371,1.60012507
43.0531044,21.7760677,2.94006729
44.7767334,21.1255703,3.29891467
44.0127754,24.9173985,3.19119596
45.6300316,23.6087818,5.30028868
45.3605576,25.4534798,4.21988916
45.6248436,25.1337166,1.6678015
73.6752319,37.6300697,14.9908142
72.0755234,37.2082176,14.1726379
74.4530869,36.0541344,15.6189165
74.1953659,39.6938057,15.3896732
67.6052856,38.440258,1.70012093
73.3089371,19.4288769,18.6994667
73.1106262,18.8663464,16.8585205
114.442909,22.1549397,15.0212345
3.44692373,31.9759045,7.08144093
3.24504876,34.6651459,7.78059912
6.95980787,35.6046867,18.6097546
8.02004528,34.1913795,18.5977707
8.99184513,35.9915619,18.6231194
92.8955612,27.0620384,13.9376993
91.1029129,27.8607063,13.583704
97.4498672,7.57228947,4.74944592
97.2568665,9.17183495,5.69323969
98.3566971,7.18013573,3.13731003
98.9964447,8.49734211,4.82959127
115.903152,5.90875816,11.9900284
116.789398,5.23099995,10.13836
114.445328,4.54710531,12.5859785
116.038521,6.33128786,15.3114567
117.100807,5.91875172,13.7490072
3.33532453,42.4418678,14.490531
3.1754055,44.1138191,14.4499044
1.45239174,42.1199341,12.9996614
3.33763289,41.4197197,12.6180248
117.42749,53.5284157,13.8895235
118.43708,51.6842499,13.3247995
116.768425,52.6877327,12.0015106
118.426949,53.5856438,12.0297594
27.840416,35.456665,14.4562225
28.957449,34.0422363,13.6204433
4.03160429,42.5075989,16.6136494
26.6104927,25.2261124,6.11243534
88.190506,55.1196175,8.44190216
85.7617798,55.1840286,8.50248528
88.3355484,57.1139412,9.87356281
87.2611084,56.9544106,8.46969509
86.3302002,56.7904587,10.0221968
88.1517487,55.2035599,10.9201622
28.7817802,32.018856,16.0478783
26.9654903,32.7314301,16.0650406
28.0484104,34.1779213,15.8308907
96.8861618,5.98024702,1.12382376
79.7029572,26.9803143,1.26743102
73.0552368,33.7833023,14.1803989
77.4013977,54.9879684,6.67693949
77.2654648,54.5360146,4.93251848
26.301424,34.9678955,15.6907091
79.4183807,56.8437386,7.17207336
77.563324,56.5149384,5.50242949
27.8659916,30.5783482,15.2769804
28.8539658,41.6997681,5.95980692
26.9938374,42.7809334,4.11879969
28.9002666,41.642067,3.94635105
25.3664227,30.8681736,15.8581076
78.982872,37.7593346,14.9478025
80.8584061,40.3824005,16.0984077
79.3748093,44.0917511,14.306016
76.5991211,43.5351372,15.7938633
1.56126475,6.63333321,7.83333826
4.46365643,1.57141018,9.4724474
7.02418852,8.57937813,3.69054461
5.43320084,7.02604151,1.70845139
5.47378254,8.77983284,1.62535954
2.62814736,55.3279915,9.2439642
82.6954651,31.3717232,15.9520741
83.6564484,33.2665558,17.9780216
99.8618698,2.52518249,1.33298874
93.3209534,1.16241312,1.26146984
90.5301132,7.45043087,1.54425716
90.6740112,5.43000412,3.21920204
10.9061489,16.9555531,4.47555113
11.8997812,15.5186749,5.85354614
10.7968197,14.1505594,4.77551556
94.7507401,1.46420789,3.45224953
46.60186,30.2789516,4.05359888
101.103485,1.33751202,1.28989363
99.4627533,12.2865505,1.82352853
55.0433502,54.7554283,14.4154434
1.64385545,53.6120987,6.44008732
3.29547954,53.2647896,5.30323505
3.18763924,55.3366776,4.55235529
3.48386765,55.9404793,6.42323637
36.9618034,38.1185684,13.9861326
4.19752264,54.2670097,6.95362139
35.5858536,48.49049,13.4776487
84.293602,44.9266052,4.04299021
85.4769669,48.4530525,5.32160473
86.874855,47.8026848,4.4693923
84.3131638,46.9163475,4.14839268
62.9352188,55.1740341,9.98819923
109.106476,1.38579381,10.1878567
110.462204,1.66307557,8.86931419
104.392609,1.48639703,4.79198694
114.252411,1.42276824,5.07002783
1.69305599,54.0321312,8.45399857
112.686272,9.83813477,3.06353569
110.904739,8.88026905,1.46057296
110.854439,10.4881077,1.81945825
5.60533094,15.5976963,14.9731359
5.03190422,15.3094797,12.7236404
5.31584597,17.8546333,13.7001638
117.272171,1.39716172,2.86905718
112.762352,2.54267859,1.34432638
109.380913,14.5094681,18.7565575
105.181244,5.81107855,1.59701169
110.378624,13.9940653,6.24405193
111.191154,12.2984428,5.68837976
113.474121,7.43989849,15.1344442
115.262718,7.86278486,14.9738646
114.753227,1.87899899,1.28475261
113.581497,9.24042225,15.0323677
115.492294,10.1749601,15.3285275
11.5494843,1.50998354,6.65059662
78.9445724,55.2117462,15.42661
77.2331161,53.89254,15.4530058
76.572403,55.6360588,16.7849674
79.9469147,56.8705597,14.6406012
93.6542664,13.2708044,14.3130026
93.6575623,14.9351711,14.2928028
93.5788269,13.2703867,16.2186337
93.4877472,15.0268211,16.2795048
47.7014809,22.383749,7.22563314
79.5516815,55.3324242,17.6629829
79.8591614,53.7807121,17.2799797
79.178009,53.3598938,15.3919821
117.91655,1.40565169,1.25679207
79.0772629,45.9273987,14.074996
118.624603,1.33001697,2.86458445
118.617706,1.3596102,4.93229055
85.1030731,14.5291204,5.93991089
85.1340408,12.4538431,4.29764986
84.1159363,10.4496136,7.30884647
85.8986969,10.4547548,8.49025154
99.3660278,1.58966577,5.00559425
96.2282791,1.90698993,2.91755152
67.8324814,40.1409149,5.22779036
103.217628,2.49413109,1.32888043
67.7307663,41.5626221,4.3001256
104.730232,1.72483635,3.0010004
70.2351532,43.4188766,4.27610636
68.9349365,43.2137985,3.18311596
103.027687,1.52908206,9.95521927
104.111038,2.83913493,9.86732769
102.563904,1.45939338,9.08481216
102.008202,2.85370755,10.142005
1.30398512,2.77195215,12.7749596
108.466354,1.45156407,3.28529119
72.2790833,42.8329506,4.17717361
71.4718475,44.1745567,5.56478977
107.062103,7.04398537,1.62139547
108.820381,6.11799145,1.5581311
102.298477,1.54883373,6.96352386
103.432854,1.70951951,13.9691219
103.962959,1.49313283,11.5464573
101.711899,1.42453003,4.86180449
76.757576,50.7546577,5.90469074
75.0658646,49.6537628,6.10636044
62.8817291,49.3182793,1.76330173
60.952877,49.7025299,1.96936846
118.552155,12.489481,5.24147415
28.942852,37.5009613,15.5749025
29.142807,35.6085587,15.5753736
115.634041,2.02208996,2.98757434
27.9092388,36.2929459,16.7321281
27.0668602,37.0833588,15.4449568
107.303436,10.4045525,1.60048199
71.9239044,32.7823868,3.83128905
74.0955353,31.9935532,4.30841827
71.977623,31.5865078,1.49095595
72.5358505,31.1856422,3.61924601
71.3156204,34.3695602,4.04206371
71.4269943,34.243866,2.17847252
70.2991257,32.7527542,3.3399291
73.2127075,34.2314758,4.20073748
118.600769,1.34040534,6.81412983
93.7612457,1.5759058,6.61727476
96.0128098,3.29775023,12.7755518
76.2793274,43.2580833,13.73631
28.8803864,47.6634293,13.6268225
62.1748924,56.6411057,7.4202404
63.5281029,58.4174728,6.96830034
61.397419,58.5460815,9.23148727
64.0705185,58.2762871,8.40670395
97.0637207,7.48676014,18.4723969
98.2592087,5.74385786,1.98943138
99.8238449,4.57543802,1.46566081
98.2258072,3.99718165,1.48746276
79.257225,56.6154366,16.3537121
103.172943,17.0062866,1.49581599
103.325912,18.9335976,1.77903616
108.247231,1.78422022,4.82267332
115.7631,6.11567545,1.53038323
102.966362,8.84845829,18.6309109
104.718796,18.2701473,18.4659271
9.135005,54.7446022,5.40508366
5.52053785,53.8818474,3.38634253
118.547234,8.69427299,7.40325308
106.224304,1.54575062,8.6953392
7.70633602,55.3597336,3.19451427
105.329796,9.92903328,2.0596745
106.968468,8.85268879,1.32609355
111.830154,1.6201247,9.92793465
118.67141,2.69851208,5.28806257
107.711723,3.74210429,3.14779711
105.866013,2.97699356,3.80445242
91.2595139,9.29635906,18.6315632
64.8299637,50.600563,2.78832698
64.8033524,50.5454445,1.26682353
100.58268,3.45929408,5.4092679
98.6267776,3.13870454,7.20392227
103.164848,6.86245441,1.64667547
98.0793991,4.64295483,3.40377045
95.456955,3.80432057,3.32928252
96.1469193,5.18214846,5.91048479
104.274857,1.61497605,6.6563983
101.115829,1.39675164,10.2148752
108.109383,1.72930908,6.64493132
106.567047,1.46774662,7.24718428
29.8912716,56.923214,10.1376305
103.595268,3.32386541,4.90840054
106.190468,3.02043033,5.43973446
104.194374,3.22497821,7.41129494
29.3913994,56.8663368,7.34169722
113.450127,6.00728083,1.58274281
112.360054,1.34983683,7.13846302
114.132416,15.845294,17.2483292
110.289444,1.78978646,6.63071585
113.502327,14.0578232,18.7487812
114.700241,16.9224358,18.433485
114.134041,17.8228836,16.598917
116.232841,14.6556187,16.6810379
115.076057,14.828516,18.4140911
111.263138,6.5887723,1.59698892
118.334427,2.71442866,3.39177227
110.155319,1.54031336,15.1517887
113.202667,32.5682106,15.3887768
46.4640999,20.7981625,10.2023458
100.932968,4.32635975,16.7576447
101.35376,3.75225711,18.4786072
99.3337173,4.57538462,18.5338001
95.752037,10.5488577,1.68058956
31.1250134,19.0876617,13.4571753
95.1005478,28.1704979,3.94439173
99.1948471,8.61606407,18.602829
97.2014313,9.45892811,18.5948086
99.6025467,1.79579329,11.1182098
103.10408,8.67444515,1.26908648
105.822601,11.9626503,1.44975936
101.19265,7.8533988,18.6130333
2.39191794,5.11327219,6.41606045
103.180779,10.3512278,17.9546623
103.231415,12.1703348,18.1145134
112.660545,1.44603574,15.331975
115.632912,3.71980858,17.8991966
115.514023,1.67591679,17.3265305
114.579102,1.32795143,18.6693802
45.9837151,18.5929146,11.4128962
42.7595253,45.3700409,18.692131
41.6789894,44.2854881,16.2724438
43.9435425,46.3025055,16.0090427
43.5412521,43.8223076,16.1031151
111.071655,8.67718697,18.6024628
110.999619,6.22266531,18.4016056
112.48777,7.40901423,18.5461483
42.6195488,45.6783981,14.984374
41.3688354,48.0718117,15.7010822
43.6281471,47.9024658,14.5765543
41.2180977,46.3035088,14.1652107
41.0921974,45.9015656,16.315546
41.601738,44.2799454,14.2539225
45.410099,44.1911583,14.2350435
118.472145,1.41489339,16.7220592
95.1334686,6.76299047,18.3933907
86.8384247,5.49692869,11.6517076
91.8760757,13.8871899,3.7226665
90.8366776,13.02771,2.8516674
91.873436,14.3449697,1.73645747
115.328796,51.2882004,10.3922834
105.425293,6.37993383,16.6029129
105.1521,8.01072025,18.3261395
101.199028,11.1691847,18.0488415
99.8288574,10.3786955,18.4907589
114.87394,49.9018669,13.9701405
98.2511139,5.74440479,18.0082912
100.353928,1.55732358,13.343997
101.721306,1.44488144,14.8854723
98.0999603,1.47670734,13.3515606
103.414612,44.1881638,13.6032352
107.211945,6.95007229,18.3691654
100.582359,1.31360662,18.8181133
20.3020859,39.9038506,6.25068903
118.094536,10.1340666,17.5060024
104.131363,1.44441068,15.0902023
15.5456333,43.0207939,6.82677364
107.751854,1.45443451,14.8884792
118.22538,4.29873323,17.4017086
92.872406,44.2783775,3.06506205
96.1052856,44.1655807,1.73726249
94.3361206,45.3769226,1.78416204
115.475433,1.64797139,15.4048157
91.3094864,38.1243553,13.5764141
114.611847,7.0192523,18.4612179
18.1880188,34.0830917,6.72568417
93.3633881,44.4065018,1.24990439
91.4170303,43.4650764,1.72591722
93.3322296,42.8036842,2.25476813
0.995143354,1.1972537,10.9638414
95.2429123,10.0361214,15.6794243
93.6315155,11.5712862,16.0041218
92.6262589,45.2880745,1.57263541
92.7400894,1.13872027,18.8630238
97.3700409,1.47605419,18.6553936
104.817802,12.8080053,16.2482338
103.176422,13.4444838,18.4049625
98.5024109,1.55679965,15.2892218
101.556984,9.23295784,17.9562263
90.9391022,42.1337242,3.8942647
107.315536,4.97239876,18.404871
105.093735,3.34893274,18.6008682
103.252159,2.30894756,18.6525517
99.6202393,44.0038452,13.9632444
104.603004,1.69953358,17.2999516
108.556084,1.4903003,13.2901564
75.2799301,42.3544769,14.6818047
73.6756592,41.437748,16.1087952
113.030991,5.67515659,18.4869003
115.353142,4.89205599,18.5517216
53.3442268,55.6846123,11.1965933
52.3364182,56.4781418,12.7999277
55.3951874,56.6000519,12.9062567
55.0585747,55.0195274,11.505435
96.693306,23.2196579,13.6520338
98.8924561,6.18003321,4.64125633
98.4511948,1.5478617,17.0225334
96.5741043,1.79305184,17.2291775
101.39521,9.2595892,5.87177896
32.0471191,48.9307671,5.4298625
32.2687302,49.9535828,3.68319368
102.627403,1.45722151,17.2527637
103.304359,4.84105539,18.402441
24.0993519,32.1700478,5.33526564
25.402319,32.1414795,4.39925575
25.7330322,33.9866486,3.81300306
66.2041321,48.5260887,6.24431801
66.1257324,50.0554314,5.17704821
111.36335,1.80440462,17.3143349
117.110115,2.97961354,18.5249767
111.733368,1.92500257,13.2698507
10.4924583,31.8977032,13.4734564
11.1689339,29.3321438,13.2900505
39.8426819,51.0052986,5.0761714
41.033886,53.1614037,4.58367252
42.0439415,55.0266533,5.87778568
94.4232788,2.34191251,18.7591705
91.1719437,2.48192024,14.2352257
12.7983227,44.2626762,6.73141003
98.5132523,3.31065202,12.4128847
85.0316925,56.8750572,11.3180189
84.9746017,58.5178337,10.3334007
86.5119476,58.5277367,10.9851799
100.656021,1.47502148,17.3352623
110.507385,26.4862804,13.4905882
59.9470711,41.2338829,16.0117607
62.8909035,41.6885872,16.049593
114.391121,5.94856548,16.932682
114.041611,4.10069323,18.5161057
113.328926,1.45798087,16.6800346
118.777451,2.13378787,18.8230953
85.925827,56.6171074,12.7957516
10.4601316,24.0154247,13.8389482
76.2473145,31.9626904,15.4628935
78.0141907,33.4932938,15.5077724
20.0787888,12.3170176,13.9963388
84.0649796,58.4305801,11.4408722
71.3980026,53.4365005,12.2163858
72.2647934,54.1608467,13.6277637
71.8031006,55.1864281,11.5262728
67.5318832,56.6910553,12.6413679
69.8568878,56.7367554,12.4732256
100.127731,3.19711637,10.1063671
96.074852,21.9079571,3.96132612
98.1225204,21.1201477,4.74999285
17.1749535,33.0454216,5.55022478
16.6070709,35.7283287,6.57541752
16.36586,31.4997387,4.56844664
18.9691982,31.7862396,4.44073343
83.5546265,56.7390785,12.671546
107.722778,10.3750877,16.2882385
107.545074,10.3361168,18.112175
101.670456,5.50224447,14.9547586
100.792694,7.67962885,14.501709
104.923782,14.4189034,18.3344307
102.880775,15.6796112,18.0906677
102.030388,3.09566259,12.7495356
100.118286,3.20776296,14.2819586
72.2061234,44.9708023,4.19596815
58.604229,47.7927361,5.86728334
39.0774956,23.1778831,14.3053322
99.6921234,47.7017326,15.9593487
97.229454,48.5841522,15.5106888
28.6151638,49.6460915,15.7570333
28.5665932,49.6783791,13.4632807
31.1377716,50.5246849,15.7138548
32.5668564,49.7308846,16.3434296
28.9727116,47.6194763,16.046648
115.022217,3.24444127,8.13333321
113.497223,1.79902065,7.77291393
115.303116,2.19361973,6.1066184
16.5260754,5.25298405,13.7761021
15.1728439,6.47320127,15.2639036
65.202179,29.333807,12.8714619
118.136139,4.48188925,2.68917418
108.42775,29.4168606,1.67129469
117.446404,19.9200993,1.32885766
111.293533,12.2364464,1.40405953
108.843636,8.29632473,1.40989161
109.00119,10.4182663,1.81252503
29.6961632,8.59843922,14.2513094
28.4414768,7.31152439,15.189044
29.6672153,6.42934704,14.0209427
12.3264256,51.3415565,16.8288593
10.481432,50.238533,16.7830238
9.01332092,51.3171921,18.6209011
102.428429,30.2200241,2.30342174
105.109558,29.8117256,1.75629258
104.135963,32.2809792,1.84858823
107.677994,12.3450003,18.4981842
8.8581562,52.6923943,16.910387
106.833435,13.9783087,17.6790218
105.394554,12.5947247,18.5127201
101.264977,9.38042259,13.9686823
98.4828873,26.8553257,1.20818377
118.53241,4.60822821,4.94027185
118.475159,8.43318176,2.66281581
118.648476,9.49236393,4.78705835
36.0740852,22.0425663,3.94435382
39.3147888,43.4023361,3.91524649
39.4844208,40.7062187,4.13754129
37.4162369,42.142395,4.2633028
38.5584412,41.4783592,3.18502212
101.494186,32.5961533,1.62299025
118.487015,19.3593178,4.80147886
41.2249222,41.8976021,4.41245365
33.1577492,44.1136093,4.60981798
35.0293083,45.01474,4.28133821
35.5695724,47.1109467,4.40470791
40.2333336,22.457737,5.77059078
38.2184258,22.1936989,6.21155787
30.7779293,47.1039124,5.98206425
117.464111,23.9474144,1.39460516
1.93265712,58.657711,1.3004415
118.608505,6.68297386,2.7071867
118.501472,17.4245262,4.55726099
107.70623,16.5557365,18.04459
5.41299391,56.8685989,3.71176171
6.16078281,55.8535614,1.53304112
118.277977,21.5878906,2.26655364
118.480896,15.4883986,4.71140099
118.454834,41.5532494,8.49587154
108.967079,20.1783142,1.60161352
118.467178,22.4496861,4.98579693
37.2146111,12.2395983,5.39638138
3.27654815,51.5774345,14.8029881
93.7369308,37.939537,18.4620075
4.7982564,47.3623924,13.3621159
102.59639,18.1438465,18.5437336
118.581001,23.9936523,3.05956411
98.2917557,52.8064537,16.8934383
99.5976715,13.824419,1.55308127
99.1259995,14.163743,3.95086169
117.540291,27.9342461,1.34743977
4.61030149,40.067318,1.49870169
94.7696991,28.4470196,1.48185098
7.88090372,42.0946159,3.35607362
5.96186972,42.196907,1.45472574
5.24579239,37.8796959,5.0542326
7.44693041,37.6868134,3.20151591
8.68691444,39.9078903,3.229074
95.1055908,35.0897484,6.27709293
118.538246,31.7856178,3.07033229
24.6277847,49.8190651,15.4960175
22.6831512,48.669384,15.6689749
21.5220604,51.368557,14.418663
109.546646,8.0099535,18.6442909
109.223724,9.66677189,18.6293011
107.376305,8.92699432,18.6271439
118.438614,31.757597,4.87696934
117.269524,41.9734497,1.34492624
81.7297821,12.5299263,16.9745693
80.6532822,13.8390217,16.8460522
118.128326,38.3759995,2.21031356
81.2435455,15.9459047,16.6862164
81.2526627,15.532526,13.8373842
79.7390366,15.0201921,14.9983473
27.9802494,56.6287727,14.3864193
28.5042629,54.9802399,16.7156048
29.7425766,56.6195831,14.460763
7.7684083,38.2192612,1.62270164
6.96775818,40.0848885,1.66531074
107.060112,44.138607,2.20627379
118.453972,43.7413254,2.99502397
118.539276,42.5480766,5.22556496
118.553932,38.5847855,15.3176231
118.457825,38.1685524,13.3437233
111.484444,46.929348,1.48867786
110.946342,45.199482,1.25867534
115.24514,14.1307096,8.50248528
118.539276,40.6117668,3.28926277
115.225441,14.2933693,11.5773335
115.460228,12.1988726,11.1362066
115.584175,49.2690735,3.23950791
114.936546,47.1486702,1.58143663
114.214775,48.9403954,1.48605037
10.8140507,45.3554459,16.4193535
12.3808584,43.6073723,15.8165998
109.444901,40.0097084,17.8036976
107.492935,40.6866722,18.5197811
95.1470337,47.3273544,2.34707117
97.290062,46.6882858,3.80622935
96.6549759,46.8209076,1.50690305
29.4901028,20.887867,13.2545872
113.352104,58.5174065,9.35622406
118.544518,55.3409309,6.66244268
114.6092,52.9766312,1.53822768
112.709511,52.1824837,1.33158386
113.070976,54.1303062,1.53822768
79.9562683,46.9993019,5.95471144
118.598083,48.3112602,4.78676224
7.30408239,4.92146683,5.36558819
5.78238916,6.8424902,4.62328959
7.46006775,6.53856182,3.92631841
6.20734835,2.81874537,6.52234411
7.16285181,4.45257711,7.73620558
5.75239325,5.09523678,6.47029543
7.77251673,3.06012344,4.7700634
118.556488,53.3356247,2.65717363
118.504967,55.3408546,2.66953635
37.7340164,52.0669785,5.96752214
118.448563,53.3090591,8.65478039
117.512985,56.139122,1.32754397
41.1540794,39.9338913,4.47534609
42.9776154,40.8769417,1.99115515
42.5491447,37.7281227,5.85642433
82.3017044,41.9353867,4.01991272
82.2871399,42.2622261,5.93134499
115.539696,30.4601574,16.7678509
114.506065,4.48006678,1.5181495
58.103199,39.6418037,4.22139263
54.8014183,41.9267616,4.03019476
80.4913635,39.3633537,5.76849508
118.333107,6.57423782,8.55068398
118.549774,15.6238422,3.31234813
118.291039,17.9654732,2.65562463
109.613953,11.9941645,2.26858115
82.578125,39.7922211,14.0287189
50.1658821,39.6108971,14.0131063
116.236732,20.6146793,2.66363597
116.049194,21.8183804,1.40612507
115.082573,19.9282036,1.5984621
114.174088,22.3162327,1.69258785
115.394318,24.0660534,1.58114052
105.110863,36.3687782,18.0683727
115.509605,16.2491875,1.35645366
117.46183,16.5932426,1.32558477
79.8116226,41.7894974,5.1015954
104.827888,24.4861221,1.48728049
23.8292236,53.7975578,14.604105
118.362175,26.5015526,8.88607311
105.757782,23.6361046,18.1897526
109.40049,50.5797234,2.04486656
110.91777,48.7930145,1.36101758
110.852768,50.6652145,1.39249408
118.584976,25.4188824,4.72502422
22.698864,56.4262886,14.5297461
24.7812328,54.5317764,16.4650383
23.5227966,56.6089058,16.4991646
22.9096394,54.1531334,17.0071621
24.7610264,51.6848717,16.4536629
2.96749353,3.35771132,8.64337444
1.41244805,3.19045663,7.17530107
24.4444313,56.55616,14.796958
102.615891,22.7492256,18.6541786
26.6176701,54.4260559,14.9227276
25.9407692,52.6247177,14.685359
83.1999359,22.7556057,13.5630035
118.540329,35.4390182,6.74251986
118.389328,36.2613869,8.55190659
118.554054,33.3390923,8.6647892
110.549004,29.8255768,2.00846148
111.976189,30.2396469,1.40786409
111.072289,28.2738876,1.4087981
117.448906,35.7922974,1.42517805
113.141479,41.3369331,1.40029299
106.543777,39.566349,1.44499803
117.765373,46.0672607,1.24613786
106.997993,46.6221313,2.19391847
109.184219,45.3626747,2.18633986
115.567741,49.8382301,11.6340446
117.168709,49.8626671,10.1351099
118.281738,47.892292,11.4404621
116.862328,47.9786797,9.89158249
118.537361,48.3985596,3.21888304
110.103928,41.6654129,1.8208251
109.983772,41.7941742,18.3044052
114.983322,44.8336258,1.57652342
118.534554,45.4014168,2.66038585
48.129158,49.1293755,13.5653877
108.488426,47.5019684,2.7247057
109.508766,48.5002708,1.96686244
107.716026,47.8975754,1.53958702
107.845665,49.5441818,2.0261097
115.525826,58.5724182,4.86608744
116.470772,57.298336,3.95905542
117.229645,58.6022606,2.84113455
118.526825,49.5888786,6.63402653
118.479576,44.4768829,5.11668444
111.687317,58.5378799,3.1794405
111.415535,57.4056206,1.53058064
110.123909,58.29673,2.83342695
118.401115,55.5056877,4.68296957
113.940491,3.03187442,3.26999736
117.262039,1.41092181,4.70276642
116.203392,4.28196621,2.1907444
106.426468,1.42863071,5.13304949
46.362381,20.9940758,7.22397757
47.1294136,22.3141975,5.52054834
1.47007775,30.0784969,15.0089331
109.655434,2.67035389,16.8895645
110.685524,2.60855532,18.6959591
48.0735283,22.3563881,9.81711769
102.628448,29.9109554,6.74087954
107.048645,17.9283695,4.03914785
108.73893,17.7818699,4.43503809
118.493004,16.0417461,11.483489
64.1952515,57.0488167,9.92510986
61.7426834,56.859745,9.94099617
109.253578,24.3124886,18.4225044
118.380371,18.0634651,11.3783445
118.552536,27.3357143,4.66553402
63.1455536,56.8907433,11.4573355
118.538521,22.5828915,7.24835396
109.273018,28.5413513,18.0611286
107.855537,28.000555,18.053915
23.3470058,4.93340445,10.1447086
22.1417103,3.20262957,10.1404562
118.546677,29.7426529,4.85424852
20.6474991,3.18577886,8.61062908
19.5813541,2.8683939,10.0424042
47.1249046,21.68466,11.4962921
118.516693,33.3731575,6.66388559
118.455307,30.1604881,6.81952906
118.556702,37.8341637,6.65706635
45.9618225,53.3650131,7.26959372
114.202415,33.6541748,18.4097004
118.514282,38.022644,4.86465216
117.1409,47.8952065,1.47388494
108.410194,34.5872307,17.803318
109.494232,35.5016212,18.1500072
111.98996,41.6828308,18.5871239
115.856567,54.7892227,1.48200285
118.437096,47.8372536,8.41694069
118.521889,47.7966537,6.69236994
118.501099,42.500309,7.15396214
107.339447,41.3169441,6.68287039
118.561768,51.8997498,4.80146408
118.475349,51.3685112,6.72140884
118.548996,53.3824005,4.67418337
118.749977,58.6949348,10.9603033
113.5924,57.0118217,3.66322184
106.736267,51.5147552,4.63159704
118.405548,51.4190407,9.42248821
118.506157,53.5450172,6.62878704
82.5013351,24.1815166,4.69028997
101.130989,50.5730133,3.99924207
99.3503952,49.6843338,4.44168234
113.204491,23.9093609,3.29162455
114.963638,23.974638,3.27065039
115.708351,22.5278053,3.52229524
114.406006,19.9715633,3.37341785
112.20359,22.3924751,3.31612229
116.504234,21.7678204,6.35911417
114.04557,21.7846775,4.27133751
100.994934,48.6229248,3.95417261
116.587601,20.2304306,4.95575571
107.388878,12.1303759,1.54484951
111.476967,3.03252745,2.17981672
99.1014557,47.5908165,4.04107666
76.3417206,40.8408279,4.289783
77.0003662,38.7781715,4.05066013
78.6902542,40.0919075,3.99732852
74.9288406,42.2297096,4.50380039
112.662109,8.36799622,1.36392605
76.3007736,38.0227814,13.6386681
77.7635269,37.1090279,14.0198345
107.184685,14.6095095,1.15865672
118.552933,18.6562176,7.32277346
103.359734,8.65347099,16.7845116
118.456367,20.4164562,6.8234477
79.043808,17.4495335,11.3535128
79.4817429,17.9361076,13.7686749
81.494072,19.2261658,14.1815834
110.180458,22.5395679,18.3648376
79.545639,15.0829325,12.7528009
96.2298279,33.7104607,16.0319309
118.550392,19.5095921,12.9974442
108.701981,30.585289,18.0891495
99.5220337,33.9692726,18.4931889
118.488564,26.3374557,13.3424931
104.383217,25.1285229,18.3364048
89.6530228,37.0502663,13.9991331
90.8210754,37.5990868,16.0558968
90.9565964,36.087822,16.0613499
91.1543579,40.282589,5.65506554
97.0172195,28.6001415,18.2222691
118.51165,34.971344,10.1632977
24.4695511,12.0690174,6.50905466
30.7341042,56.7005348,12.253171
118.540039,34.4277916,11.3617439
101.55703,44.9015617,15.9880075
103.373528,45.9396095,16.0286808
103.675835,45.9999046,18.3726883
114.537018,51.1070557,1.57117736
112.497414,50.2223282,1.38234878
31.6119461,56.5322685,14.4595327
33.4909286,56.694809,12.9089146
112.682671,47.9982414,1.35122919
110.656799,43.2392235,1.32629859
68.2012482,54.9161911,8.40880775
118.538956,49.3905296,8.64632034
108.419945,56.332489,14.8559017
105.655663,54.3843346,14.9913912
106.595093,56.6194611,16.9328804
102.850586,46.3255005,2.06225634
102.877174,47.4013939,1.25961697
118.405144,53.3042297,10.3507595
45.0672646,51.5242004,5.62279177
32.3135414,6.65115595,10.3609209
33.6269875,8.0512867,9.69262409
34.9537926,9.26002216,9.92707634
34.0975723,33.760746,13.6993732
111.951385,18.2724934,1.41826761
118.382614,11.445775,9.86281681
36.2534218,30.2333431,13.803607
118.552322,14.0503588,13.0295658
118.480576,17.0920067,10.1750689
118.535454,15.6647882,8.62368298
115.167641,12.9056692,18.3684826
118.539612,18.5721016,9.13872051
118.421257,21.6255112,8.59086227
118.466133,22.9427319,9.69661808
5.31964254,13.9835787,13.8957205
3.1886797,13.8754644,12.8824425
118.498238,22.2984638,11.4529762
113.209991,20.5707722,18.3861141
118.474472,25.6046658,11.4119091
118.54734,23.4841671,14.9456005
102.723526,37.9608612,1.60635972
104.150345,29.2681122,11.1576977
118.130363,25.9788742,2.64301109
117.104485,26.5290031,5.36462355
93.963562,41.1895981,1.79709435
104.779327,29.9117146,13.010004
118.423378,34.0034332,13.3476267
78.16716,53.1883621,18.4240227
79.4457626,54.1319885,18.811842
78.2117462,55.0951195,18.29426
113.209747,35.4296303,1.61310303
114.246658,33.8300323,1.56723619
103.399605,44.4615288,1.32307112
105.027847,45.4577332,2.31122828
110.444542,38.1143303,1.40904868
111.492554,35.9074364,1.3633033
109.763947,35.5283203,2.30600381
118.552933,43.3411903,8.66516113
108.159233,43.6949272,18.7488422
108.549446,45.87743,17.9668274
106.93515,43.7928429,17.3857613
106.335663,44.5352478,18.7497692
101.484497,48.9824638,15.8088837
118.554939,46.5362434,15.3323851
118.429077,41.9932098,13.3472929
116.661957,44.1183319,5.05277491
118.501282,45.0487289,10.1108551
118.417442,47.0134544,9.98677921
109.061592,47.1201324,1.16563547
78.1101761,51.6297112,18.1972561
79.6105347,52.1878586,18.6791763
117.041618,48.5179329,16.3978176
118.553703,47.5173683,16.7671528
118.547005,48.6163521,15.3276615
118.402802,45.9584732,13.3733091
118.397743,46.1880341,11.5597162
108.768227,55.3123474,17.5794353
108.947273,53.8338089,18.6825943
110.958717,53.8118324,18.3242855
109.689774,55.8365059,18.513586
111.074356,48.7084351,18.675045
98.4286575,23.9090195,6.13599157
98.9729233,24.0070782,3.77045465
116.345917,54.5226021,10.0767736
116.750862,57.5138817,9.94395733
116.63205,45.707222,12.7981052
116.90918,46.0728836,10.0324259
111.93438,42.4109154,14.2666798
84.7049332,31.7435627,6.36550808
76.6098709,52.5613251,18.3259716
76.6600647,54.2840195,18.4022903
80.885376,46.876461,3.97832108
113.964348,2.37116385,15.1955442
118.5336,10.6153955,11.3080559
118.46595,18.2459068,15.2401657
118.515144,19.6547413,15.1346874
118.210663,18.1908054,17.3734455
117.997505,13.8842134,18.5261612
118.546326,20.6083832,11.3389015
114.522888,8.87124729,18.4292183
63.4516335,30.7756214,9.75922966
85.966362,18.6480618,18.2270851
118.538353,24.6266079,13.3356285
84.1557159,37.1337967,18.3040409
109.89418,32.4685173,15.731472
118.547646,36.5834427,11.3473768
62.4790573,29.8206863,11.4768667
113.056717,36.0380211,18.3468246
114.093246,42.148243,18.5605755
110.557793,45.793293,18.0337448
104.920731,41.1337814,1.30770123
118.513626,55.3303604,12.3467722
18.7888069,54.2909737,4.17785692
115.454094,58.6090355,7.63711309
64.6020813,31.9548092,8.3206358
112.268639,58.5774765,15.2073603
8.51457977,43.9367943,5.74455166
116.962265,49.8865128,12.8262329
117.078133,51.2777824,11.0000639
4.75476646,42.2801781,8.49215794
4.73889542,44.4833984,8.55785179
103.975975,16.489769,5.54910088
102.654266,16.052742,4.33611298
105.37455,17.4455299,4.52080297
73.8337173,48.9322243,18.6962929
72.7062225,50.8594055,18.0704536
80.4673386,56.793148,12.6990356
81.861412,56.465004,14.524354
118.416969,14.1775331,15.2850609
37.7334328,12.1244221,7.17336464
118.578156,17.4221954,12.875061
39.6989021,16.1699772,8.89957523
116.949944,12.4241285,18.6098289
111.236938,15.9680033,18.6263542
118.463081,22.1846619,13.3521681
112.503319,14.0404644,3.27601147
111.108238,15.5211964,3.76289868
113.08477,15.9668264,1.65970647
112.287338,14.2995434,1.65713978
114.928314,41.0615196,1.64033461
115.13327,43.1406097,1.5693928
70.4186707,42.0700417,13.7018185
108.695053,26.1952534,18.0019417
116.710045,16.0175762,18.5053844
114.957611,14.5838795,13.6341877
115.55172,39.7332344,18.5470276
113.355721,40.0248833,18.4129658
118.245049,27.9691849,15.1306324
100.075005,29.9264679,17.88167
100.646378,31.5514984,18.1146355
99.2214203,31.7925739,18.235817
118.317337,45.9686317,17.3526688
118.552734,43.6873665,16.8439255
118.55011,48.6266479,13.3383474
107.086266,29.1281052,5.4916687
107.695976,27.8848476,4.32918739
118.549667,40.3761292,16.6876602
104.772392,29.8510551,4.57651138
116.599564,44.9629326,16.8124866
114.729187,45.7951279,16.5792046
117.039764,46.3540955,14.6278429
116.331245,44.4605255,14.6248055
36.8763733,38.052227,16.1641846
106.601501,30.3190937,4.01449823
83.2749329,54.6466255,13.6072607
111.226021,58.1417847,17.2978859
110.034775,58.4836311,15.1089745
85.0360565,50.8693237,14.9000826
118.613289,54.39571,15.2872629
112.192841,55.4477158,1.51688135
113.15477,3.20239425,13.1335564
112.150986,3.0785234,15.1763163
118.505699,11.7751961,15.260396
47.2586517,28.6293106,5.49147129
118.355309,6.88690662,17.125946
50.0606766,27.0919666,13.6935568
118.553345,14.6603193,17.3282471
108.547607,13.6391592,2.24397707
106.726936,13.2580853,1.9993186
115.546494,25.5639248,3.27298164
114.201492,26.3435459,1.58988106
115.080627,27.9228992,1.59704959
116.174858,26.3632069,1.37398028
118.379791,16.3857937,15.4795084
118.248497,25.9677582,17.4053841
117.845215,24.0168514,18.676609
116.361015,25.3774872,18.4670353
118.554436,11.3502598,16.6744156
109.157379,17.7038498,1.72764862
118.605934,27.4674206,16.7960548
115.547165,33.104229,16.7267532
115.080147,32.0733948,18.4016209
117.436226,31.3765373,18.545084
116.600601,33.3419304,18.6211739
116.37851,27.8716106,16.7541809
118.387932,30.3641701,17.2635155
113.689468,21.7094536,16.6525307
114.246796,22.5619164,18.4327259
114.326607,23.9212074,16.7912388
112.203484,22.6840019,16.7405739
69.5979996,49.8469467,1.55510116
68.3006821,49.3080292,2.05154157
106.19915,42.2544518,18.4850178
118.560066,32.6619339,15.2672453
32.1746216,33.9098434,13.8637505
114.201492,29.6564541,18.4101257
116.261429,29.6580639,18.5161972
39.662117,37.018856,15.6176863
39.7035484,38.870388,15.577302
118.421318,34.3515472,17.3383923
114.631943,43.7147026,6.47761631
116.643021,41.8690338,5.64498091
115.492989,42.5545006,4.6444912
105.180016,31.4739513,13.4897833
118.553932,36.6351089,15.3176231
112.183792,34.0169945,18.3511982
118.423103,38.3508034,17.338892
117.463051,39.4088249,18.6735725
45.6933861,31.9310703,15.6521931
118.498421,40.501564,15.3024349
95.0582809,10.0905619,6.40394068
37.7362099,48.0740891,6.71509838
45.1264687,33.4129486,15.6139193
118.527374,38.5947189,11.3791342
15.0044193,16.0367737,5.22262621
13.3015518,16.697628,4.55232477
10.7111845,17.2997894,6.76472425
11.8498363,13.9648371,3.33143902
3.46560454,16.3979588,7.35717344
3.04664421,16.1967983,10.1412916
67.8626251,55.7701645,3.23420739
67.4588928,56.3802567,1.46519005
67.6702271,54.498333,1.54718077
66.1532974,55.5220146,1.49381888
108.649918,2.4387567,18.7039471
110.736565,4.71770096,16.718338
118.505699,10.1953268,15.260396
117.303391,8.28057575,16.2180099
109.219894,13.1561527,16.1756058
109.297272,11.2245741,17.9480705
108.994171,12.9989605,18.0952549
118.210632,22.0262928,17.3412018
117.521065,20.6759911,18.6188507
116.382172,22.7618771,18.5754452
42.8427162,29.9524326,15.9158812
43.5126686,31.815918,15.9801102
118.554588,19.9722996,16.7361088
105.299721,19.5847092,15.6431713
107.414474,19.5006161,15.581418
98.2811966,11.2804871,1.68847954
109.677986,20.3269787,15.5126629
117.445763,27.4159946,18.6710815
7.29324579,42.2446709,18.3275814
3.44466829,44.2959976,16.9480972
118.536438,21.6435394,15.0367107
118.571442,32.3339844,16.6539726
51.8677788,55.2112885,9.97304153
53.5737419,57.0809555,10.0167217
51.4051666,56.7947578,11.112772
118.549164,36.3764038,16.6875687
80.8003693,45.4102745,13.9409647
52.5585518,58.472271,8.64532566
93.3566055,32.7857742,5.79593134
55.4561462,56.8710289,9.90048981
43.6079636,29.8024998,5.22987843
44.8672371,30.177681,4.02670145
116.204247,45.4372597,18.4512253
43.5409317,28.1623955,4.33850479
42.1205711,29.7707195,3.98899031
114.636192,58.5203552,18.677187
49.1295052,28.4326973,3.18849254
49.0278969,30.7875881,3.30745006
47.4987411,28.9092808,1.40020192
49.6252823,28.9783077,1.6361655
48.6171341,27.868824,4.79277658
50.6387138,26.6552353,1.47431028
50.7921944,27.8517075,3.28854132
51.686367,29.9910393,2.84439993
75.0725861,21.3461037,11.5173874
76.4354401,18.6237926,14.5048685
118.522736,16.5833626,7.1643734
65.1431656,36.6738091,5.35431862
67.7479553,36.9179039,4.06821728
65.951149,38.062603,4.04997683
64.1425934,35.2811432,4.60124445
63.5439415,37.3343201,3.18163514
70.2214127,53.7312469,1.61453068
66.6053391,35.704258,3.31322908
66.0863647,34.3806496,5.08485126
44.7324982,40.6183281,8.85990524
47.3410301,40.7039986,6.20353127
49.5361252,41.9034195,5.79277992
88.6618576,38.8139992,15.6945667
117.446404,35.4154778,18.6711578
17.0594444,17.824501,6.21001625
116.6651,40.0124893,16.2813587
115.615021,37.7663345,16.7270107
107.72438,32.42976,18.1139355
39.5347519,52.7767601,16.1421776
40.6422081,54.9567871,17.3886318
39.0717316,54.1387024,17.1673317
40.4563637,53.856514,18.6671486
37.843998,51.6176224,16.7083149
37.9374619,53.3041077,15.4025221
39.6053238,50.7309036,16.6759338
38.99366,52.3735275,18.5463753
91.4959869,11.8515148,4.85550928
36.9948311,55.9450684,15.5069828
38.3685493,56.8709106,14.6558342
38.1045876,55.0793228,13.9487858
36.1334381,58.5028877,15.0225868
36.0399742,56.7522774,12.8745756
34.4357262,56.9209366,15.0477982
37.425251,54.9126968,16.7834187
39.5975533,56.5579987,16.3038063
37.7122231,56.8839874,16.8645496
37.9592247,58.3770866,15.4384565
103.464226,27.9941616,6.64133167
69.9826126,55.2919044,11.3079948
16.6558838,57.6158218,1.35764599
16.7021465,55.1548195,1.59546256
91.3360291,15.4343681,4.65071821
113.391411,58.5504112,3.26972389
113.921638,58.4765205,4.85282087
86.0290527,22.1610374,3.93695736
112.575294,58.5630913,4.68064594
86.9303818,20.3234558,3.8016274
84.49543,20.7427788,4.67494297
88.1009293,22.1231289,3.88557744
18.5781765,48.5746002,15.8912621
20.918911,49.608181,15.7572765
1.61586452,49.7433701,10.9983788
1.44553447,51.3323517,9.92854977
104.610825,58.3431435,2.65490317
1.45263469,54.3007545,4.8276701
32.7705536,18.1296978,13.4953575
34.7559052,55.1717262,8.66654301
18.8635521,46.7615509,13.9886837
91.089653,41.8836594,18.0717144
89.1521149,42.6074448,18.2104683
91.3761444,44.4916611,18.4187069
32.2289772,56.3035431,7.36750889
108.92115,54.006115,1.54652011
107.221832,52.9834671,1.67088461
33.6699791,56.7907486,9.9774313
31.940403,56.9081039,10.2353945
104.630661,58.5405388,4.68148851
84.821907,27.2373886,6.97804308
82.7451859,24.4431324,6.86228228
85.9162598,30.168417,6.71288872
102.306595,58.4051857,6.70878029
102.137291,58.5726433,4.72913265
103.196365,49.5317574,1.89611053
101.176353,48.5284882,2.0132761
104.31044,58.4576454,6.71828032
4.55406141,30.1736565,8.70813465
96.2322388,58.5248947,6.65718794
102.605148,58.5046501,2.80507135
41.1790352,28.1132393,14.3023558
101.194824,58.5046196,1.20041525
6.87344265,58.339817,7.89375496
97.3742523,58.5296783,1.35293019
12.2356949,20.0812874,13.3565111
90.9900284,57.6245842,1.29468536
60.1398773,44.826107,15.8463526
59.0574913,46.2557259,16.1190777
85.3852463,56.1392555,1.53749871
14.6878548,46.1905861,5.27447701
68.041626,50.6464119,5.35309601
96.6379166,58.4710083,2.66456246
93.3638763,58.5319405,1.34816122
13.0522156,45.4514465,4.3784256
15.3152361,44.9082909,4.38781166
14.0813417,44.5316048,3.29815531
17.2921658,45.977684,3.98948407
93.8722382,58.5768204,4.78206158
89.1570358,56.0676308,1.59038222
63.7296562,46.9031792,16.0703411
83.5267487,58.5606155,5.10011482
74.0438843,57.445961,1.34705257
92.5695648,58.5604172,4.69551468
42.61866,47.2468452,16.8646107
43.3838463,49.2342606,15.7212963
45.6276169,47.872261,15.6206627
90.2685013,58.3732147,4.78638268
86.3854065,58.4230919,3.04453588
22.5885944,54.0576935,2.94914198
70.3023758,50.2813911,3.81431675
71.4856186,50.4299583,1.92588603
85.0627213,58.6414452,1.30866563
22.9844761,52.5574799,4.85800791
25.651268,52.980793,5.45301628
88.0784988,58.5389442,4.93890476
3.42633677,53.6879768,3.44359255
3.99162292,51.2727089,3.4344573
83.2175827,57.6243553,1.27447808
4.87414932,41.7538033,11.3155279
4.87399006,43.8989143,11.4539785
84.067749,58.5599327,2.70512128
22.5820026,50.4786797,5.8559761
75.3814163,56.7671776,3.19556999
74.0587387,58.5211906,2.96303105
21.1302185,54.5544662,4.66973352
80.6265182,58.5462341,4.66870832
81.3840942,58.5396423,7.20973921
79.8906097,58.5218887,6.81175327
71.3824615,51.9211617,1.3756206
24.4128857,51.2887001,3.66233349
24.3027306,51.3041306,5.8904295
78.3631897,58.4513702,4.68494368
4.77722931,58.5807991,2.87748647
6.64082813,58.5416603,2.70587301
61.3810768,56.7662506,2.32742596
58.9531212,56.0724297,1.44495237
61.1636353,55.4424286,1.66913807
32.5233765,36.3461342,4.28527975
71.9315186,58.1672554,2.78229761
30.8858986,38.788147,16.0049267
71.801918,55.874855,1.55952084
69.4092636,47.9690666,5.56249666
68.5663605,49.1079445,4.24852562
70.2854309,46.1416664,4.60773706
69.4270172,58.5491028,3.27616334
70.5842438,57.4805298,1.321522
70.6322098,48.5844421,4.38529825
68.1903,47.0663223,4.30926847
76.7247391,54.2346001,1.55693889
78.5948257,53.2222939,1.58962286
78.1373444,55.3970947,1.46323836
78.046524,58.4408302,2.97549272
76.2211761,58.3589401,2.65786481
30.7168217,41.056736,16.0733624
25.8501816,2.13289928,10.6881847
24.2509403,2.90073609,10.1561451
69.5348206,51.6019173,1.31776309
110.540527,18.2520275,14.3012619
57.4031105,50.9922829,1.36232376
81.5115509,26.0164948,15.863575
73.7677536,58.5220718,5.02840614
81.6347198,21.9474449,16.1632137
82.2325134,28.0799179,6.45986938
63.9816971,43.0820007,1.96384013
83.8481903,30.1330585,4.27445841
69.959137,58.2964096,6.58310986
65.309288,58.5544662,1.35617268
54.6685944,56.6870003,5.25944901
57.3089523,57.529129,1.27465272
59.3486214,57.8771248,1.28720546
58.3089333,47.4727631,1.79488456
61.639801,58.3248444,6.84969187
55.92593,58.5556335,4.73946762
49.9519653,49.6268501,18.163023
50.7128296,56.9936104,7.28125048
52.5072403,57.4365463,6.59857082
53.7719879,57.6379166,1.30066168
70.9659424,39.9781647,13.8528605
3.33663058,46.6698189,7.3165617
6.46339798,46.0351257,4.80462313
3.29914737,44.0334778,7.29914904
52.4485626,58.6562691,1.36517143
3.58144116,45.8666191,5.56981707
45.4428444,54.9744072,16.7274361
45.1893921,51.6847649,16.6935215
45.2108116,53.3393593,18.3790684
43.4858322,53.7701569,16.8462639
95.277771,22.1442318,15.7660398
95.062088,20.0226097,15.6981506
98.7138062,20.1056862,15.7472372
23.6235447,33.9782486,3.73542428
1.41737652,57.112957,11.2520733
21.4943275,36.5573807,5.44409323
21.4678249,35.3714027,4.24486494
23.0387573,38.6769295,5.73021412
54.7065926,55.7896805,1.64342523
52.5260963,56.3807411,1.44821024
53.0853996,53.2878113,1.6360364
10.6709137,54.8315811,13.4937477
7.24628544,55.2050323,12.2731581
8.62324047,56.8292351,11.7564726
48.249649,58.57061,4.71225119
44.1400185,44.996376,18.3556633
27.4812565,8.14758396,1.28397799
27.7524719,6.28883791,1.57192159
27.5186119,8.17166424,3.25263
52.3672714,58.5534782,4.82379723
37.6736755,40.1774292,1.76896679
49.7232285,26.2083988,8.37367821
59.0658264,48.8896217,1.54138672
85.53228,8.4575119,4.12571001
47.7163048,50.5683937,18.4584846
45.247551,51.4002991,18.601263
89.388298,12.6602058,3.37324309
86.3964005,8.24843025,7.46215868
26.2978096,5.58189631,1.56695521
41.4184532,55.289566,1.48905754
33.9525375,40.7521133,18.7120724
35.2067986,40.9851685,17.9478283
43.3666992,58.4951439,1.38788462
49.177597,54.0171242,1.6242888
38.6508675,58.5102081,2.66766834
31.9615974,47.6126251,3.08533001
33.13134,46.3523369,4.39198065
30.821579,47.3101006,3.83833599
30.5565453,49.1165886,4.2495656
41.4906311,58.494503,5.01743317
14.0509281,58.2578506,2.76579618
36.0185738,58.4679108,2.8279593
5.08607864,7.23403692,14.360919
22.8438072,45.4447632,1.42871678
34.635006,58.4133415,1.12162912
7.00111818,7.82594681,15.4413118
8.70681763,8.21143341,14.7557087
6.62743998,5.04866362,15.2120686
19.8942432,58.3912277,15.2636156
19.3745499,58.4622612,17.2980537
9.80507851,6.01522398,15.125104
25.9127407,58.4098167,8.56249237
27.3044872,48.191185,18.3372555
29.1786728,47.3707008,18.5105019
33.4033661,58.5729637,3.21267128
110.118805,46.9163895,1.78271163
109.52433,48.5178719,3.90429616
30.3920937,54.2335815,1.46914637
76.6287231,17.9229488,7.54452133
78.0587616,16.5206299,7.85370493
77.7798843,16.4829502,9.90393066
91.2472,3.77165937,4.07598543
26.7465363,58.9658546,1.25156748
32.6580963,55.517746,1.44830894
90.7417221,51.7687531,14.2697172
31.0746441,49.4512329,18.2208271
22.6472416,32.2201385,4.06978893
21.5246735,33.1239433,5.37833834
24.8204479,57.494606,1.41899669
26.1189365,58.5793724,4.78102112
31.040638,4.88950443,10.2135696
7.35006332,19.7072525,15.5095654
24.8539829,53.3322067,1.68139446
22.9372272,54.2270508,1.03551483
22.7936954,52.6854515,1.64890802
21.0453339,31.5062256,3.99449587
20.2805119,33.729641,4.45857906
21.865036,33.6166153,3.59960055
92.7221527,4.72424698,3.13818312
113.169868,10.4675961,6.12561083
115.084518,10.524353,4.97493792
15.8001556,56.7614365,7.27746868
15.7380009,58.4240189,6.66368055
16.1376495,58.4644318,8.50071621
23.249136,46.6285095,18.3994961
20.7640114,45.8925896,17.882658
17.4667397,58.5545425,5.01332474
21.5942707,58.3135262,15.2430363
23.7992496,58.4306564,15.3015995
61.7180176,40.1849442,3.82317114
63.7966805,40.9611282,4.01047325
64.2174225,43.3025856,4.12786674
65.8321533,42.3133965,4.31372595
61.9513931,42.1988945,3.8584826
12.2557802,10.3824539,13.8488054
10.4334469,11.2505369,13.9308043
23.1351986,56.6713562,1.45319176
84.5001831,25.0835533,6.42347193
17.7156734,58.555954,15.1409445
10.9082289,50.0669289,2.1386354
9.11115265,51.1352005,1.42215574
11.1078644,51.6407509,1.42876995
23.6352844,43.6686707,5.40115023
24.8195744,44.7421494,4.37846375
22.715662,44.9373131,3.80363965
1.46160305,52.2835426,12.9270029
22.8602333,42.9673004,4.07111788
15.2902594,58.5629387,5.22536755
7.33118486,47.5640411,18.2860126
9.38537407,47.0036583,18.637167
72.0432205,22.6446438,3.72734427
72.4251328,24.2578049,5.21748543
73.5791855,24.4329643,3.3468926
75.2419052,24.4687538,3.32665491
74.8658371,22.7763977,3.06612515
5.04689455,58.6437988,1.27870035
114.796364,13.1669207,6.27184582
116.551468,12.3350601,5.57111549
4.86328268,47.462677,18.3851433
14.7477245,55.3064842,3.31934977
13.1179028,56.1746597,3.27101493
115.437073,11.9806709,8.43137646
116.96225,13.0223875,7.21157694
116.433136,8.47451496,6.66502476
3.70444632,57.3037148,1.38658607
20.0609818,54.7474861,13.7399101
18.1990147,54.9278259,13.9295282
2.63804221,58.2233887,10.1496744
117.062988,12.4881296,9.9290657
116.904106,54.5784798,8.01886368
109.546051,51.9415131,1.39277506
106.597343,58.4820518,2.52649117
100.656097,58.5249557,2.66473722
98.5992279,58.4954453,2.83704925
103.241058,57.6094551,1.34241271
100.927895,58.5092506,10.3369083
106.582169,58.538002,6.66333866
84.7784424,54.3696785,1.57408583
82.7802887,53.2761345,1.60365629
8.55658913,6.66332865,16.6044464
94.6277084,58.5435448,2.70585775
8.92059994,8.27683926,16.4530697
80.6450806,40.9916267,3.71744967
92.6644821,58.5515022,2.66645336
7.51304245,8.0701952,18.6430149
9.3503437,8.2295599,18.4348526
88.4835358,58.3566017,2.66065168
93.6132889,57.1651726,3.70621061
85.6415863,58.5871506,4.99615479
86.5979233,58.5220566,8.62934875
89.8820038,58.4303665,9.05329037
27.504425,56.5742035,5.53048086
116.768768,21.7428818,12.6686611
73.3358765,45.7627029,1.26048267
95.9096985,56.7265816,7.4222455
96.2762375,58.5294495,8.58310223
94.0870056,58.5150375,6.58446169
116.68705,25.4199371,12.7809887
88.9728699,52.4358749,1.65598547
91.1929016,53.378315,1.73480964
91.0301056,51.3238449,1.40415823
81.4079285,58.4609985,3.26462841
68.1518936,58.1108017,1.42770684
72.4624329,58.4220276,6.59980869
75.4411469,58.4954758,7.20597267
10.5146627,7.36887312,16.8835659
11.1605654,6.30280304,18.5427303
70.3337708,43.244873,18.5188103
72.1746368,42.6246071,18.4750538
6.99661493,8.64320469,16.9605217
6.51614475,6.73226547,17.1475735
75.1792679,54.3956032,3.3468318
74.6298828,55.1398315,1.62851095
78.7725983,57.4654465,1.33415055
76.7704544,56.400425,1.44225657
69.0177689,46.5134621,18.4855633
63.0278816,57.5305557,1.32333696
110.541847,41.1471329,6.01094389
108.738777,41.0644188,4.27624273
67.8614731,58.5854034,4.74359131
65.6111221,56.6606674,7.31567335
65.8067398,58.2838974,8.50506783
66.0309296,58.3237953,6.58008766
51.1122437,39.2590752,3.91362143
51.0896301,40.8234215,3.91884613
53.8316154,40.3193283,1.81973159
51.2278824,39.4532318,1.50871038
58.6101341,58.5181961,4.6737504
53.4223671,48.0587196,18.0444374
55.0889206,48.5340919,18.6293755
10.9446945,5.22381592,16.6613541
61.7324753,58.5662956,2.97915292
55.8841095,57.5094147,2.00656319
53.4087601,58.5315018,5.26409626
49.3942337,58.556076,3.23940921
51.3653831,58.5492249,3.28494954
2.97291565,57.5726852,12.7612448
2.6506176,58.6078644,14.651536
51.8871422,56.4968071,3.73659372
50.7337341,57.459404,1.31288016
61.0666618,49.0264931,18.6205368
53.3337479,58.3639832,2.62830186
44.4297485,58.4848595,2.81135917
50.3379974,55.6796761,1.41939151
36.6681366,53.3360481,1.4487797
43.8268929,44.8997841,1.52557635
38.4079094,58.1451874,4.75247574
28.8149643,55.2532997,1.59562957
31.5112743,58.3558998,2.65974808
17.0504608,46.1506271,2.04731917
18.7695103,44.3123245,1.42226958
16.7810459,44.0316849,2.08721733
25.3712673,58.5437126,3.28903508
22.239315,48.8631516,2.26909757
22.8379307,50.5072021,1.43024313
16.3494415,39.9963455,16.0033169
14.1347799,40.3938065,17.9640179
15.910388,37.9339752,18.0442085
16.4805202,39.6859856,18.4909706
18.7124119,48.548645,18.2840233
16.9780979,47.9306259,18.1897526
20.8270569,57.4912949,1.33646667
30.603529,58.5438194,6.73139477
15.5387907,58.5818787,3.23130655
19.7345676,58.5453224,3.13325477
11.4420156,58.5438957,3.30265069
18.0919113,58.3145142,2.6506505
8.66382885,58.5085526,2.67020464
7.03180504,54.4202232,1.51088226
3.18971992,52.4344139,1.55469871
1.79755497,55.3926468,2.71731687
1.43759131,51.4358253,15.3224068
110.573631,58.350132,6.79573011
2.57309198,53.440918,13.3624954
114.336052,31.8097363,6.21843052
101.647568,48.7955818,18.163372
101.565918,50.7685242,17.9740887
106.655045,58.5501976,8.65473461
105.205544,54.1632004,1.66616118
105.142593,51.9864693,1.67177308
92.5542221,58.54953,10.8153667
101.845596,46.9549065,18.3803139
91.8286438,58.522419,6.99405098
100.617966,58.5350723,6.66288328
90.8883743,49.6437531,1.9000746
89.6959763,58.5536156,7.14552546
91.3390503,51.0683899,3.4198997
86.8441772,57.6656189,1.41831315
88.6993256,55.6777039,3.26013279
90.6533432,55.0684013,3.33878994
89.3325729,54.3116913,1.52940357
91.3609085,58.4830208,9.7226572
43.1667557,51.2005081,14.899354
108.269325,56.8359184,12.6692076
110.289536,57.0652504,10.1672621
81.8306274,56.3279343,2.54687309
82.8021698,55.144371,1.56310511
82.5384064,54.5270081,3.29684138
80.5470428,54.6095085,2.65101504
87.9325409,48.5011826,1.05000401
109.243645,56.9368095,8.74168396
110.023689,55.4225655,8.61903572
78.4794617,58.4850731,13.1160603
68.1732559,56.8799896,14.428915
70.1259079,58.4608803,15.2047787
67.4686737,58.5486336,15.3650236
73.8914261,58.2891197,6.53294468
72.6584778,58.5523376,8.66449261
71.441925,58.5456581,5.15842056
71.2435608,58.5138397,9.50541306
68.9249268,58.4062653,10.0190229
69.8224182,58.40382,11.4741335
95.2852859,14.1569843,6.11097002
99.161232,15.6129522,13.6624222
97.245018,15.2291594,6.41591597
69.4230881,58.5442581,5.09996271
62.5318336,46.3319397,1.84035647
58.7938309,56.3005638,3.05057287
59.092762,54.1552277,1.40721858
56.8968887,47.2656784,1.15580904
51.5338554,54.5729942,1.58781552
56.7184792,58.5578079,10.5714064
56.5608673,58.5890007,6.61228561
48.4284325,58.4694901,6.70982075
72.6092072,49.1274605,17.6963654
50.4674034,55.6329918,18.5399666
48.8069649,45.8896561,1.75114393
55.1501961,52.0069427,1.35816991
116.436691,29.9325294,5.47469664
51.2835083,52.5745087,1.67919981
108.607666,26.2854004,13.4391327
41.6781616,49.5238304,1.77738833
46.2932014,47.9383545,18.2257786
45.2459412,49.6169014,18.2761555
107.632294,52.8999939,4.71230459
43.7280312,50.6258507,3.89746928
43.5452156,50.7638588,1.94120288
45.6290207,49.453373,1.51906085
34.102478,44.8901253,18.7797794
106.570068,49.8965073,3.21548867
105.479347,50.2715797,4.65760612
105.575424,52.2915154,3.3550787
36.6079712,58.5235443,4.67177629
43.6997299,47.3578377,18.3852348
43.7505455,48.3582344,1.77785909
32.2112846,58.4196434,4.81561136
32.1961327,58.1707039,6.51024675
33.1122093,44.2255096,2.20357037
32.0074806,46.0258751,1.45658624
30.6027622,58.515873,4.64445353
33.3551979,58.5423164,7.32465696
99.9079361,29.7570877,13.7370243
30.3861465,46.5419846,1.86483145
30.8727837,44.8689232,2.06956172
35.7493477,58.3658791,8.53245831
31.5767403,58.4728012,8.93733978
22.2570229,58.46978,4.69302368
26.2999191,57.1418724,16.3054905
28.0778751,58.2565117,15.2717562
26.0586185,58.5676346,15.286458
27.335516,58.5515022,17.3335609
16.0795937,48.8267899,1.47460639
25.680254,47.8053589,1.30030477
20.6047993,58.5453224,4.6952486
21.5292892,47.5606232,18.5655727
22.725275,48.6469078,17.9104824
21.7549858,55.9509583,1.55074227
23.4781513,55.4228973,2.24881434
25.2142277,50.4537125,18.2045002
24.8175697,47.2588272,17.7786369
25.1955242,51.5767975,1.38795304
23.7566872,58.5246506,6.65245676
75.7695694,56.9847565,5.38668394
19.6498203,58.4766884,6.76693392
76.1831589,56.9099731,7.29307413
10.3851347,48.0483322,2.21508265
9.18265629,49.6124344,1.98003018
17.722805,58.4705086,7.04088211
17.3412132,58.553524,9.32032013
65.8695145,54.6445465,6.44838762
65.6764908,55.1302338,4.365592
7.72277689,49.4850883,1.46487105
7.43702793,58.5371056,5.18848419
1.44051492,50.1175003,6.81396294
11.7032442,58.4198112,6.8334713
7.09390736,49.6629791,18.487114
1.40736783,35.3436394,9.50864029
1.50986195,33.7153206,8.59387779
1.63714242,51.6117287,4.6523056
101.639626,7.35551548,16.8338718
103.636002,6.86168766,15.4708672
117.122437,26.3338184,10.1410484
101.808434,3.5199461,14.5409088
111.888885,56.806694,8.50072384
111.915939,58.4132042,9.05136108
108.666649,58.5212517,6.75608253
90.2812271,13.1895123,5.05903196
112.517509,51.9373055,18.6690922
110.656708,50.2717781,18.4687958
93.5797119,14.9121847,4.23160648
93.1909027,13.0060682,4.33778334
110.940231,50.1543007,16.0251122
109.236511,50.7538834,17.9863739
109.62674,48.8559074,17.9966869
106.614067,58.5463715,10.7662497
116.277298,40.4695168,14.4864006
118.375664,29.5947094,2.64598036
97.9739075,58.4910736,15.1468983
98.2360306,58.301075,13.3556004
118.455597,50.0502052,15.1237974
93.3050385,52.1018372,3.56312728
95.1365128,54.4078751,3.30452657
95.1934357,51.5058403,3.47863817
11.4532623,1.43216944,8.55894566
97.9846115,47.2981033,18.608614
112.310181,56.9140434,4.81225491
95.1408997,35.9206963,17.6399441
95.503006,38.4951477,18.6468563
18.3162785,5.8892951,1.54555571
20.9982738,5.44340706,2.83023739
87.9450302,58.4773102,8.4849205
83.8132782,58.4721489,6.83395767
88.4232407,58.4728012,11.0626678
78.6296387,50.0311584,2.07991219
76.9284363,48.8944969,2.11258841
78.591774,48.6127968,1.52793801
77.5544434,58.5539932,6.87306595
22.4052029,4.58370781,4.97654009
74.7893219,58.5411758,10.055048
68.1943512,58.4536362,8.55888462
68.0784149,58.5538864,6.95952177
66.9671097,58.3693275,9.97799301
78.4818802,58.484436,14.9618206
74.9200592,57.4300728,18.6861782
115.71244,51.3039207,3.16824722
114.411942,53.9670372,3.15596795
14.8348866,9.77113438,2.22392941
17.0413094,8.84731197,1.36816347
14.8565369,8.01334763,1.67091501
63.3871613,58.5512161,11.3508549
66.4155579,49.9559059,1.56514025
67.3442841,48.6836014,1.02406335
59.1380234,43.0454102,18.2895508
60.860733,50.3736725,18.7012291
64.9243088,44.1884537,18.8027744
10.2787294,1.76209176,10.6791935
11.6961975,2.95728755,10.0466719
12.8042765,1.43314898,9.84788799
55.8397179,44.8982048,4.44127989
53.8371811,43.9294891,2.26359963
55.9176369,45.4529953,1.96051395
55.4646111,43.3723106,1.73846984
52.3420143,44.0933762,1.37002397
9.46745586,1.49300373,8.60639191
57.4532814,58.5237274,9.13140774
59.983242,39.4065781,1.35260367
57.657299,58.522419,15.284893
54.0075111,58.428318,6.78639698
30.4497452,50.8598022,3.65747333
55.7249603,58.5181961,8.80493355
58.8203583,55.3983994,18.4004517
57.7479286,53.0815926,18.1708603
111.233147,55.3315163,3.31992674
111.033913,9.98633575,17.5810757
33.4638672,51.5996552,3.04848456
33.5126953,53.277729,4.39232254
10.7914886,3.24485898,7.81212091
9.46646881,1.57620955,6.75196648
39.8038635,43.1352463,1.62514687
47.3427849,50.6849442,1.93507457
49.3380547,49.5733871,4.52046108
49.5243912,49.570488,2.06822515
49.1499939,52.0271416,3.34671021
41.5787048,58.3503571,6.5650363
19.4609222,3.20610762,7.21882153
34.0887566,49.4707947,18.3833046
33.0995064,47.7433014,17.8297138
35.6768951,48.5947838,18.1869125
38.6526146,58.5493774,6.65613222
95.935173,56.6871834,12.695816
17.9258709,1.49971664,8.57759666
16.0228844,1.68881869,8.62784481
17.7923565,2.60416603,10.1370382
17.1430378,3.11337161,7.44602156
36.206234,46.7138176,1.47304201
29.0686531,51.4988251,1.46418762
97.9280396,58.4311409,8.68065262
31.8609257,48.3344498,1.11651087
27.8334217,58.5238457,6.90985775
34.2569427,47.3566055,18.9453106
98.8647842,58.5808296,10.3844461
97.9418259,58.3248444,11.5418701
26.1158905,58.4720421,6.6485157
27.2214489,50.3452263,18.3432999
28.2794685,58.5140038,9.56797791
25.8573437,58.4171829,10.4015474
23.8162079,58.5485268,11.393486
103.605415,8.68033123,14.7706833
101.535027,9.21840858,15.9603205
21.3872013,58.5230713,7.24711609
30.7437572,50.6510468,1.82946694
8.96744633,3.31816244,8.39523792
8.54746914,1.73314404,10.0417509
11.0836773,50.057785,4.16242647
12.1707602,48.3479691,3.90822983
10.4294291,47.9024239,4.16748381
13.4199705,58.5251999,7.20926809
13.0758095,51.1221695,1.30041111
9.34843731,49.5201988,4.02155304
12.6243095,51.0724449,18.6268711
3.28335214,48.0169525,4.9973321
11.5271053,58.4556541,11.4249554
111.961975,29.7379131,18.5883389
113.053543,31.7083569,18.6776123
102.358894,40.0755348,5.44164801
100.913925,43.133606,3.93268204
100.887787,41.0485497,4.3486352
105.06884,42.5824013,4.21275091
78.8112259,48.1312866,6.32038546
79.7214355,54.9562111,4.12084246
79.0377502,53.3462105,4.57982969
78.3929672,54.4859543,2.81223249
79.7009964,53.1163139,2.97069335
78.4414062,56.6858635,3.63986325
80.1250687,55.913311,1.4219507
112.52021,50.7597885,16.8199139
112.753586,49.6925354,18.3833961
111.413925,48.6572037,16.7830524
114.169975,50.1760979,17.1519775
79.7392502,56.8036728,5.27263165
102.395256,40.1225548,3.19231224
100.954765,38.9037285,4.40334892
110.257156,58.3389359,13.3366461
108.575752,58.5429993,8.64778614
90.7368927,58.4992599,16.7424717
108.216263,58.3948593,13.3191805
105.468987,50.1728783,17.8526173
81.7193146,29.9675369,15.9845905
12.7834539,47.8581505,15.9327097
103.917397,53.3969498,16.5903664
104.597305,58.4970093,12.7815962
102.275864,58.4744415,11.4297543
102.774826,39.1075134,17.9237404
103.19442,40.9323769,18.3510914
100.723869,41.325161,18.3749676
100.482018,58.5421028,13.0002079
96.6319504,58.4614258,10.8538523
93.1131592,58.3554306,9.00694466
101.662666,39.0452766,1.84276378
95.6806107,39.6792412,1.56520104
14.8868437,48.7046204,15.8952713
12.5020561,49.6471405,16.4309578
91.2597427,49.9415512,17.9991932
95.8855972,58.3293839,13.3272448
50.7167778,34.4934311,15.9583921
103.304527,55.1600914,18.4031715
85.866684,58.4305801,18.5674553
92.7115326,48.2229424,1.73324525
86.3071594,56.876606,16.5013065
88.1856918,56.9532738,14.4886932
85.2701416,56.8695717,14.6181078
87.9507523,56.3750916,12.6099453
82.2615051,51.8976364,18.4403801
81.4208527,53.6596222,18.6988907
94.7970505,54.5415878,16.6824951
94.4573898,52.592701,16.4427128
89.0973969,56.2754898,18.4124813
87.2841797,57.5703011,18.5319767
2.81418133,3.30639195,5.56419754
3.77283645,1.64833593,4.34486103
3.13133097,3.14617705,3.35409141
4.84415388,2.74872255,5.18061733
81.7885895,58.4047737,8.54576302
79.216568,58.6513786,9.5474062
111.491776,32.0449333,16.7262363
6.98652267,1.60149705,8.52356625
76.0090332,58.585434,13.1604233
74.9857483,51.5393143,18.5341034
71.886528,58.4627762,11.4050894
73.3898087,58.5395813,11.3452959
76.8276367,52.1069679,1.37157309
64.9139786,58.5536461,10.2323866
42.7750931,25.0848656,16.4345112
43.3028221,28.1997871,15.8156576
62.8046646,58.5046196,9.99550438
113.3386,28.1626377,17.5615902
114.775414,28.2808056,15.1812677
67.5182571,48.3519936,18.3868141
59.1270638,58.6574059,10.178957
41.563282,26.3834152,15.9229136
44.4205589,26.8364716,16.7279224
61.8621483,48.3105316,1.85813367
66.8305435,46.7988091,18.6236954
65.3904648,45.8067474,18.3845806
53.3853645,53.2854576,18.650259
55.3013229,27.5661564,10.0044498
55.9348373,28.2349625,11.4950008
59.2015381,58.6825752,18.3528385
69.3510971,25.1983032,12.600544
70.7269974,26.7743225,13.8655729
64.7543106,54.1481667,18.4655018
65.8998566,55.7602463,18.485487
64.0564651,55.756649,18.5111847
55.4067764,58.5461121,15.3212833
61.2038231,51.4870682,1.41212416
48.5230675,47.9311714,1.59771788
49.7931366,47.8969841,17.71245
51.4854736,48.73703,18.1812935
44.4981537,58.4284668,16.9117699
41.5631218,39.8950577,15.8195152
42.1490479,40.4925423,18.4699821
40.130764,38.8843765,18.2414513
41.3691216,38.0546112,17.826889
40.9780312,58.4495506,10.1632977
32.5040855,49.9581833,18.1767368
37.9227829,58.3164597,13.352046
54.1491661,43.7957458,4.56536341
34.0139732,45.9440308,18.1710873
45.7584419,46.0579529,16.0958252
48.0136414,46.3504066,18.1569633
45.9310875,45.4801979,18.3814678
33.4156151,58.5145073,13.3429337
31.0221252,46.8180962,17.9578972
33.350605,48.1950417,2.26060772
32.2984467,50.0202408,1.81605625
30.425209,48.5124207,1.686414
32.7885132,58.4342384,10.0317726
39.0882797,54.0380859,18.7926292
28.7940063,47.9684715,2.00168777
30.7298069,34.9140549,13.5259609
31.335371,32.0594063,14.0878906
30.5980835,58.5393677,10.7016716
92.2299957,3.37841201,10.4505882
88.9777603,4.98599195,9.91130352
34.0002327,25.4194965,4.21145964
15.8410339,56.3534508,14.9235935
15.9380379,58.3790627,13.5656767
13.5205431,57.1640778,13.2535992
14.1144352,58.1947899,15.4970045
23.4017048,58.6367683,9.2705574
39.3873329,58.5437889,15.3305473
40.663517,58.5532341,16.6723499
30.650816,22.3030491,5.63780499
18.6656113,46.9486046,1.95672464
18.8031445,58.6166,10.0758858
32.5428619,33.3066216,18.5399055
33.4640846,31.3261738,18.3708973
30.4065208,32.3986702,18.2361813
3.44365072,7.018713,6.77995014
1.45138931,8.62762928,6.66153145
1.43037713,8.46193218,4.68842173
12.4026003,58.552887,12.8027372
108.06517,31.4193974,14.6328402
3.74970555,27.8344021,14.6492271
5.51958847,28.4494801,14.9122782
5.59182882,27.9706116,16.629385
14.7090569,54.0776176,18.3495731
8.65773869,58.5297089,10.604167
9.95896816,58.2587929,11.42696
3.20256877,25.817749,12.7663479
34.2032471,51.3832283,18.6618938
32.7421303,51.5831604,16.9060593
37.564209,23.6761627,2.0852201
35.6332855,24.0685673,1.61444712
107.900932,49.6233406,16.0058994
107.881325,49.3033791,18.1934891
106.280258,48.1775322,18.0317554
97.0270767,42.9700813,3.82218385
99.0808945,41.968544,3.9939568
97.3354721,40.8323517,4.05826902
97.203598,41.039814,2.11082673
70.0317307,28.2622166,3.12450671
71.042366,30.4120426,2.95932531
4.35817051,6.52026081,3.11482453
2.74436355,7.56813574,3.66322947
1.4233681,6.659585,2.70510602
3.31569433,5.0989809,3.95730138
108.300049,58.5798149,14.8629036
106.350365,58.489357,12.9969883
104.500397,48.8035088,18.51161
6.01690245,3.60754132,4.15775633
5.9048171,5.49806786,3.26553202
7.32987881,4.29512644,3.12750626
5.64549494,3.89117146,1.55289137
34.9460335,23.977478,4.38723469
108.846764,58.555027,10.4149122
72.0237045,25.3823471,6.54042482
75.5698624,26.8695507,3.38177872
73.8053894,26.485733,3.29043221
94.4981232,51.6431046,1.36107075
92.9287491,52.5079994,1.60859227
95.073494,53.1433792,1.6417774
73.3930435,21.298521,3.27863908
26.8264008,22.7462044,5.56677961
3.08049011,4.57373714,12.9040546
3.01346684,4.72554541,14.8583469
3.08678532,6.61974001,13.3385744
25.1945896,23.7300472,5.91529179
90.0094452,58.4546967,13.3649406
88.1664658,58.5242577,13.0910759
100.26918,58.5553169,14.9377022
112.621559,11.0055904,4.53966618
114.485588,13.1709232,4.38941383
94.3810883,58.2579575,15.3020401
82.9445572,58.4885674,10.0565891
11.8350964,46.0670204,6.367733
90.326416,58.416729,11.0232258
89.78022,58.5109978,15.3583107
11.4262285,45.9981575,4.15245581
13.0353498,50.0740051,4.21475554
78.443985,58.3834686,11.4120455
39.2482147,24.8847466,1.80329096
37.8250351,25.6458931,1.70892215
71.4375992,58.5050125,13.3355522
73.4397888,58.5223122,13.32442
76.7524872,56.2066154,18.540802
76.5505066,58.6041298,18.6184254
79.4797974,57.5802498,18.7592163
78.4700928,58.5397491,16.780714
68.1124496,58.3927155,11.5106745
35.9253349,25.7229614,2.20691156
65.3489532,58.578537,17.007452
64.5782852,50.4921837,18.0092468
70.9781265,42.433712,1.63441896
75.8132782,47.1617012,1.25392914
65.7256851,58.468277,11.6827517
54.7374268,58.5601768,10.5541382
58.3337822,58.3757362,11.3123388
52.0694618,58.3938408,11.3987265
60.8401527,57.4892769,18.67696
60.6950188,58.6070747,16.8380032
52.6555634,58.1819572,18.8065853
89.3534317,16.3214664,5.46742916
116.654663,48.0011711,7.03568029
116.662125,46.0288696,7.24795151
43.4241257,38.673481,1.42742586
43.7873077,49.5038567,18.3521404
102.460152,34.3111649,6.60737991
15.9301853,3.00234199,9.91463757
56.853344,50.8246269,18.5634155
42.2372818,58.4283791,11.2751284
17.8273106,4.46582079,11.4982204
52.2652168,58.2779427,13.3925514
41.7061844,46.325119,18.3663712
44.1773109,58.3395729,11.1961679
40.4274178,58.3837242,13.0788193
116.344261,22.1395702,14.6821699
115.176224,20.1254005,11.4602213
14.8848238,50.3071518,4.35821104
117.04985,47.8274994,5.34536552
115.693237,47.1379509,4.33374357
35.3389015,58.5537682,11.3361683
33.4881821,58.5655823,14.9428816
36.7507172,51.7153091,18.6590824
37.2014198,55.1480637,18.4369335
29.421896,49.7786331,18.2453709
114.571701,46.2873459,3.36496592
116.777412,45.3589706,3.1920085
28.9314384,42.1183701,17.9183636
30.4117012,40.9386673,18.494236
25.7841606,58.4423943,13.254344
23.4343052,58.5845833,13.2497873
28.8911152,53.2815094,18.3535976
22.7897015,38.7257881,3.70045447
20.8793545,37.7251625,2.31857157
20.5976238,39.2533646,1.35100138
22.5707855,38.6322327,1.90855694
12.788064,53.0500183,18.3690586
13.6250353,56.460022,16.4801197
14.0784483,57.8011703,18.7210045
15.3346758,58.5511246,17.3334103
15.5839062,58.5693932,15.2723637
16.7825565,57.5060425,18.6712189
87.0741653,54.6343994,6.16885042
5.43249464,51.0462151,18.3425713
85.1702957,54.7863388,5.16116953
1.44591415,57.3281212,15.3359394
5.79589844,57.787075,18.6125336
8.28905773,57.4344635,18.5963879
7.60481405,58.544899,17.1884441
113.695511,55.920723,1.53551662
114.240646,43.6294556,3.59621382
109.60894,16.3746681,15.731245
107.1884,53.0696259,18.3922653
111.482651,19.9333363,16.5271549
110.791855,18.3331451,16.5851116
102.497559,58.462307,12.9045258
102.628433,58.5386391,14.7496786
91.1238403,57.5755119,18.7205639
101.064285,56.6896439,18.5732574
92.2958145,58.4009781,13.2966719
103.254028,49.6477776,18.0742664
92.6403656,58.470993,14.8521957
111.396927,10.1419115,14.434701
76.3090973,50.658989,18.1436729
83.7671967,58.4952927,17.0434761
112.661621,46.1107445,3.62455392
81.3524628,58.5398407,15.328968
73.4378891,58.5627899,15.3107576
65.6838303,58.4928932,15.0388374
55.6192245,58.4886131,13.3567848
81.5601654,57.0354996,5.35444784
81.9664688,58.4546509,4.71143866
95.4273071,12.3710403,6.34814119
70.5585785,58.5809822,16.7354546
50.5748329,58.5321999,12.749733
48.3026085,58.5263824,14.8524237
43.6343307,35.186554,18.7235241
20.4154396,51.6251411,3.22029543
20.3757229,54.3999481,2.89990354
43.6035233,37.1757622,14.2120342
43.749733,58.9853249,18.744606
41.5236359,58.3586502,15.3090725
35.77425,58.4886436,13.3533831
42.6452827,58.2604485,17.2942562
41.7686806,55.0523949,18.478714
41.8437767,53.3181725,18.3716869
43.7565918,54.1874847,18.6319427
18.6183243,50.8501549,3.98476076
39.7462425,58.977047,18.7430859
39.928463,48.5414276,1.74139345
8.70296764,19.9903965,16.9692249
10.1588459,20.034174,15.9222145
9.6380291,18.0145607,15.6679573
7.42124796,18.486845,16.9429798
30.0397301,58.4587822,13.3611135
24.9575939,53.2705307,18.3795681
31.3562241,58.5301514,17.3340778
34.3702583,58.5559692,16.8021297
5.08287382,20.0261402,16.7173061
5.57568455,17.400507,15.6475
4.24103498,18.4152126,16.6434021
5.54902267,19.3227291,14.7643499
29.6356544,58.5124092,17.0020752
29.6953201,58.3519821,15.206419
31.5785332,58.3198166,15.4652929
100.115723,34.2368813,13.3413544
19.9522896,49.711792,18.4435539
14.8487682,51.9891434,18.3252888
9.38634586,58.5317764,13.3326969
11.6414986,58.5712471,15.3541336
11.6641054,58.5652657,16.8686657
14.765502,45.1972198,18.4072266
15.2398968,47.0942993,17.9270515
114.248726,24.2298145,14.885335
117.748833,56.7152367,18.6821079
116.486679,24.8419914,14.5267839
105.31028,56.1935692,18.5039101
101.279434,54.3101425,18.4310703
113.512634,58.4097404,16.9972153
25.0237045,36.1523399,4.32744074
19.3278866,35.9168701,6.79090786
96.9987793,54.0392227,18.7882099
108.029434,58.2130013,17.1251411
88.9025955,41.0912399,17.8525257
88.6404877,38.8585739,18.1083469
86.9013138,40.0523567,17.6583061
108.623352,57.4458694,18.6562138
80.8909073,22.9386921,4.42928934
96.6254959,58.5045128,16.7222271
91.4186249,47.5791664,18.1656952
89.6182251,46.5172882,18.3123932
91.1060104,45.8315506,17.9325352
94.6619263,58.5535393,16.6721992
92.5636063,58.2708664,17.1998196
13.744524,52.2215462,4.73780441
87.5722198,58.3559608,15.1530342
81.459671,58.1972198,17.3253155
79.8997574,58.0580406,17.073534
84.9798889,56.2262077,18.5854836
19.1096306,18.7423401,6.56087494
103.29274,44.0099983,15.6375971
104.749641,44.9155045,15.6841021
104.969772,43.001503,15.592885
89.0613861,14.820261,4.36579704
72.37957,58.1698685,17.4185066
35.3025169,35.7065659,6.48091173
23.8332634,20.4730225,16.8708229
25.0720787,19.8491802,15.9106417
24.5919952,22.1884804,15.9706631
106.985161,44.1466255,15.15557
22.8018436,19.2518177,15.4742231
22.759409,21.1976891,15.9966955
51.3813248,58.1767311,17.9253807
46.1850128,56.9780273,5.22566366
50.5325127,58.5962639,14.9428358
75.7220764,39.2130394,3.16994071
53.4102097,58.532444,15.3201284
34.090313,47.5944748,1.28713703
39.3404274,40.5209885,17.9367714
45.5995026,58.4610748,15.3231516
28.6293869,41.8985291,1.76160836
39.7361946,48.553154,18.0199089
41.9260178,58.3154259,13.3505735
76.2001114,15.922698,10.3808317
29.2779312,57.677269,18.7336388
20.9410248,53.4095421,18.4740372
23.0235767,52.3598137,18.6432877
23.033556,54.0269203,18.7853985
36.5766373,58.5527496,16.7166367
27.042757,56.7112122,18.5978165
24.8592453,57.4903107,18.6671028
24.8802567,55.1530457,18.4352627
23.3420029,58.5221596,17.3245411
93.3460617,21.0258331,16.2251034
91.9017868,21.7391529,18.4696465
72.8783798,46.7100372,15.6730909
74.4715195,49.9963341,16.0309734
72.5903091,49.3418503,15.4313631
74.7305298,47.7717323,15.7305613
11.1796179,53.882,1.5581311
9.08178711,53.6083336,1.63425946
1.73790526,46.3285217,15.2052946
1.50274658,45.4225464,13.3199091
1.46367621,48.0227089,12.9595356
8.2153368,56.7430611,16.3577671
10.4727526,56.8673859,16.3871708
9.40231609,58.5493469,15.3264923
9.95827675,57.929554,17.5111675
9.43852329,56.7321548,14.8294144
8.03465652,58.2556458,13.4672146
9.13154984,48.6880074,18.6291637
4.87045145,4.59632111,15.8578339
45.5889778,41.6594887,13.6688766
104.580582,58.3107033,17.3393326
101.299843,58.64925,19.1992798
98.6106186,58.5179863,16.7402992
24.9594841,9.84703445,15.9230804
27.5170307,10.1576309,16.4924984
27.3990688,8.47907829,16.4927559
100.582695,58.314743,17.3492355
49.8854866,36.2367668,16.2103558
48.8419571,37.8790741,15.9723492
47.8284798,36.0604057,15.9224119
105.169518,54.2689362,18.435627
107.31279,55.0362816,18.4064503
47.6079712,34.0776367,15.1339884
88.2838058,49.7966003,18.4161415
88.4887161,58.3558998,17.3402596
3.18068337,8.29467678,12.1359062
5.18577814,9.41521072,15.1952705
84.9397049,50.8013573,18.3350086
86.4618454,49.4958534,18.1886139
84.7529678,49.2153397,17.7095032
86.4435425,58.5441208,16.9328804
84.2033691,57.8403091,18.4889812
71.4274673,57.5125885,18.6302719
16.7708168,53.1248016,18.2395382
66.2755585,57.632267,18.7069397
17.1847267,54.9602661,16.7043667
74.8745117,55.167942,18.4683704
88.9242096,56.7755623,7.67255354
98.5720291,28.9062729,16.9304199
98.0702896,30.2118683,17.8701591
72.9445496,56.3591461,18.6721134
98.9004745,27.7838116,17.8534527
62.4746208,58.1070518,17.3416271
50.300354,58.578022,16.6855946
74.3142395,36.2474899,13.4680653
56.9312057,55.4491119,18.2887611
40.1565132,58.1692886,8.48779869
53.2291183,51.5837364,18.5522842
55.3972931,58.0771027,17.3512096
47.471981,58.2576981,17.4063721
48.6164322,58.5321999,12.749733
103.372795,51.3487701,16.8051662
19.509243,38.1519966,6.66691542
16.2273026,37.4252357,6.55366087
39.2626953,38.9100761,1.93086755
37.1459465,57.4827156,18.6628342
76.7528229,35.7966576,15.6233664
78.6989441,34.6135979,16.7296829
28.9084606,55.5433693,18.5031052
109.243164,8.49586105,3.60736918
24.4589577,45.5984955,18.1301861
109.314926,6.72155094,3.43552804
109.183807,4.76842785,3.29596066
34.8085938,58.6455612,18.6689243
21.3590813,58.5628777,17.2078228
17.3322754,58.5090408,16.9573174
110.689636,10.5560493,3.95863032
18.6648598,58.5266418,18.6689396
15.5904598,56.6985893,16.9432373
4.6811595,58.3899841,17.2839279
31.3525486,42.5981941,4.16022396
30.9355011,45.3385429,3.97059059
28.673954,43.8699684,4.10597372
91.31987,53.2904549,15.4030685
88.6984177,53.8137169,15.4457464
90.157074,56.7397804,12.7471199
9.05976486,9.84567547,16.0247612
113.834343,58.3338051,15.0850687
40.8939209,15.0441809,10.0294638
106.598465,57.8859177,18.699482
26.5912285,29.3770695,5.79383564
116.745171,13.980154,12.877552
97.5762787,58.7754021,18.7931004
101.550201,26.0948486,6.73040009
82.643219,39.6566734,4.20235491
93.1612015,58.92453,18.8073006
103.172546,57.5251808,18.5404224
96.2424469,56.8287773,14.5163355
1.48122561,9.93510818,10.9725895
3.07316208,11.6732187,12.8710518
98.0508499,55.9713554,18.5328121
91.1475525,53.2973366,18.3543568
93.0658493,54.3639221,18.3923111
89.631897,48.406456,18.3491936
95.178154,57.6560059,18.6734047
81.4766006,56.8186951,16.4595699
79.9191818,58.4341316,15.2984257
28.6512032,53.034893,15.7015219
56.8448029,58.4895058,18.3919926
70.0666351,48.0994072,17.9082489
70.4332199,50.2157516,17.8715248
23.9086475,32.2660484,3.04108834
24.079958,30.3693657,3.95842528
4.37122393,22.5259285,3.11839366
5.30697632,20.9305229,1.5618521
3.20180941,20.7592201,1.52319181
101.349693,15.0940123,13.6474619
5.6742754,22.7267857,1.48239768
12.6154709,42.0961189,6.65755987
46.3002777,36.3072548,6.72091532
26.6361294,58.5319405,18.6518383
22.6284466,58.5228157,18.6442299
18.9435081,56.6677132,18.5859547
18.2740574,57.1480865,16.3526497
22.9890404,56.6759148,18.5466633
45.8903313,58.2045097,2.77402782
45.115448,57.3457527,1.37372208
50.4838219,33.5870743,4.13633394
51.0720482,35.1357803,1.75300443
51.4660034,37.0721817,3.99197483
103.392769,54.4412117,3.45430756
10.3688765,55.8041725,18.3617229
62.6214256,32.1106949,12.926487
110.527145,7.91191673,16.8187904
109.359894,9.73290634,16.9736137
28.5956306,20.8534527,3.8401587
28.7305584,19.2287865,4.34861994
26.5997562,20.8354855,3.92896867
101.617966,52.6831589,3.16626525
50.4050522,48.4480553,3.1080811
49.0685501,45.8989983,3.81181836
52.2880974,47.1729889,1.6697607
104.236961,50.8388557,3.54028511
105.259125,50.1659966,2.26628041
4.23088217,54.9178772,18.4804764
52.515831,45.688343,3.44625807
103.137604,49.7189026,3.80909967
102.940208,51.1674728,1.46986783
20.822546,14.1825447,13.8855753
1.60000098,4.7999959,10.3999987
104.977211,48.7332649,3.09909773
27.583971,28.3829212,15.551012
25.1085129,28.1084099,15.908637
27.8526955,26.0779896,15.7790709
26.1101036,27.1848392,16.8931789
23.7336922,26.4318638,16.1551189
21.4661999,25.7640762,4.03648996
1.45169306,17.3828583,11.3463287
11.7782793,18.8424797,1.57186079
19.8121376,25.6187592,2.21107292
21.0191498,24.0172253,2.45277762
1.44762278,20.6612072,8.66490269
61.3156967,32.8030128,9.78995419
24.4261913,17.9428825,1.90337026
12.4612932,8.74048138,18.5437031
19.7431564,25.9190655,4.40344
21.2180405,27.8018761,2.25793457
3.06657815,23.6425438,16.3651028
1.73479176,25.8996944,15.209547
4.29828501,26.2238674,16.6403046
3.46756363,25.871088,14.5940351
23.3491936,24.8777676,3.9748354
1.58513975,29.7371159,8.85486317
1.57791805,30.0082474,6.64825726
1.46166384,28.626606,6.66436386
8.02381229,29.7603531,1.40785646
11.3090782,29.5149727,18.194128
3.88999438,37.3989449,18.5003414
1.60664558,26.1446342,13.3639994
1.52261209,34.3625755,6.66655111
4.35742617,33.810154,5.02255106
1.44523835,34.6564713,4.66863251
3.75436831,34.8311768,3.49694705
3.10573959,32.5544357,4.95886898
7.12503481,32.1308632,4.77586508
4.79660892,31.7656918,4.50124884
4.45364761,33.1060677,3.27247286
7.54688787,33.6675568,3.16282535
23.1038589,26.6368141,3.71520185
22.601162,50.6035843,16.6106586
12.4800196,36.5074425,1.99030471
13.5944853,38.2730255,2.28238678
14.2085991,35.3977089,1.7579329
1.55397463,39.8370247,11.4478436
1.44970345,39.5686455,13.3119965
1.46515703,41.4135246,11.3469362
17.228384,43.2098503,18.2769756
14.8288956,42.2984352,18.2733002
13.543128,41.8103485,3.88334489
15.0635223,42.6801643,2.28427005
15.1909018,40.8590508,1.99861991
13.9862289,41.7156372,1.6872797
5.97985172,29.7938118,18.5434132
64.6914062,32.5572128,6.46376514
27.7632923,11.4759455,14.4537773
47.0751801,51.6886559,5.58318996
45.3781815,49.5920525,4.12743378
47.1837997,54.1685791,3.60801458
47.1372337,51.6585808,3.5648284
30.1344261,52.7292557,16.7785873
91.5637741,47.9151497,15.7375479
91.4152832,45.936039,16.0328732
13.9889097,43.344883,1.1489898
16.6391621,51.3070793,16.7618809
17.0403461,51.1476669,18.6284199
14.5062933,50.2650948,17.7546711
93.5572357,48.8092651,15.4797211
24.8718204,32.4140701,14.6554699
2.42525482,39.7773399,18.6509724
3.95548368,41.0962524,18.5541363
9.03046799,8.59683609,2.88019729
58.2827644,38.3125916,14.3981142
8.40249443,47.2614098,1.35289216
4.38521194,48.7049866,16.8474197
5.87258101,47.324028,16.6547775
1.49961782,44.8676605,10.3544197
33.1170921,23.8035259,4.39745617
32.0702896,21.3894482,4.05254316
7.48112535,9.77758121,1.33195591
3.6777463,57.3350906,16.1158581
12.2868547,49.6540184,17.9982357
18.0333633,56.4241791,5.375597
16.3899403,56.2322655,3.34613323
116.839699,25.1197376,6.42901564
118.3759,24.0520573,8.49116325
118.246628,23.9988251,6.65183401
16.8229485,43.999897,4.4457984
31.362215,39.4448051,1.77949941
29.3848228,37.9783707,1.69977915
30.7114143,37.0540314,3.64897585
7.16036129,2.51259184,18.6629257
18.4285164,42.8656197,4.29882717
1.31809449,1.40295589,14.7789001
7.35434628,7.84012461,1.49435794
1.57747006,29.9960289,13.3483706
1.54089046,6.59741402,10.556447
8.95729351,20.0096855,18.6115761
7.03002024,12.4163904,18.3447742
8.94630527,11.2365952,18.636652
7.2463541,10.3074799,18.3833504
65.1399689,41.9000931,16.0814266
17.8351707,1.51470697,6.69369125
6.86903095,16.0541325,18.3522453
20.9516869,44.0655708,6.00215769
16.131422,26.0451393,18.3201389
14.5098925,28.6234245,18.3415241
10.6743917,9.34002399,18.2172127
31.4006329,38.503849,4.10463715
29.0536308,39.7911606,5.71781349
31.3849888,40.8989334,4.28756523
13.1449289,18.4602356,2.13263607
1.46669853,24.9309921,10.2483339
1.48571348,21.9773579,4.86465979
4.90289211,39.3155251,18.4484596
11.742588,20.790659,1.33771205
10.2471466,24.5339241,2.22975397
11.4871998,26.7218342,18.4025326
28.4365864,41.8633385,16.1477375
27.9869003,40.9931602,18.7909889
1.51725841,29.0863991,9.7420063
4.00750923,29.8199348,1.35414517
3.18672037,29.0635567,3.18581176
5.79143333,29.6774597,1.58597779
13.0936403,40.313343,1.68188047
2.42086554,30.7503185,1.22184515
2.55510211,28.0891972,1.32601762
1.71352136,30.039381,2.65480447
53.4119415,39.8986588,4.35344219
51.1790085,41.0493088,5.76176691
52.8987808,41.6803246,3.69807005
9.34644032,26.3250637,1.98368287
4.61675596,31.9572239,18.5078297
54.638401,41.7733803,2.07632017
1.40377593,37.5837936,15.2555504
52.4239273,43.5103683,3.25561452
51.5218315,41.4830704,1.51855195
28.9408321,39.8172073,3.76545787
28.4771366,40.1290398,1.65888631
2.55510974,35.9108086,18.6739979
13.227725,29.2081051,1.69120574
1.46461022,44.3352432,8.6235466
5.92835045,37.918499,18.6099052
80.3116913,18.4232769,16.3064632
78.5138474,18.1104622,16.8405533
79.9171295,18.9880543,18.5930328
80.2739182,20.8523064,16.8995743
1.44841254,46.6206093,8.65167427
11.0393982,38.4628143,18.6597824
76.9617996,20.1402912,15.4271717
15.6410351,56.7318954,12.5950918
16.0072937,58.3435555,11.5354614
66.9506836,54.6357803,16.6006947
1.65434253,51.1767235,2.6197207
1.39148903,53.3170166,2.7071867
10.5879507,9.20226383,14.0398512
7.236444,57.4098587,1.34415925
5.38815451,52.9807472,18.4612179
12.3479319,15.8474131,13.2138081
6.49815464,56.1719704,18.3168736
3.61590195,56.4078522,14.3620892
8.16251373,55.4064369,18.5562172
6.27459955,58.1354675,16.5005779
9.0356245,3.40625119,18.521513
8.71990967,4.70040989,16.727953
65.9015427,56.5761757,14.9465113
43.47612,48.3044548,4.40615845
41.9544029,49.6533813,4.16855478
109.537987,4.09513474,18.4743404
1.71639943,8.42414474,2.69685149
33.8164864,58.4196434,4.81561136
19.7979679,1.70508468,8.47147942
64.2227097,50.583477,15.8105392
16.817215,6.85319757,18.3445759
16.1510372,2.54128885,18.5939884
12.1367922,11.4854527,1.24754274
11.1914949,12.8862448,1.3086884
88.1434097,17.7186203,4.30329227
87.3792114,16.1410522,3.87592554
89.9014053,18.6619663,3.84401631
91.6094131,18.3822994,3.80685949
90.1863403,16.9719715,4.00960016
8.9338665,12.9517412,18.6959743
10.8181438,7.94229984,1.39241815
11.7665691,15.1740284,18.0915184
8.93397331,16.1494656,18.5138893
75.3443909,55.425209,15.1283083
73.0873032,55.5513878,15.6093788
10.7255745,21.9056339,18.4304924
9.66238213,14.5105228,18.4220943
14.2429466,24.6597328,1.98465478
15.3856916,25.3933048,1.61463702
12.5463057,20.0214176,17.5182133
14.6106863,23.7260609,17.9743462
59.1108208,49.4769325,15.9252825
13.2793779,29.9622593,17.8988018
10.9808645,33.4049911,18.6162987
1.51120603,23.5299797,5.04438353
11.3227549,26.4127502,1.77533042
30.7500668,34.9818993,1.85191441
32.4620247,34.169735,1.31934261
1.44534469,29.8910656,5.23725224
118.286537,16.0422249,13.4189634
18.9726315,27.3709106,18.1094856
10.6059027,35.2791977,18.5727863
33.1550179,55.2602539,3.36634803
10.3537188,31.3986359,18.2404804
10.6909771,48.6980286,17.7729874
13.6612959,38.7665367,18.2878513
16.2413654,33.9031792,18.4574661
9.56004047,41.8499565,18.5849819
8.89699841,47.0470505,16.7688675
5.37063551,50.2031441,1.62882233
8.76220036,44.0311699,18.6270065
5.76239443,48.8668861,18.4805374
10.6794043,57.5190125,18.7440128
18.5570278,24.3327866,6.44520569
12.6844606,55.027607,18.4048557
116.688873,47.6799088,3.18913794
114.050674,47.8901215,3.07346082
118.315506,46.2733879,4.97309256
7.2938838,52.1863861,18.6681042
20.5412006,56.8394852,16.8817425
18.165329,48.7735901,1.78107131
18.6078758,50.7394829,2.10865474
26.8134842,3.7737174,1.48082578
17.3777409,1.44242871,12.7010412
19.2364025,7.4550786,18.6842499
18.2068367,12.8959417,18.229166
32.4966888,15.7812395,1.62112212
15.6289682,11.2330942,1.38651776
19.5920296,3.4093039,5.41940594
21.7902451,3.3525095,7.21808481
19.3870506,1.45971227,6.66197968
30.336195,15.6906834,16.8391266
29.4789639,14.1679497,18.1790619
11.9270954,10.881074,18.3989029
13.4668703,11.602664,18.2500172
2.94320846,10.4226332,16.0814266
3.16002798,7.95327282,14.6311388
4.14823818,8.66146755,16.770752
24.7819862,4.77893019,18.4142418
19.1587944,19.8130188,18.0577412
13.6400251,14.9705439,18.7130146
16.7527657,10.3415842,17.9798431
17.0351887,8.84536076,18.6311226
21.097784,3.31520081,14.5801535
19.7618599,1.56232798,13.3710613
19.9431705,3.37010431,12.8005047
116.947319,49.9334717,5.13987637
15.3051357,11.169488,18.6041794
7.47335672,13.2598238,3.48724198
9.9114151,12.9693441,1.80670822
9.01163483,14.5267668,3.96428013
14.0299997,3.52712226,14.4638309
18.7591228,15.3695011,17.850111
1.61511266,8.51010704,9.74840069
3.03507876,17.528904,1.55120552
15.5019913,15.6317472,18.3414631
20.6780872,15.5552702,1.67989087
18.7004299,3.76512885,18.5209351
11.1150169,22.3850708,1.88240361
13.5416317,21.8414192,1.68652034
13.0978775,21.5559216,18.3637428
16.2024937,18.4287281,18.1923351
20.7221928,14.6938086,18.3957596
54.7805977,29.7438297,5.32247782
13.6748505,25.4007015,18.1277409
23.1567116,23.0089054,2.01201558
16.4218121,31.3703861,2.11858749
17.3203754,25.3680706,1.46690619
11.3362341,34.3355408,1.92630374
20.9900513,20.9465446,1.99891603
22.5087433,19.2416725,2.0211432
8.73470306,31.8251514,16.7747765
9.77385235,33.5743484,15.607996
9.6149435,33.9753189,17.5780373
22.6842613,21.2163086,17.8909512
20.859148,20.3605499,17.9496803
22.8871841,19.2591095,17.9935436
12.9435177,35.6636124,18.3840199
12.6364069,43.3501968,18.2934704
19.8451252,33.4157448,2.14080715
24.0279083,31.4157524,1.27340734
2.68908787,21.3780346,3.7959168
1.79757774,21.8980999,2.79639173
79.1492996,15.1967716,10.4641361
79.7439728,14.8905039,7.31247616
11.6189604,40.3156967,18.2289982
14.635047,36.2654572,17.9631214
111.044571,35.8864937,16.346529
113.367439,37.0326462,16.4079323
25.6614437,36.4757309,1.1684072
1.50740921,43.9581299,11.4841566
12.1834564,47.6836281,1.3862747
11.5653934,46.3703041,2.33915854
26.2163353,44.202198,18.9608936
13.0695066,44.6063576,18.7170086
86.191124,53.3580551,15.5713329
87.0901566,53.3487778,18.2366219
87.3228073,52.0076714,15.682188
7.34742069,51.6828232,1.43881655
89.1359711,52.418148,16.7434902
28.1267567,58.3765259,4.78588152
86.190834,51.6705055,16.8881226
4.77019739,39.9659386,11.647501
4.79993486,37.7205582,11.3689432
18.8219681,52.1442986,18.6083717
9.35058689,55.1943398,16.6894207
20.6882629,55.2857704,18.5592098
22.8994484,1.55876648,10.0144815
17.0424118,12.0513849,1.84304476
30.1833992,3.26938725,13.3936758
21.5217571,1.45542181,12.8393402
19.7348633,1.70564663,11.4942875
20.8028088,8.53218269,18.6746807
78.3384933,16.558424,5.79713154
18.7223988,5.69103527,18.4311008
35.8012428,7.76220417,17.0860786
30.3890553,27.965456,18.724968
29.8673573,26.2642822,18.0406399
18.3516445,9.46258831,18.1764336
18.9211445,21.3476448,17.9134884
17.5440083,20.2807159,18.2838402
26.1700954,32.7148781,18.2141743
25.1440754,31.3391457,17.8474827
20.5220032,12.1991606,17.958231
23.9028683,32.5056343,16.6617794
23.2231884,31.4013386,18.2314129
30.6170998,18.9436531,4.31651306
26.5649071,9.23247242,17.9661293
18.5907516,17.7949772,18.2699146
20.0962086,16.5766201,18.4884949
15.6031637,1.44441068,4.76874208
18.005455,1.4357537,4.95891476
30.7460575,25.0607719,18.1667137
28.7885227,23.8620815,17.7422771
23.568367,25.322691,18.8566456
33.3366547,20.0345993,4.31217718
27.8998146,20.7994976,18.7598839
10.4009829,11.6197119,15.8846703
8.67121029,11.3343582,16.7467098
103.81897,56.7924194,5.06868362
25.2042027,16.5199165,18.3298302
21.4446411,33.3808403,1.35852683
21.2691784,35.5829353,2.11676502
22.8768024,35.375061,1.74529672
110.868546,11.3116074,18.6293011
20.0163593,34.6396751,18.079916
22.2291317,33.8285751,17.8627014
22.7090244,28.5385933,1.34402263
34.0308685,34.349968,4.47886944
32.3990021,33.7461052,4.15414143
18.4237919,36.7569771,18.5178833
21.9123306,26.0930862,18.7284451
10.5232134,35.9648323,15.8538551
28.0776405,33.7575111,18.2408142
21.5714588,37.2020226,18.7609768
17.1568127,37.9636841,1.29845953
110.650436,12.920455,18.5930481
48.0677719,40.0477104,13.9848871
19.4697628,45.1401138,18.4342442
22.9237099,50.4582062,18.5622921
23.084404,40.9600792,16.3537884
24.7228374,41.7142715,15.9106417
22.7994137,42.8820686,16.1863441
15.5165863,48.6326485,18.5706005
17.0650101,51.148716,1.35785854
19.8854713,49.8883514,1.64404035
16.5545139,28.2851048,15.3690634
23.9106903,29.6168442,16.1185608
14.0810223,44.0087967,15.5009537
14.3877001,43.5458755,17.8636131
15.291626,45.3275146,16.253746
13.1939249,45.9326553,17.5515804
20.5304775,51.1624756,16.4069157
18.4557552,50.7598343,17.9482994
20.6320152,57.3324165,18.7740841
22.6353416,50.4764786,3.76872325
20.6165237,51.2531471,18.6292706
34.7586479,21.3680954,16.0293179
20.8050499,2.52543306,18.6668892
34.9138794,24.3846989,15.4617386
17.4308739,1.5378226,18.6740284
28.0389118,1.47332799,13.0078783
12.4359522,24.6692238,6.43004847
31.8909969,10.05159,1.38977551
30.4589272,9.40862656,1.2426219
17.2402611,1.4652102,10.5243549
22.3305168,11.1516581,18.125145
22.9905739,5.98456001,18.7902145
7.12021255,16.3253765,15.7394609
27.9070053,15.5289268,18.7952709
28.0501499,14.0361738,18.0027924
20.62607,6.75344467,18.4010906
5.52225399,23.4607773,3.3117559
112.565987,10.6973333,16.8433189
112.674606,9.74625683,18.3678131
32.3187447,10.5911942,18.4751911
14.0165663,13.2794466,1.12624621
4.30178595,14.2513533,16.8385944
5.62657833,12.3829317,16.7858334
22.8640461,13.6436777,18.4286404
23.050808,17.1234684,18.1621723
25.4305458,1.44452453,14.735342
25.3083534,1.5451659,16.8311234
106.225471,24.9380169,14.6344042
106.067429,24.8202972,16.8953972
105.494942,23.5042362,15.7798605
84.5967941,31.6601219,2.10112929
83.6419601,29.8578205,2.11588407
108.559059,26.4584408,15.7198992
105.867546,23.6103687,13.4932766
104.347198,25.7775307,15.7421494
19.6547184,24.8114262,18.9434738
106.577827,26.2449856,15.757762
27.6957684,12.5684347,18.8296871
29.8024693,19.331995,1.05492473
27.9467297,18.0249405,1.77249026
30.4389858,16.09902,18.6026154
83.0732422,33.3006058,1.90849614
85.5004959,33.6831398,1.96442485
23.2366219,28.86866,18.6036186
27.7216854,26.628376,18.0793839
61.182045,33.0283203,12.8161182
21.759428,22.3423862,1.63737297
24.1742344,39.7088127,18.6094646
28.3450127,30.4499969,1.45685959
26.2624893,35.3507309,18.3995094
19.9665813,36.0616684,1.21914935
12.38095,32.0842094,4.3552494
13.294095,29.86833,4.37912416
11.4847546,30.5161686,4.41312218
74.3811874,43.6224365,15.7335224
75.3219223,41.9121208,16.4159508
26.9613209,52.413063,18.3531418
25.3723011,58.5435448,17.2941341
6.31421661,39.1630859,14.2537098
4.67235804,37.9391556,14.0924311
3.01407433,36.0392647,9.92720509
3.38400865,36.0239258,12.6614008
75.5736008,45.2933884,13.6601133
74.5526199,45.4844208,15.7269621
24.8858547,6.74389172,18.3886204
75.9959564,45.1649017,16.4353161
77.8661423,44.7766571,15.9535313
87.3896027,9.45213127,15.30406
86.4359818,8.02673626,14.5558233
116.72377,19.9984455,7.2919426
116.596161,17.9016552,5.59037352
26.5053635,15.1013021,17.6858253
28.3504028,3.21655679,14.838603
26.2605915,5.76256132,18.4782734
74.8812714,49.8622131,3.75301909
29.7873039,7.47547579,18.4375858
24.9099274,17.9511223,17.8481674
35.4446831,7.60075903,10.0359192
36.0148888,8.27090836,8.59986877
33.1203804,5.26596928,13.5007639
28.7714367,9.13350105,18.5753689
27.9573536,25.1297989,18.5507183
34.5652008,16.8322887,18.6264458
26.5058956,25.2342453,1.73166573
24.9210205,24.7147045,1.79026747
28.3654919,27.7866364,2.06374478
26.1816235,21.9526463,18.8364143
59.3563156,36.0678635,15.4053164
59.8310738,37.682148,14.6201429
82.7605743,31.8810425,4.19618082
82.3910217,31.9867935,2.1643405
33.0642853,39.783474,2.33167863
32.448204,38.3521233,1.49597549
33.8116112,42.1942177,1.60521305
42.195385,19.1501369,18.4427032
28.2618523,32.2153091,18.6335526
92.8604202,34.6461296,6.09793901
27.9283752,38.7205772,18.8518295
23.6315632,34.3315163,1.44748116
26.7491112,39.1776962,17.8081932
21.4611874,43.7622108,18.16436
26.14534,41.1308517,18.120224
70.8296661,24.21982,3.56060624
70.7695541,23.500061,5.32802153
23.2767334,42.7775764,18.4297485
32.0678291,48.5014267,18.9498215
27.5294476,58.4320679,13.4153337
33.7074852,58.3960724,8.43438339
26.8638611,54.383831,1.57469332
31.5669975,28.5413895,14.9434891
32.1224289,30.1228313,15.9875221
26.7476692,50.9797211,2.25220132
20.8040009,37.7713928,4.38969517
18.8638344,36.2340469,4.67872429
17.7601433,38.1436119,5.34815264
27.1773815,1.04289353,18.6084785
31.602932,4.11476469,17.3866882
117.168221,8.90665054,3.63007474
29.691227,5.44988489,18.569931
24.1876526,15.6437225,1.69426608
22.6280365,1.45378149,15.3310337
32.107605,8.15510273,16.7400417
34.4498367,7.3090868,18.7297974
34.1588402,18.9210148,3.46664762
33.0680885,20.2295799,2.08965492
28.7402039,12.0131035,17.8029537
29.3481216,9.77355671,17.2152958
44.6988602,16.9105129,8.41126823
22.5561829,16.5577717,1.95184183
38.3352509,16.8555031,18.3994198
31.6372337,22.5499249,18.2808342
29.8041248,22.1883755,18.2718582
36.107769,18.943243,1.36671305
82.6655884,11.8607788,7.28798628
82.5139542,9.73051453,6.61460161
81.7272949,12.6573277,4.64918423
26.3017349,11.1966438,4.099967
26.5143242,9.18550396,3.98880053
23.9269409,10.2202873,4.42553043
38.9045258,15.0727873,18.5114288
49.0239029,21.2553196,8.56761074
17.0052624,15.8773928,4.261374
17.071867,17.6071281,3.92783713
15.245615,14.6764565,3.99713874
15.7508869,16.5024815,3.12881231
14.8951216,17.6876526,4.2456851
107.743286,35.8072586,4.32786608
108.867065,37.6634064,4.24875307
107.976814,39.4434662,3.81300306
32.2975655,26.5125713,18.7923546
32.0963287,24.3557739,19.0361633
44.567524,16.7244034,11.5196657
4.80969286,39.7617111,15.8901987
28.6811848,19.7175121,2.13535476
28.0275955,21.9195518,1.80676138
29.1999798,21.7294331,1.69173729
7.88663673,38.080143,14.3862677
81.2406158,13.0375824,6.83024406
81.1894073,11.0396938,8.55968189
45.2702866,36.3307037,1.80665505
44.4642754,34.0039787,1.98508763
43.3902702,35.7157516,2.25014329
30.4314976,34.1551247,18.1297321
29.2940674,39.422142,18.4393787
30.2181854,43.0182114,18.3701534
35.7435455,50.1928787,18.5699615
24.652853,36.1551628,2.13493705
20.012722,23.9837589,1.22517884
19.3418217,21.8109531,1.35491216
29.1399441,51.4682503,18.6500015
27.2817669,45.5983276,18.7745399
112.404633,56.871624,15.1770763
30.9418583,52.4394417,18.3578663
34.2314835,51.5129471,1.27488816
35.0959816,49.2989769,1.75671792
33.4689827,49.6797791,1.74033034
110.550186,56.6347389,15.1355371
32.5989571,55.2260666,18.4565105
37.4106789,35.5842133,15.6903133
34.1650734,10.838829,18.384779
37.1162872,39.7214622,16.3329201
37.6234932,11.0208006,18.9682598
39.4504242,13.1494398,18.553894
40.3309364,14.8287506,18.5196915
37.8614044,13.2618895,18.5433521
22.4218407,20.6872463,1.67088461
3.37910295,14.0666246,7.30512524
42.1637573,17.6056614,18.5652237
36.3737526,23.9078121,18.5681553
36.3400803,34.0109024,2.52217031
34.550499,32.9137001,3.36319661
35.1131821,31.3952942,2.35964656
39.4704399,21.3610783,16.84552
37.4582748,20.6506729,17.8712826
38.0223846,22.8590946,18.4246616
36.2595482,32.4303665,1.4896878
40.3295021,16.3171463,3.25884199
43.0403557,15.6291351,2.65479684
51.3681488,32.5998459,1.37655461
52.1918602,34.4457893,1.28498805
36.6136208,26.3108635,18.0918236
39.1277008,23.6121616,1.31831741
39.2152176,28.8425007,18.6860867
35.8430252,27.7804089,1.15881622
43.7918625,18.7592964,2.48187733
42.5283623,19.0961227,1.45872772
43.0378265,20.8376884,1.58631194
38.3069496,30.3262005,18.101635
36.6998405,37.3043709,18.2806816
30.9154453,35.0141869,17.8976936
35.3935852,36.9133492,17.9925861
35.1527214,38.4871902,18.503849
58.6720276,31.22756,18.6826248
42.9366837,33.5582047,1.44169462
40.7505188,41.539978,1.8708154
37.7191467,38.4446793,1.43407047
31.8787251,42.0108871,18.5471497
32.6295967,31.6270275,1.61506987
50.8920593,31.0613918,1.61742389
51.4924431,29.2216072,1.27942169
24.6597786,39.8839264,16.2908497
24.7229805,41.934597,18.1348038
38.1038666,33.0095634,1.38974512
3.22314811,12.8344316,8.5929203
35.6890068,40.9686165,2.00142956
35.8265991,57.1378937,16.3240204
46.0082817,36.1135788,18.0691319
85.6876221,48.1735229,3.09833074
84.1318359,48.9933701,4.19179916
50.5897102,58.514019,8.68277836
41.2128716,57.463623,18.608614
84.9203568,50.1948547,6.48139763
87.1649246,49.9689369,5.13166714
57.972641,31.7259445,16.9059677
1.45242214,53.3481979,11.354105
1.6971339,53.6822052,10.1146898
39.3149033,50.5885773,18.5852413
51.3499603,42.9195061,17.8367901
32.5831299,51.2990608,18.6577015
45.1634331,55.2476311,18.5260544
20.2659912,45.3303261,1.63044739
21.4569969,44.1747398,1.49529207
42.534481,56.882618,14.9189463
43.2572327,56.303875,18.5324936
45.1417618,57.4441376,18.6857834
48.5162544,57.0628357,16.4369869
48.6538124,55.7002258,17.2927227
46.5971375,57.1184845,16.8748779
43.3409576,52.2586937,18.6084175
41.5700798,51.3118324,18.6408272
39.9324341,58.418808,11.4423904
3.26085162,15.1292477,8.71427822
41.2100487,52.1086388,16.8874989
37.2302475,53.2824821,18.3940887
41.8673248,56.2345314,16.7540607
85.6373367,21.9713116,15.7947903
83.3723297,22.1803856,15.4644728
30.5969524,42.8164406,1.56760824
29.0314732,44.3217392,1.56859541
35.7090721,54.1867714,18.5700378
32.9977837,53.3466492,18.3033867
26.8060417,56.2809601,1.48021066
34.9271317,55.9901276,18.4963627
27.1631889,40.7232742,1.74149978
3.95885539,22.903162,1.44521058
3.82480121,25.1090984,2.68400264
86.143631,16.912466,2.69113326
85.5578079,15.2864017,3.59175611
39.3515816,37.3459244,17.9110432
30.6674995,54.3117371,18.4705734
86.0576859,18.7940845,4.66611862
31.1404667,41.1664505,2.08345079
37.5795479,38.0274887,3.56766844
38.9035225,37.1587524,3.86376023
36.7691193,36.2744484,4.15029907
36.7452507,35.8502388,1.52433097
85.1305695,15.1543674,1.52610791
84.3366928,17.6568069,3.50857329
2.91775393,23.4903927,3.52259135
32.660862,36.056488,2.19648528
34.0818367,37.4028015,1.70020449
35.1123009,35.7381096,2.05542946
32.1536064,43.5536232,18.649683
35.1792641,42.5697327,18.3077927
36.3288956,39.1097641,1.65429199
16.6983261,54.4414253,3.36906648
20.3867722,56.6652527,3.66918302
18.4961014,55.684536,3.22409248
18.2064419,54.1327209,1.4321872
32.965519,29.9526443,1.8499552
96.4181671,56.4999657,16.2252388
95.1448898,55.1615791,18.4374332
21.1156979,32.7256584,18.47715
35.6406746,31.2765408,18.416687
33.1569748,24.1817074,18.219429
94.2692032,56.7100563,14.8012257
93.9178925,58.474823,13.3561316
38.6349487,26.3501301,18.0702419
42.3274803,20.8073273,18.4538364
113.413567,39.0813484,16.5583515
114.910515,40.0498199,16.6838779
32.4973221,22.4679356,1.31213605
36.2626457,20.2027283,18.822382
118.245895,39.9969368,13.3500719
116.676796,37.9903526,12.757144
117.077614,37.5093307,14.6023579
36.2421951,15.8628588,18.229681
36.4872742,14.5538311,18.7310429
44.560688,18.133913,18.4949188
42.330246,16.375124,16.3712082
35.0146065,9.25141144,17.7679596
36.5370216,12.2483463,18.4800816
36.1702156,22.6557159,18.0438442
34.4944115,22.8933811,18.2171059
35.0018158,21.0545444,17.986845
41.9754143,15.121767,18.6696548
40.5967751,16.4824181,18.4753723
38.3953934,18.955719,18.4128151
43.0663719,19.6218281,16.7790585
24.7281609,25.0891113,5.6445632
93.9453354,58.3062668,11.4832001
92.4784927,17.5862751,3.91594529
48.2131538,36.8546944,1.82508528
47.7063179,34.8337746,1.46126401
38.1064186,19.1305599,1.57438195
44.0463867,29.5897198,18.3677368
45.5046806,28.7167149,1.4025408
47.6283913,29.0278358,18.6315479
30.9328747,6.7714653,16.7505207
38.6806412,26.3429928,16.2373905
49.2187691,24.9735031,18.5444927
107.896454,56.9253426,10.1351709
41.1801949,36.2639694,18.1892662
52.908886,44.8071404,18.6648235
51.5884628,45.2078362,17.8123837
39.6757164,40.2784729,1.67414236
39.8269119,46.6429672,18.1134357
118.539902,27.5003338,10.8621292
43.4398804,39.0818787,18.0692692
47.8425751,39.7466278,17.9027214
52.5225868,56.3863449,18.5601196
49.8688278,39.2016182,18.3800087
40.0977364,44.9390144,18.3619518
118.540672,31.4980392,8.63660049
39.8004456,42.9749413,18.0271835
47.6487122,50.6927223,16.493742
49.826088,40.5555878,1.5620116
49.0538406,54.0180817,18.4779549
51.402298,52.6784515,18.3456097
116.686501,31.9432201,7.21820641
118.184387,31.9583473,6.5950551
10.1758251,1.54012358,15.2564011
36.6922379,49.3138771,16.8354664
43.5613441,50.9740868,16.6309795
41.5696068,50.0158348,17.9619675
46.975563,54.2071686,18.5102596
40.5833855,37.0608368,1.29798102
40.5823708,35.8441353,2.09045243
38.8290558,37.4169731,1.52997315
51.0753212,56.9089699,16.5118313
105.897629,1.98326254,15.485918
50.0859947,57.2945404,18.5751266
106.040581,3.12210441,12.9417048
48.8953857,27.2377224,18.4320736
99.7123184,8.44155025,2.93331647
52.196888,39.5529404,16.1894875
49.9049721,39.3808174,16.1573505
50.8372841,37.7919579,16.2317543
72.2185211,56.8497391,10.0769176
56.4549408,29.7336769,18.6840363
100.922913,4.4781456,3.6385572
45.6350899,33.3949509,1.42223918
53.6131096,32.1220093,16.571064
55.4109306,33.1335106,18.5008736
50.641613,26.6858311,18.5124912
99.6266327,5.61858225,2.87346172
101.157082,7.25501871,3.12486362
101.356239,5.79496431,4.33569527
50.9690933,37.4531479,1.66717875
46.3747749,29.7919216,18.0521374
46.2180519,37.8567924,1.783023
48.5509071,37.1020699,18.5527534
51.0855751,40.6495056,18.7415066
75.7587662,19.9772129,1.48576939
75.3870392,17.483614,1.36699402
53.8033981,33.4040489,18.4028816
49.537674,32.3576012,17.610054
68.017189,36.9742508,6.41631079
69.4909744,37.9932861,4.01807499
50.8099098,40.9069366,15.9603662
48.7215157,41.5901566,15.8825293
49.8561668,41.922966,1.74915445
47.8754807,44.4602356,18.5461178
101.447289,54.1711731,4.14407969
103.458519,52.2759628,3.45066261
54.8648491,50.5766258,18.6275997
62.6200142,51.3757744,18.6163445
44.6049232,56.6723442,16.2929611
117.073059,31.5831051,3.64300704
41.6411667,51.2527657,1.3401649
116.935287,34.5062218,16.3846798
116.628288,35.7907944,15.0198069
118.498238,24.0078678,11.4529762
113.878723,26.0347958,16.6833916
47.7805862,46.9971123,15.6187944
49.3259888,46.0902252,15.3760805
47.4507866,44.7580681,15.9724407
69.9125061,35.9473953,4.51370239
52.6683044,26.086586,18.7110558
51.1619835,28.888298,18.4703159
114.275269,29.8397999,4.38159227
57.5488358,29.844099,15.1017141
53.1222,25.4279633,15.2281675
108.75618,30.2563229,15.8546295
107.708534,28.4797878,15.8040695
106.899017,29.9266434,15.7387924
54.6670761,26.8966141,8.51285076
54.1383018,27.1987896,18.7468224
54.5499496,28.6738186,18.4859886
54.3208122,29.3075314,14.9507484
66.4232254,48.0546799,2.06549883
61.8949852,45.908535,17.8190517
62.4539833,47.9459496,15.8024902
60.2054749,47.5935364,16.0522976
111.321068,24.2014732,16.7154827
111.115517,23.765686,18.5958271
113.034027,24.0996857,18.3543568
111.976311,25.7603397,18.5920296
53.1985474,34.988369,18.7342167
110.556213,26.2428894,18.0012741
52.2018547,39.6451607,18.2702637
61.7456589,38.7154922,1.45646465
49.6141129,37.9001389,2.06725311
58.5920868,35.5045242,16.8878021
58.4070168,34.8862152,18.448658
58.3261261,36.7726059,18.4035816
61.8468399,43.8281555,17.9097672
57.0617104,48.9640427,18.1791668
100.785835,35.9510727,15.5236292
99.1096268,38.0005608,15.6744881
46.8965263,42.8860321,18.2851162
108.533653,45.6233711,15.8675842
109.506699,44.0697327,15.5302353
51.590313,50.7469406,18.0062103
51.9900475,58.2996445,15.5213814
57.5063248,46.194294,1.90642297
86.8418427,56.3214798,2.60224724
87.4012451,55.2259293,1.54345226
43.4234657,37.0435219,16.2475204
44.0503426,34.9818382,14.3155231
41.4284401,35.8499527,15.3961887
100.024033,34.129734,15.5847139
45.6683502,35.6352425,15.6667423
57.5053062,29.8320618,8.51120281
51.8805046,26.0576077,16.8721905
45.0367012,32.7480011,3.27147055
46.6150055,33.4714966,3.91401625
45.966423,31.7355595,2.22208405
46.1926079,34.8171272,3.10792923
48.4106712,30.14571,16.7466488
55.1794472,35.1794739,18.2397804
59.2128372,31.4727058,15.2530756
54.5452843,38.1484261,18.3671913
53.8424835,29.4215317,16.7404976
52.0878258,29.7213058,16.625967
43.5823936,31.7249889,4.36616182
55.3607216,33.0149117,1.54839587
54.0903625,42.1748085,18.6981907
53.3991776,35.3665428,17.0283356
53.9352798,36.8490753,18.6233006
45.8891335,31.8433914,4.40236139
45.4359398,28.3521729,16.8083553
42.6917572,28.1384964,18.1606236
56.9212265,34.3960953,1.59335899
55.145298,36.2513618,1.30649376
89.8721771,57.0447464,3.7179811
50.8670158,34.5770569,17.9589462
52.0166321,36.3270416,17.9057732
52.9532356,37.953373,17.9205055
58.2537956,38.6640816,18.6318817
5.67666769,51.850296,16.4894905
7.12594604,53.5407333,17.0037308
57.2374039,43.2610474,18.6743164
54.3883972,47.1492958,18.7891045
5.06185436,53.8979797,15.1968355
64.3679657,33.1623535,18.470665
63.2747574,31.740921,18.4957237
64.8908463,31.2061157,18.3980217
2.8547554,51.7769547,16.358284
6.02927256,49.1349335,16.9404583
30.8488865,8.94129372,18.4534721
55.9672546,42.9952774,17.8713894
57.6896935,47.718029,18.3550568
63.7794266,43.4107208,18.2586594
60.505661,42.680954,1.76785803
44.6117706,34.2033768,4.34024382
54.1773643,58.4109268,8.65582848
68.4231262,54.7226715,18.4362793
67.5130081,56.376564,18.5600891
60.0815506,58.3633881,15.1632547
58.4167976,58.4475288,13.3593512
75.3972244,49.2388344,1.4217608
73.6908417,50.3183594,1.39302564
58.0323257,57.1265182,18.5300636
56.6323395,56.4201088,16.6981239
3.47497535,12.0195513,14.5624599
68.7184525,52.6138725,18.3425407
51.9197044,33.5495453,18.6309261
66.9009705,35.6896896,18.5863953
60.2952042,34.2757607,16.8389587
58.9544411,36.7483482,1.33282924
59.6583061,41.1282234,17.9733276
60.1693115,48.0634727,1.91116917
58.4066429,45.8187599,18.8206654
58.7097969,41.7071037,1.89941394
61.5714722,38.3205338,14.4177523
73.6465683,44.6676865,3.40108228
50.6127586,58.4429283,6.71945
72.6448822,46.9918747,4.05337095
60.9186592,55.7353096,18.5191898
63.710186,57.8282051,18.7048283
66.5506363,57.3127174,16.8856621
59.0517502,49.7044563,18.2172432
68.7798233,50.9964905,18.2515965
70.7570343,51.8403473,16.5976562
70.7233505,51.586853,18.5813828
67.452652,25.9705753,18.7644253
67.6662064,27.513319,18.5027714
65.3761749,34.8403358,18.2725868
63.2278099,34.0348396,18.3194256
26.5100803,50.8479538,4.78056574
66.9969406,31.2706947,18.4054489
68.5627289,25.3290768,16.7254467
70.1415558,26.2744503,16.655735
70.9818878,24.0362396,17.0025921
69.6470261,24.7471828,14.7223558
69.7976761,22.6150894,15.5378599
68.3049698,29.1785202,18.4623413
78.9631424,37.5212517,18.7343693
74.5454865,20.9095936,1.45325255
117.137466,20.063942,10.0231237
116.92601,17.9800243,7.75374699
73.5007401,37.7792435,2.13660026
75.4896622,37.4327965,1.67658758
69.4850235,24.8601341,5.33112717
69.4345856,25.0995445,7.17607546
68.9228058,23.2585144,9.96356487
75.4366379,26.6873741,18.6847954
74.2155914,28.6866283,18.6265202
65.5188751,26.9953651,17.2475395
77.8580551,20.0970287,17.1604366
80.6886215,27.8764267,17.6810112
80.6276855,25.1196842,18.5820961
84.242363,38.8694954,2.01514411
82.2991867,39.542778,1.73794591
15.384697,38.9594193,5.56106138
79.8762589,14.8604021,18.5344524
14.8624372,40.6485672,4.6944437
12.6061907,39.9889336,4.24562454
13.7894268,37.9695015,4.64075518
74.2518463,21.5229492,18.5422897
4.60716486,5.50058889,18.3016262
68.2225723,24.0550804,6.61356878
73.3045883,30.0349922,17.8662548
75.5011444,20.2748547,16.8074455
75.4937286,19.7971096,18.6400986
76.494278,21.3270512,18.4411392
88.5557556,29.4630699,18.7597618
80.936882,28.6343079,1.42800295
84.8550034,23.0238266,18.4058895
82.0746918,23.8879852,2.10141015
81.558815,26.0251217,1.62346864
80.080368,25.0979195,1.95317078
90.035553,29.5209503,18.5539532
10.8280993,41.7035332,15.5277748
90.595932,31.6753101,18.3636379
89.7830582,33.3920517,18.5182781
36.4283295,11.3746586,14.4775915
37.2616234,12.1771231,16.3938236
97.6400833,31.5694199,18.3908691
92.4959335,10.2329693,18.6216602
93.5028915,9.17837334,17.9734039
92.4649506,8.15598297,18.3770027
118.722092,24.9538803,9.7847147
96.9167023,24.3981705,1.18092954
113.45726,31.0083408,3.27598119
113.080032,32.2391052,1.31363964
114.026772,29.7769909,1.45076168
111.010551,32.3203316,18.5078449
103.728355,28.2298584,18.3249836
106.826271,20.1803036,1.4256109
94.9468613,32.3168983,4.18292236
101.648918,30.213007,18.2321873
96.981842,31.9091549,4.77073908
107.078972,29.654274,18.2692146
112.061333,21.841404,18.5996838
105.884117,28.0999126,18.165453
106.827881,26.0794182,18.1429749
23.7995243,1.52593064,4.70448303
115.054993,44.8060913,10.2917709
115.468735,43.9876709,18.5083447
111.06839,35.7222672,18.588522
110.518257,33.835804,17.5191097
118.389328,37.9717636,8.55190659
115.386978,28.0090218,18.474081
114.038116,17.8030949,1.45473325
39.4240189,35.1661263,16.1020527
114.839401,35.9146194,16.6862011
116.815613,36.243145,16.8046646
110.277412,34.2552872,16.0684261
103.515305,39.7999687,1.89403749
40.7147217,33.5993156,15.7522488
118.245064,28.0015411,13.3510284
38.2669144,33.3020935,15.8893633
113.689713,33.2908401,3.32707262
112.189041,34.0991287,1.3958658
107.931038,36.5630455,18.3841248
111.971008,37.7302628,18.5870171
111.071106,39.9843788,18.5902519
110.520386,38.060627,17.9514275
39.3840523,31.774044,16.1274757
113.403145,43.9481087,18.4170361
116.995552,51.9766579,5.35447836
105.168968,42.8469238,2.07577348
111.057602,43.6149826,18.5804863
16.5539284,36.3754005,13.4458456
106.240402,48.8563919,1.66915321
75.9740982,39.5030632,15.8761959
12.879653,52.1745377,3.24694228
94.5131912,45.8976898,18.1224251
96.0637512,47.6472092,18.2568226
108.14682,47.7151871,18.0298576
102.974609,51.154686,18.6316547
95.9270172,45.7998962,18.1806107
105.156853,52.0040131,18.3231316
101.100403,44.395401,18.3317585
99.8530197,45.46978,18.4951477
66.4817734,46.9336891,6.79421139
108.949478,37.6254082,1.99628103
108.051048,35.4241943,1.71458721
99.4287796,55.128334,18.440958
103.006729,58.4537849,10.0638494
93.1778107,56.2763252,1.48107636
93.6432419,54.164341,1.43108606
95.0802994,55.1987724,1.59071636
91.2700577,51.317131,18.6611042
3.50089312,33.0358391,17.4108219
96.0979233,58.4603004,15.3637781
85.3412476,52.6758232,18.6207657
93.66259,56.9443283,5.39149094
86.0547409,41.7775116,18.5129929
89.1085587,54.4054756,18.4131336
34.3831329,15.0426702,14.4992342
95.1407623,57.4903107,1.3329128
87.0254593,51.2381248,18.5887184
74.1346436,58.4722099,8.501688
92.7074356,50.4985771,1.78829312
11.4778662,25.6577244,13.4969215
6.24943352,32.6687355,17.6078663
78.7348633,45.9155846,16.0508995
80.0937805,46.8681412,17.9277039
78.2326508,47.8694191,17.4445534
91.2382355,55.3044662,18.3930855
99.3709183,55.4806747,1.5033567
94.6638565,56.9079361,16.8675117
77.0674057,55.6125336,3.22351527
85.1938705,38.9449768,18.1051731
34.1699333,33.5979805,18.0374508
86.2453308,41.3782883,1.48619461
87.5841675,45.9938164,18.082983
85.7290497,47.302948,1.13758385
87.656723,43.2856979,18.8706932
87.7998962,41.6361313,18.4259682
76.8404541,38.9263573,2.05220962
86.3735886,37.4180679,18.527832
91.8748474,31.2308559,1.72969902
87.734787,34.1786957,18.5627937
89.0191498,31.071188,18.1631889
71.1095886,24.1715622,18.58922
73.2355957,27.1134872,18.3622246
76.6188507,25.0648041,18.5780563
75.9742966,17.4470577,18.5664692
74.3227005,18.2969532,17.3901825
78.1580276,17.5545864,18.4978962
3.1304121,47.8979874,9.89583492
84.5327454,9.19950676,14.7821808
25.5288792,30.3070641,3.5647068
26.9133968,29.2605648,3.82131815
86.6003113,10.490674,18.3726139
89.0054321,9.46273232,18.2900219
24.9549351,28.6656857,3.98301411
89.1969833,5.14557648,12.7495804
89.4914856,21.5708275,18.3219776
82.9260101,9.14521122,15.3467989
81.4825592,15.3023567,18.4430389
90.7273865,11.201952,18.593214
95.3313675,19.9865837,17.7939777
97.3168564,21.0346184,18.0502548
95.1823425,8.44154263,18.1745815
3.08156085,47.6514168,13.2609053
87.286293,21.578619,18.3067894
89.3965302,12.9594946,1.35879266
99.2275162,17.7283707,1.47887409
84.9730072,17.4349136,1.42992425
94.3335037,25.2884884,1.4225961
84.0735626,20.6179066,2.07676053
84.3126907,12.9440794,18.377306
84.8684082,11.3619537,14.8272276
83.7688675,10.8533258,12.6473522
92.2631607,25.3415451,1.85039556
95.2923203,24.5534191,18.6042557
83.2953491,29.710743,18.1917419
46.9209709,55.1487007,8.74793339
43.0977249,52.8874664,15.3564882
86.7491226,23.052,18.2932262
93.0267258,23.5205784,18.3414936
89.7654266,18.5827103,1.91962111
87.042984,19.838253,17.8082829
71.771637,25.0706348,13.5519924
72.3739319,22.3781986,14.2810326
79.5459442,16.1760597,16.693325
76.9518204,15.622901,17.3477936
84.8725433,16.5914879,18.3261089
89.3061371,15.2524576,17.8941097
94.750679,9.99610901,18.2031326
85.7092056,14.619503,18.3938751
84.6644135,19.8101482,17.8887634
84.0824203,8.2264843,11.5511351
52.0138893,33.6433754,16.4488335
93.6729507,5.57371759,18.4272137
107.366371,23.9522514,1.92162585
109.601959,23.5436954,1.7865237
108.443741,22.1946163,2.01252437
97.6506653,10.9422274,4.18523836
99.0904922,8.52754974,16.7016926
92.684288,8.16606045,1.32891846
93.7508316,16.9937496,17.9722195
34.7841187,17.1038609,16.3813992
33.3690262,31.66082,15.7713251
34.8378143,32.6069679,16.9477787
34.3124237,29.8122196,17.7658939
36.653183,14.6206722,15.6867294
95.6054611,17.4859905,18.2277374
91.6233673,11.6673479,3.10964561
88.2363586,8.03176308,16.6315861
101.745773,27.8296013,18.2282543
90.6005249,24.9940205,1.4615829
112.669495,4.43262053,16.889246
92.2402191,6.54706669,3.79962254
99.368866,6.75426483,18.4004822
112.59211,4.61307287,1.39741492
102.577736,1.43796349,13.3114948
28.6251259,9.22106552,1.31598604
93.3412323,13.2290459,2.22862244
98.1641769,3.0610044,10.1520596
102.365898,1.51358306,11.4101324
101.163795,14.7386503,17.9863739
108.431046,3.01685381,9.9613924
94.7836838,20.5815239,1.43257439
99.5806732,5.48771763,17.1735134
100.57785,19.6401157,18.3598404
101.26004,17.2928257,2.10021806
101.189049,19.2187786,4.07727671
101.912956,19.0828934,1.47123468
98.9616547,20.6257896,18.3304062
110.503616,30.3442593,15.6039257
98.2924347,26.0861149,18.2454319
97.0633087,24.551733,18.5472412
99.9548645,25.4405842,18.0619488
105.785591,34.2661171,18.5184155
99.9231262,1.66853547,15.2451172
106.649559,1.44513965,11.3973894
116.654907,14.6909609,1.36985683
52.5535088,41.565918,18.28088
98.6878662,3.3941009,16.315712
104.207664,3.15399861,12.7525578
105.99234,2.98240805,10.0202827
28.4079418,15.9605837,4.23618555
27.5120583,17.9642735,4.12793493
101.193802,21.5012836,2.01951051
101.30645,23.7644939,2.26912045
95.4702911,8.46111202,3.30954599
95.1093674,10.3325624,3.90327096
116.50528,14.0524397,5.51015234
3.25886202,38.1143913,12.7584658
101.469032,16.9379272,18.5456467
95.5778809,24.0142326,2.33345556
107.435448,17.4506035,1.45610774
98.9063263,22.1451283,17.7000713
97.0592422,31.9459229,16.1221905
114.237602,11.1331062,18.4805374
54.0414734,39.654789,17.8937912
110.461319,14.3399124,18.1071625
112.026779,14.6756821,18.7444687
116.816231,15.8547106,12.1667681
108.973534,6.21637774,18.732029
96.6256638,15.4016237,1.37005424
94.5126114,1.45479143,9.25786877
112.179245,21.9822407,1.6501838
110.989502,19.9699764,1.40670216
110.647263,21.9951496,2.02049017
106.85025,15.3903999,18.681881
113.1474,15.8682423,18.7130451
92.8570023,23.1261387,1.35320354
116.810493,19.9989319,16.3269062
116.945602,24.7770195,3.72114778
118.157471,23.8881207,4.81681871
102.079079,26.7236805,1.8478061
113.050156,19.9623375,1.6547401
107.210136,24.2616329,18.4162159
86.081543,11.8063002,17.0129948
110.144295,13.6579237,1.73607016
12.5953999,3.19681263,7.25421619
87.3046112,16.5125732,18.5572796
7.3284812,55.1706619,14.654604
7.39497328,55.3686943,16.7813225
111.690414,4.52828026,18.5473328
117.944969,5.78761387,18.723053
118.510788,10.0147753,13.3609161
4.23689651,54.3944321,1.53038323
12.4689322,8.81645012,3.06063485
10.8329363,7.75073767,3.28875399
12.7924147,6.96016455,1.63403928
12.5526924,5.63869047,3.49984789
107.696793,8.67544842,16.8031616
102.817032,12.2484674,3.63400841
12.6493473,8.95014,1.40101445
116.273895,18.9834366,18.5980282
110.433243,18.1496391,18.5820065
109.258621,16.6416683,18.4269543
3.64630771,50.185421,1.43662202
5.3628211,52.0142937,1.58274281
49.1153107,23.7923031,7.34036827
50.8284912,25.4973793,7.2122221
114.14373,25.7161121,18.4136658
115.09082,24.1123447,18.4114933
87.322258,7.24826765,8.71824169
85.3828201,7.08806801,8.56470203
99.1788788,23.8229504,18.2575817
102.732239,24.6062946,1.52499914
113.329941,23.9626026,1.58808887
117.414337,3.87888455,15.1303892
116.913994,12.3673725,16.7315674
116.023903,10.8214169,18.5270557
111.293953,19.8378887,18.5827808
118.099609,33.9256554,2.54188395
117.214012,36.5407333,3.59545445
75.166008,27.0714474,16.6644974
115.094788,20.7006645,18.4582405
114.11972,18.6937542,18.8096237
112.883865,2.61424303,18.5995026
86.2101974,9.13091183,1.50583994
22.6123543,36.860405,3.72779989
23.8355331,37.8534355,1.6355201
25.0581055,39.9793663,2.30532789
114.11676,10.2227478,17.1305943
115.884819,7.45536709,16.7960091
77.4877243,19.0644627,18.5462379
118.493637,19.9993801,8.55489063
15.2089596,4.22057724,16.7778435
12.6529236,7.20519543,16.5775642
14.8298445,8.10307693,16.5900784
109.904587,3.79573202,5.4960885
117.516083,44.0180473,18.6790543
34.5526123,27.2057152,4.0864954
37.3778725,27.7185726,2.20535493
34.8260803,29.0218735,2.07527232
16.6194038,8.56630135,16.804985
16.650074,5.6237154,16.5559216
76.1329498,19.0459805,17.2783699
104.604126,44.5429192,18.1134357
105.058022,42.4663506,17.8670902
103.184441,53.1470222,18.3447132
114.278381,49.001709,18.5131302
99.0335541,47.7779579,2.02055097
106.92083,54.4395256,16.7575226
111.673256,55.6372108,18.6076889
76.6664047,17.7508945,16.3904667
31.1316357,55.7499809,16.7027569
118.396774,51.5885963,17.3276844
118.140083,49.7917862,17.4216652
105.299507,51.8835564,16.5150814
107.662529,51.2742729,16.7663612
111.287483,51.7557373,17.1725578
112.759186,57.4167862,18.6612549
7.14726162,14.3968964,5.02447224
116.906006,23.6663055,12.7852106
101.646774,52.6476364,16.8461437
93.6172256,10.8862,5.95671606
115.10482,47.3787498,18.4349728
114.257133,45.4919357,18.4165211
117.541008,47.354496,18.5944443
118.252548,43.9802437,13.3414001
28.4802132,56.9474258,16.7923489
30.1491051,33.6032982,15.8616762
31.049036,35.2866859,15.948307
118.44059,50.0153809,13.4022264
29.0696545,45.9263802,16.0408459
114.07045,55.9527054,18.4946003
113.451477,52.4123039,16.9087772
82.8201828,14.935483,6.09193993
82.8453827,57.0195656,18.3270035
85.0225372,54.3554611,18.4412308
80.9874268,56.4514847,18.5393581
81.4001617,58.5167236,11.3754587
82.910675,49.4710083,1.63913476
80.7501602,50.569397,1.40290523
78.6349411,51.4271965,1.24255359
80.0534439,58.4199333,11.4456558
80.0444031,58.371666,8.47611237
74.803688,53.3060379,18.34725
82.2424622,41.3904839,18.3715954
81.1139526,41.5799828,1.51358557
82.3267212,45.9151726,17.9821377
83.7803345,46.5649185,18.4616737
82.4740829,44.0471611,18.3212929
79.7086029,53.9968491,1.20307314
76.7363739,44.9552803,3.54889655
80.7968597,48.5281258,1.47129548
84.4509354,51.0617523,16.7970409
83.9128647,42.9692764,18.6025238
84.0929565,35.0712471,18.8973942
88.5143661,36.957058,18.36063
37.9582253,13.813962,16.8954277
88.0065231,58.181427,6.53156281
35.5979271,13.0084448,15.5891333
91.5969849,33.7413979,18.464407
108.974777,6.63876247,17.1993332
87.19561,55.5687752,18.4663506
74.7186127,47.6871986,17.5878048
76.4498978,46.6844444,16.1161461
80.9591141,45.0973778,18.4620686
87.2115402,58.4341011,9.96809864
78.1223984,49.6249962,18.1860771
75.8790588,43.7979012,18.8860035
79.9346085,48.4231949,18.1555042
90.7920532,41.4398613,1.92066145
79.8915558,42.7586212,1.66846979
78.9251022,42.0692673,17.9627571
80.1546478,42.5712204,18.3063641
5.0920701,56.6906166,12.0984993
7.21140718,56.6409988,10.6243811
82.4752274,34.5981827,18.7827568
88.9692078,38.9323997,2.11488938
87.5391541,37.879406,1.91540658
89.2002487,36.7098198,1.97739506
82.8832397,36.118866,18.0657768
71.0281982,27.2296047,18.4264984
33.0249405,22.192028,16.4489689
33.1149216,23.798811,16.1755142
73.2625351,54.2526855,18.6801949
42.083683,16.4530754,10.2860298
72.3959122,52.4686203,18.3836842
43.8628426,55.2074471,14.7932224
68.8966675,57.5930405,18.7591705
57.1359863,50.7071037,16.3901176
64.2758408,48.8705788,17.8610764
54.4810638,41.2277184,16.1252136
74.4469757,56.9359741,12.7449179
72.1773148,56.5706024,12.7088776
74.0815887,37.7020149,18.3001213
77.6347275,42.6363754,18.7973824
62.2660332,56.7915077,15.0336285
73.3403549,41.9967766,18.7879505
86.0557098,53.1623154,4.28038168
75.7257233,41.7278023,18.5148754
78.6813202,34.5055656,18.6544514
87.5641785,51.4627686,3.35338521
86.106514,51.6210709,3.0897193
16.8096523,41.9575462,1.90648377
18.4509335,42.7037048,1.91691017
86.1932983,49.7562485,3.62095451
74.9010162,38.5673637,18.9024048
77.0516357,36.9835777,1.98725951
77.4932938,40.9012108,18.2896881
68.2689133,36.4470406,1.71104848
84.4020462,52.0428772,3.52000952
28.4708347,56.815033,3.19088459
63.3745842,35.9067078,1.29142761
73.3748932,40.9785652,1.66012406
24.9115677,55.1581917,1.654778
80.4170303,40.8159943,18.0161419
74.5238266,49.987709,17.9780674
73.1668549,45.3632355,18.5456924
78.497612,51.7117844,16.7397842
72.1659088,58.5863457,15.2430363
70.8131714,54.02528,18.3839893
76.8111572,50.7645607,1.97873163
75.048317,51.1887817,1.3588382
65.9135437,56.9104424,9.98413658
68.1449966,56.7649612,10.0416069
58.8131256,41.8862419,3.98570991
97.2485123,48.6824455,4.35205984
3.13204479,44.9744606,11.5104313
1.80288577,43.9045029,13.3040686
114.338333,47.6170311,16.6598663
112.48645,45.4174271,16.8922081
113.026764,44.1743279,15.1882086
1.45672023,37.3658218,11.3467999
112.757805,41.5287361,4.98600197
1.53301561,37.8958244,13.3200607
7.93871546,26.4012375,1.39950323
6.47217607,24.8520851,3.22254324
8.92819405,24.3500099,1.34256458
83.313385,10.5814886,1.29805696
1.51125169,33.7766647,13.3484316
3.29314065,33.9207649,12.7848463
2.9508934,34.3247566,15.9686279
1.79893696,19.969368,15.11022
1.71826756,22.4200859,13.2940445
19.6276608,40.9944344,1.43566513
3.18377399,52.6270561,6.95244408
20.1882839,4.87453699,18.4403191
101.754196,56.4635315,5.45969105
12.075449,1.56705892,11.5441027
13.6339808,1.52415371,10.9757643
16.0662136,1.54266751,11.2829351
7.35124779,4.53209209,18.5568848
8.52881813,6.22343969,18.4770126
27.3399048,8.00308132,18.4063759
113.370224,41.7632217,14.9415302
9.09568405,9.94769859,18.2069912
16.1514854,2.42716098,1.4442538
16.6807079,4.7605834,1.56972694
15.2551756,12.7635584,1.98299181
13.6924152,1.5478617,8.54293823
1.69683015,13.7216587,6.51531219
33.428196,18.3912678,15.6092415
34.9031296,19.2402763,15.5514221
101.422821,9.17247295,3.98779058
24.0644817,12.1431179,18.6878033
24.7861919,14.17486,17.9721432
20.3284435,12.2476549,15.9615812
20.1406937,13.734333,15.7202339
18.4679661,13.0928278,15.9329529
16.6662655,11.8760271,18.7599449
12.4259815,36.0556679,13.4433088
10.4010897,14.8865023,2.41194558
11.1844778,17.1196938,2.23070312
11.9775801,14.4041109,1.17807424
13.194767,13.5858202,18.0421448
36.2723274,17.9984837,18.5523586
2.94869137,12.6639576,5.40026903
4.37597799,13.4061956,4.37689161
1.52004528,7.24752331,11.8873444
1.45944643,22.6365032,10.6992722
13.0916586,16.2270451,17.5557728
3.56531167,18.0550213,14.4900904
3.16154695,17.8331814,12.7205725
14.0677938,43.469223,5.54165173
37.9353676,24.2757416,17.712965
15.3321247,42.8190536,4.52787256
53.6935654,51.5293808,2.82274985
116.535675,49.9263954,7.19669294
116.782959,51.532692,8.50813484
59.2865067,46.3117676,3.91905117
16.9664268,16.3350449,17.9584293
60.0349007,48.2069054,3.99974322
60.7558899,49.7446594,5.87282705
61.9090195,48.3319168,3.79783797
1.45997036,26.5722046,10.8617496
1.52122235,28.51301,12.9936314
3.18144274,27.5492077,12.7691574
1.75917566,18.4002361,6.61378908
1.41129386,23.4722519,3.27380943
28.2593765,2.50113273,1.3402257
58.0517845,47.9930611,3.87723184
50.055687,24.2663555,16.3030319
39.4667282,44.659729,16.3140717
37.9205742,46.1430626,15.6658764
47.2799072,25.291502,18.6417847
37.3430023,28.8046303,18.2392197
28.4777908,4.4641881,1.43977344
49.4545135,39.9984093,5.82291222
84.4396591,37.4798965,14.8637533
84.5879364,36.1040115,15.7676802
85.8270874,37.5728912,16.118288
24.0055599,26.5341759,18.3280983
26.1358471,27.112402,18.910759
26.7023411,24.9275227,18.0892258
84.173851,38.9250793,16.1192894
15.2447796,22.910223,2.01290393
16.4531517,23.5197048,1.7271626
117.020355,48.6712532,14.5875502
16.0031776,40.1808281,13.8301249
39.9262085,30.2807751,18.3367405
29.6056671,28.9375896,1.54226005
25.8876114,29.583683,18.5261917
25.7547569,25.5974655,18.7243748
38.6064186,35.1579552,1.76483572
21.2340488,27.7307987,18.6175442
29.3599453,35.4972916,1.71135986
27.2084408,34.4302979,1.48977137
28.851696,33.9638062,1.90286911
21.3759918,29.6328526,1.69004393
100.979828,28.4513569,4.68042564
103.062119,28.1530247,4.13782978
101.868156,26.2850361,4.53721333
109.513412,43.7687721,17.7908478
108.881058,38.1670761,18.4094582
106.59391,30.9042149,1.33951938
116.705345,34.1174774,7.32115602
114.303658,36.9408989,1.46654177
106.794495,38.3070488,18.109623
96.4367447,43.8952408,18.5576286
95.2630539,44.0063667,17.6963501
101.702438,57.1289635,16.3019066
102.832359,42.509346,1.41179764
99.6926651,51.538723,16.6834679
99.1974258,51.3809814,18.5964642
97.9772797,56.8900299,14.6108179
103.06678,47.9436111,18.116518
97.4934311,42.9276314,17.931076
95.8475189,42.103363,18.1893578
90.9887772,51.6107101,16.7070847
93.2933578,53.9183159,16.641777
93.0404434,46.5328255,1.88514507
93.0088959,56.4060287,18.4923077
111.072144,27.7261124,18.5913467
116.975929,23.3916817,16.2985363
115.732391,25.7492294,16.5259857
105.179863,38.1465149,1.59739888
108.710907,41.0989876,1.8524611
108.27607,39.4973984,1.69876921
98.7515488,31.9246464,15.9438572
93.3718796,28.9270573,5.98566389
111.628311,23.6876659,5.69465256
106.061462,45.5924187,16.754425
113.834236,26.2171402,4.64468908
109.801796,40.2994461,1.5639025
107.373466,51.0462303,1.37275016
8.11319923,18.7846069,3.18750525
9.1683569,17.0302391,3.51886296
26.3693428,56.5964355,14.48596
93.4434128,38.8755684,1.83827579
97.2474442,45.446846,18.5024071
92.6854095,46.2987213,18.3311501
89.059639,50.822319,1.99027431
85.786232,51.7373009,1.36691809
93.4109879,24.9907398,18.1012993
95.1307678,25.9379902,18.1694927
108.764702,21.3135185,18.3554211
103.961731,26.49506,1.89142513
92.2336121,10.0232115,3.29119921
5.24901247,16.3376865,3.60112691
7.92385435,15.569417,2.90313077
99.3975983,42.651535,18.3623314
98.7443619,40.1640778,18.196558
97.3283691,50.615963,3.45177126
99.1423111,51.3629684,1.40869939
96.1012344,36.243679,18.9242001
99.084671,32.4926186,2.24658942
105.767258,32.0305786,1.76074266
101.109802,14.7302589,15.8406715
92.3788605,40.9571495,1.20493364
90.4495392,39.6392365,1.4591074
12.0482941,2.55439591,1.34438705
85.3918686,47.8607178,18.6908264
89.3054962,50.9758492,18.0016994
101.974266,34.0223846,17.6862049
12.5945272,1.45899081,3.29140425
14.122736,1.77756798,2.59185886
22.6025505,44.705761,16.0537701
89.6575012,56.5330124,5.62459898
93.6518326,39.9949341,18.6109085
92.5780487,42.2498055,18.5152111
14.2301435,31.6862907,4.27168655
9.44225216,2.64290977,1.354092
100.255737,34.149189,2.00183964
88.0062943,41.9884377,1.5239892
97.4045944,37.152874,18.5909672
97.2537384,22.6772671,18.7085648
92.5925064,35.4464607,18.3973846
116.705528,41.2612228,3.9517653
114.791504,41.829834,6.3080759
112.458565,42.7038116,3.46866751
91.5045547,40.1171036,18.2654476
115.589584,42.1544724,2.71696758
96.8842621,38.2502441,1.90580034
83.975174,36.705719,1.60367143
82.7030411,37.6605377,4.0555048
84.3889236,38.7499657,3.98675776
82.4300232,38.0929146,2.07635045
73.0679474,39.3013268,1.46954894
57.5912628,45.8281784,3.80143762
67.1897659,38.0573006,18.1661358
60.1480942,44.5681305,3.88948059
13.2366552,33.5181389,4.29578972
68.3358154,40.9429169,18.4939327
71.0973434,35.8881187,1.05718768
93.3380737,30.9264641,3.73243976
57.9958382,42.0187225,17.8375359
69.3891678,37.7338486,1.7169261
67.2631073,42.9402199,1.69289923
67.7548981,41.1440201,2.09885883
53.9029007,46.3295097,1.94800687
53.4808388,47.8438873,3.77695489
53.5922279,48.1377411,1.99163353
57.1623917,31.7659187,11.46455
66.2622223,39.4599609,18.4826183
60.0268974,32.9546013,8.61017418
59.0599632,32.6214409,10.1147738
67.1629868,43.4694519,18.7568321
62.0459061,41.8419685,2.07171082
60.3835335,41.0273018,1.90934658
67.4185944,46.2182121,1.33819056
63.5975723,38.6435318,18.5913315
65.2330551,29.0447388,5.34695292
65.4671936,41.3331795,18.267149
56.0520859,38.9052773,17.9946976
60.6019325,47.2947006,18.1286068
61.6839066,40.1542358,15.9183722
61.5228539,38.3861618,16.6850014
63.3961983,38.2995605,16.6758137
61.6350784,40.1505165,17.9590359
63.0217133,41.3976212,18.1793499
1.68121719,55.2645378,14.0447264
72.7189941,31.6167908,18.2909336
53.1369438,30.2408314,6.30227423
70.3560638,35.5598679,17.9080067
68.8325119,35.3636246,18.5183697
87.1041946,53.6043854,1.63014364
73.0314407,21.2222862,11.5390301
71.1753693,23.3748379,12.7612143
71.6751175,33.399128,18.2532368
69.5551453,25.2899761,18.5892048
60.8952827,31.4084167,13.3715773
73.9535141,36.1643372,1.13201749
62.6460152,40.0646744,1.72118628
63.9479828,41.0493393,1.95104444
63.2978706,35.8816338,18.7626019
77.4032669,33.5032692,5.40532684
70.4055328,32.4342079,16.5720501
65.3738174,29.673912,14.5288191
63.6916275,30.882618,14.5165634
2.74940586,7.55272007,16.3396187
3.36083984,9.97365475,14.5572205
53.4851227,29.233736,1.35596776
47.7736893,37.0233078,3.8217814
53.0166969,25.525856,13.3543549
55.2873268,30.4936314,16.7093773
39.9288826,32.1725998,18.3524284
43.5147781,17.5221519,9.95829487
26.7958889,30.7265339,1.63716793
15.639493,38.3664474,13.4467411
1.43075681,31.7987709,11.0292244
69.910553,29.0721607,18.4276085
72.9674988,22.2989407,18.6228294
76.8936081,25.2520142,1.47690737
78.5699692,27.9577942,16.0920429
77.138237,27.5492821,18.3369522
77.5434036,26.210495,17.9559536
81.7902756,26.3620987,18.3317738
76.6827316,38.8946457,18.3197136
82.1514053,30.2259769,1.66110373
79.6158981,30.4152927,1.52316141
80.6081085,31.9625702,2.19447279
30.5841866,20.8713589,3.75167513
75.271637,23.1873531,18.3996162
78.4397049,14.3067503,15.4561348
76.8687592,15.3892603,11.4567432
75.5976562,57.0472221,10.1114168
82.736908,20.6234341,18.3021259
85.7697525,26.8827019,15.8937378
87.3135834,25.9041748,17.852663
72.3759232,21.8260345,16.2676125
73.4039459,20.939703,15.0258522
73.9502945,20.0738144,16.2556763
74.2268143,22.006464,16.644268
73.5832214,30.0794849,15.8761349
82.5418091,47.8609276,15.5690403
79.7440491,26.1844864,18.0346413
88.9138184,35.5265923,18.3612671
87.8014145,33.8182945,1.80085337
91.2146683,18.440218,1.8162992
90.6360779,19.8295135,1.73701179
35.6262436,35.1403351,13.8905411
104.726585,37.6434364,3.94357157
102.73349,22.4510536,1.58515763
106.048248,19.8351479,18.2991047
114.534843,20.0304699,16.8186684
109.434525,15.7143154,2.33433628
111.047173,16.2648773,1.43784463
90.4474411,7.47561216,18.6741638
37.4941254,38.2050323,5.80466461
44.8080521,34.4775925,6.56575775
111.607475,36.1532822,3.4572084
38.9362144,13.5504866,12.8103619
53.9245491,46.0008469,4.14837027
56.1753426,46.8251419,4.42717838
108.355927,54.3275337,6.10253334
105.700661,8.05345058,16.5546303
62.2821655,32.3947639,7.44620371
61.2165184,31.2484283,11.4527187
104.244904,33.8992119,15.7258072
102.860367,35.7733154,18.080265
117.044441,32.6887398,16.0026188
117.009666,42.9962959,16.8614826
112.270279,34.0193176,16.7437172
16.9439487,14.2079086,16.0454636
15.4619188,15.2150126,15.5343666
106.696182,46.476387,17.9976292
92.7075882,39.0815277,17.94804
97.1232452,48.6975746,2.0306735
99.327858,49.7414856,2.02841067
97.3377991,50.4025459,16.1965351
97.8486252,48.8379707,17.9585209
94.2970581,41.9190331,18.185318
96.8787842,54.0850906,17.1051998
95.0924988,53.2905159,18.3835335
97.1880493,52.3841438,18.7274284
92.9155502,44.8728714,18.0520611
97.5262451,30.7070026,1.46096027
97.0412445,35.1177521,18.0324078
99.6771622,37.153511,18.2582188
86.5295181,31.503521,1.75942886
81.3115768,26.4999199,3.68733239
71.1636734,39.1248131,1.12607157
92.5078964,2.04917717,7.89700508
95.6344376,6.75218439,4.54397154
83.9272766,45.0543175,1.43746483
85.9768524,45.9587936,1.86461127
63.579071,47.3469315,18.4541245
60.1260719,58.3604584,8.52655029
64.4494324,36.977623,18.6071415
67.2886047,33.9837036,18.4941902
59.8254395,39.2684441,18.0220356
64.0056,40.1387291,15.5677338
69.665741,35.7977066,2.08301044
69.1481552,34.0355988,3.6962173
29.4933224,17.9506588,5.45338821
30.8295059,38.7923546,17.9749088
20.2808838,25.8891773,17.6849747
35.303627,34.719532,18.4189358
22.887085,27.0578842,1.7774111
21.3748074,25.824955,1.65184689
20.7323608,26.805275,1.14400816
71.1256256,36.0050926,3.06056643
71.8660736,37.5699577,1.68374097
71.4866714,37.6427231,3.96558619
17.5177402,41.3782425,18.5924854
1.48782468,34.3788109,11.2568426
4.60399818,35.8946495,18.509697
3.15230513,43.1548233,18.4810982
3.01719546,45.4824142,18.4868393
105.058449,36.1372261,15.7000647
87.8417664,10.526145,17.0637684
96.7994843,41.4119148,18.6200352
82.7108917,39.6354256,18.0705299
82.2855453,47.446167,1.71319759
82.0377579,45.8524017,1.91415358
49.7523766,42.5714188,18.775528
32.0048294,40.82547,18.7992363
72.0040207,23.4875221,1.44671416
105.83638,46.9596291,1.24983609
82.2487488,47.97192,17.9464149
80.7001648,48.7402954,4.39618778
97.1076736,54.4954185,15.2734118
76.8762512,48.9300385,4.24198723
55.7796516,45.2185745,17.8935928
99.0620422,56.2497635,16.7396774
50.9246597,46.7792931,1.45038962
34.0546532,41.7562943,3.93208218
27.0780544,44.7781296,1.87310123
102.655647,5.14506769,3.28471422
5.84544849,46.1674385,1.44426143
6.66078472,43.9694023,1.68211591
75.8335724,45.9578819,1.55570114
76.1832352,48.3044243,18.1522694
83.3182907,49.5222816,16.9141083
71.7201157,57.0832481,16.2781391
71.4180374,56.301342,14.4850788
69.6156082,55.6488457,18.6220856
70.9386673,55.8868675,18.9363499
69.1528015,56.9404373,17.0607758
64.1130295,47.5716629,2.17949033
45.0008659,18.6311512,3.53271413
35.3879128,52.4549637,1.45146036
78.8413391,48.1302223,3.94046569
43.4535446,38.8614426,15.9478664
41.1887093,57.5613708,1.28873932
45.2045174,20.7748947,1.48210907
46.0859642,18.9200134,1.33982313
102.837097,47.9031219,3.74169683
35.2804871,52.5800362,18.4363403
36.336277,56.4572716,5.53928995
20.2054539,56.6702805,5.41393042
104.827065,47.0088692,3.90295219
10.7140398,44.0742569,2.23712754
9.68112373,45.8076134,1.96244287
99.2648163,53.2629662,1.719751
98.9947433,54.4920158,2.74322724
107.44603,51.0979576,18.6061382
61.5307236,36.6674461,4.05589962
106.83477,42.3015633,15.7250633
104.874451,46.8418198,18.2609081
43.6095123,41.1589317,15.5237961
70.5434036,55.322464,2.69135356
51.9229012,30.8934917,4.61710787
52.3462067,29.2723885,8.65444565
1.51248181,8.42751598,13.2148409
49.9255829,51.7138824,16.5925388
50.0000191,50.1186409,15.5419302
38.0101509,45.7971649,18.1322212
39.9478264,58.3239326,6.63154364
40.0807571,58.4340591,4.70152903
30.1493855,57.0611649,16.3270435
40.3720589,29.7693748,5.68377781
109.264366,11.1331291,15.7858591
26.8225517,48.998291,2.21094394
21.0308743,53.55867,1.40417349
51.5044212,49.5031433,13.5125952
7.3759656,2.51953268,1.44102645
3.2092514,6.97579288,9.04528618
52.8554649,41.3432198,16.1951981
101.795403,5.8669467,18.5642662
1.44990098,11.3733377,13.3383474
1.60211205,12.1239061,11.5594425
2.34217811,46.8408928,1.44253755
61.783947,54.6858559,4.47151852
22.0855312,1.59495115,11.4499693
25.2273045,2.31042075,18.7590942
6.0383625,58.1303024,4.75887012
10.662014,1.4487164,3.32566786
33.3630638,9.21729946,18.5101986
31.4271717,15.0243912,17.8736668
36.1670952,14.0663061,1.50464761
72.4712372,19.8172569,13.3410501
68.9194031,27.0633678,18.3932686
1.46469378,13.3931646,11.3615923
18.8556328,40.4646873,15.3437757
99.797966,10.0259686,4.04161596
96.4909058,17.2983017,1.67296529
31.8022556,5.90758896,14.6423321
47.1922226,44.7957191,2.09386206
36.0920982,10.9484234,9.15584469
53.5676918,43.4399567,17.7835579
61.5939178,35.0985413,18.4280033
8.01703835,14.4852962,18.616209
108.114304,1.7900902,11.5358858
109.519028,27.4148483,1.83587611
110.357605,25.8547993,2.17345309
108.609001,26.0160999,2.26453376
104.668457,29.9444275,17.7655754
118.308319,40.0289993,4.75652361
47.1218643,42.61446,14.1384497
54.1041145,58.101841,11.5780325
55.9069595,58.3954811,11.6241264
8.55255699,3.64598131,2.11667395
8.67348099,1.72099388,2.77442265
23.1015663,7.6433301,1.41606545
20.8407784,8.54467392,1.39439261
26.3335762,18.9286995,1.96052921
93.0979996,52.4423141,18.3560276
13.5227537,3.44082594,5.32045794
11.5872335,2.97665191,3.62619424
11.2473249,4.48087168,3.13194871
13.3859653,3.4521482,3.04603934
26.3202858,29.4524918,15.7362413
37.5599632,9.78306389,11.624218
29.7591228,11.3054867,1.50280237
32.0742531,11.7979622,1.72246206
57.3065147,41.4010391,1.68772018
55.5938148,39.7047424,2.21616101
100.863579,31.9449978,15.449543
108.077461,58.4120941,11.4962769
6.92899942,5.86963463,1.53823531
4.19785643,5.06506634,1.61368012
21.0835686,17.7690353,1.888623
52.2421608,26.7262154,8.74585342
50.7610817,24.8913059,9.8240881
11.9598255,56.5313416,12.8085699
65.5970001,36.6830711,18.6752586
64.3606949,33.9291344,16.6013927
103.108231,32.0259933,15.5919428
13.8072109,1.65267193,17.2717171
14.6970358,3.79084158,18.5081024
68.098381,45.3768005,4.32976437
9.45042324,58.3868217,8.93058109
40.4758644,12.6465139,8.49807358
27.2168236,46.3622818,1.67663312
50.1711769,46.1096039,18.000742
107.931747,56.6354256,7.17786026
117.571945,12.9932947,1.25337481
59.6022644,52.3959618,1.4082514
57.8292694,42.7624512,1.29255152
84.664093,41.5111046,1.66432357
65.8948746,36.9737663,14.899065
17.4871979,1.53910601,16.8974781
15.4429951,1.65801799,16.6045074
43.2023621,57.4126854,3.71822405
45.2292595,56.2414703,3.31378341
86.1812057,56.662262,7.05744457
101.555496,42.8420639,18.3077927
19.873291,19.6940536,2.99570751
18.5189133,21.0153389,1.77543676
57.1890907,46.1076317,18.0035973
45.2104568,33.0139847,5.47869825
46.8296165,33.6671448,6.13403988
76.8166199,43.5339241,17.9711876
40.1865005,52.3362732,1.40401399
39.4470291,50.5730858,1.3335582
73.9730759,43.17033,1.36221743
70.9832535,45.8565178,18.3743286
89.3421326,42.970871,16.1163292
68.8489914,44.5519409,18.2280102
102.358261,25.1025448,18.0372677
17.5258884,33.618969,2.24035501
91.4950485,37.5606499,1.66173398
92.945549,35.1182404,1.87361753
89.189949,20.3957405,3.69993067
89.3685532,20.847765,1.4331516
83.1624832,27.791193,17.7428093
95.3525543,42.0048866,2.08780956
45.9015045,39.9201775,15.3889894
45.0664291,37.6389999,15.9862461
83.3344269,41.9089012,1.53453708
46.8701897,38.0071068,15.9269533
22.2755222,11.1813269,16.0201149
116.381485,27.5051174,14.5907545
87.4965363,49.9579697,1.82293618
86.9012527,47.7431488,2.16949677
24.3826714,12.2634811,15.6343164
87.3539658,32.2899551,17.9335518
89.8796692,30.5218792,1.42412245
38.1967468,37.6883469,16.9321213
17.3939381,13.4310961,1.72622859
89.4758759,30.6539516,16.3020134
89.3769989,5.42922211,14.5533934
1.39020574,2.86289597,2.90125513
10.5506201,18.79533,4.15272141
11.8681297,20.4287739,3.6460979
10.0446339,20.4008369,3.9435792
6.71096468,1.48625278,3.34200215
37.7567749,11.8647881,9.82342815
36.233181,10.9540882,10.9439917
36.2779846,10.8723936,12.7716026
7.35539389,1.44747853,4.77077723
12.0875082,1.45030355,5.17745829
19.4088364,1.73910511,2.66195011
63.3151855,33.4765091,5.81440735
2.77035737,1.39772367,2.84114218
5.54780006,1.36768997,4.75865746
5.75956202,1.65506399,1.37445116
44.5027313,42.6795235,14.8397112
44.7714615,42.8459358,17.0431271
45.4099617,44.2656975,16.1253204
46.9762306,43.0213089,16.1845207
41.5054855,42.1700554,15.6956902
4.71511173,1.62831855,2.21734548
39.9022789,24.9683914,16.1596737
8.06305695,4.53945065,1.39865267
9.076828,6.29390335,1.53729367
75.4555511,21.3365955,15.3622446
75.0614243,19.7929325,14.4832563
10.0056324,1.72103941,4.89978886
12.6945982,4.93908453,1.57471609
18.8885288,3.3538003,1.37483847
18.7799892,12.3308306,1.42475283
6.45447493,39.1484604,17.0100784
6.69804764,19.5258808,2.85700583
4.30412483,18.3230152,3.28945279
4.93542433,18.9260426,1.58931148
6.68841887,17.6164303,3.10224915
7.61623526,22.4302998,1.4607172
8.86303139,19.7645626,1.3882947
8.37418461,18.0241661,1.31357121
19.3204975,2.97441173,14.959178
22.6281128,1.47166502,1.34845734
101.33918,11.4487219,16.1082191
25.3814068,1.44525361,4.67381144
5.77524328,11.0851812,1.52821898
5.04189014,12.8723555,1.59592569
11.0634623,5.98486376,1.5305047
15.9264946,1.47810459,3.17913675
18.0706482,2.02284169,1.32414949
21.3602505,1.4579277,2.70550847
24.8559799,4.75295162,1.57143557
23.3475609,1.48485553,2.6785655
22.3599892,22.5078564,18.3903828
67.2252731,29.4607143,15.8544016
68.8901825,27.9641342,16.8123665
67.8427124,30.3727207,17.1517658
21.5958347,1.74908352,4.80217028
34.6429863,9.08700466,5.36305189
29.7768784,15.8317242,1.25214458
23.5810108,3.50412822,3.66659355
22.8694973,3.85561705,1.60037577
1.51011252,10.4638376,8.8689642
5.61209679,16.0565395,16.6636925
22.0229435,56.8893013,5.38862801
5.70467377,4.21169281,18.3093414
1.8680259,4.4789052,2.68148923
1.4456408,10.6617327,6.6655941
6.50897598,30.7123184,15.8905487
5.36578274,32.3635254,13.6567421
3.21721745,7.6834178,1.50424516
16.6962452,4.84010649,18.4029884
13.4296904,1.4643445,6.66709042
33.2730103,25.8007164,17.8229389
18.8088093,7.85352755,1.38639629
22.9882278,5.98603344,1.20847237
11.3394308,3.61570454,5.43425179
30.8602161,6.80332899,3.12611651
14.061347,1.58321857,13.2675877
15.3641853,1.43105304,14.8131027
52.6987724,44.2152748,5.3488059
7.42012405,1.48970044,6.65768147
2.85909152,12.104784,1.47388494
2.03723192,13.7828808,1.26793218
3.7706418,13.7442808,1.34389353
17.4339123,1.58753192,2.70120287
15.7717781,1.59940112,6.67006683
15.4719276,14.3509541,1.66199219
21.1434841,1.53273475,10.3242121
23.385294,1.4504174,6.66353607
18.6108437,9.3074913,4.01345015
25.3997536,8.24751949,18.5187645
80.3926239,56.5368118,3.67024612
3.39005327,11.6081467,7.12840128
3.12249923,11.6670294,9.95160484
1.53047168,11.6972685,4.91594887
6.54862356,5.84205389,18.4642715
5.68755722,14.0804377,3.63065195
5.08777952,15.1142111,1.60063386
6.99264336,14.2727222,1.65199113
49.8007622,50.301609,13.2247276
2.80165911,1.61426985,13.492548
12.635541,10.4337273,15.8432083
10.58603,9.16611671,16.029623
17.485527,3.25615096,15.0041037
15.7773895,3.65355992,14.6904316
18.0094261,3.02320218,12.7176256
68.0003891,35.3148727,4.05150318
67.9087219,35.0554543,2.05878592
40.5213394,15.4348164,7.18063164
15.6787157,1.60101867,13.0830116
15.6720552,3.24394774,12.6352024
15.0233583,19.6459465,17.4640999
100.929993,23.8392315,4.59611082
102.85569,20.5862999,4.22947264
103.12645,24.393158,4.01673079
1.3333354,2.66666341,4.66666555
86.5957413,23.6896706,15.7340851
4.04234982,6.64173174,16.7750187
6.41305065,1.55108142,15.4612074
8.34043026,1.71385562,11.690588
9.44178867,1.51214778,12.8433495
70.5028992,37.9337044,15.9587107
11.3617945,1.41026115,12.7292137
8.01012039,17.7520943,18.5870171
46.7890434,27.0763531,4.79764414
6.64161015,1.45855796,17.3234768
8.5763483,1.45678866,17.2958965
20.6305428,1.45723665,15.3306084
19.4363346,1.70118153,17.3157463
25.8083248,14.8892212,1.53165138
23.8183041,1.53805041,15.3088293
4.64408636,1.412714,15.3883371
5.62178659,3.01864576,16.1717949
6.54712772,1.5069232,13.6216125
8.40781784,1.49960279,15.269372
9.51393795,14.1757412,15.990407
21.4946766,1.52233112,16.9336853
11.4944973,3.52015877,14.6091471
23.5169106,1.81016839,17.3362045
114.153725,7.92252541,17.0382671
112.429405,8.16568851,16.7211628
68.3575134,23.8816967,8.53551102
20.4612675,3.29694533,16.3517227
65.6635056,56.6946259,12.8346014
61.9094276,56.6571732,12.7465734
4.29615116,4.00159359,6.59709024
87.6532288,53.1393242,3.90261793
21.2017899,6.81619263,4.59295177
6.67661047,19.9665508,18.4240837
20.6307621,6.75449276,1.59919107
24.3922539,14.1023464,1.7520932
29.8732357,7.79622459,1.44644082
37.1914215,13.1326799,3.26121116
36.3976822,11.8344965,1.47795534
54.3367424,26.9050503,2.54768562
54.4552002,27.5960922,1.449615
35.3691711,17.6900291,1.30523324
40.5343399,12.6202469,6.62098026
56.315609,30.5859261,10.1583471
18.2313194,25.8273468,15.4824247
42.3132896,23.0683956,1.60655713
17.2469978,27.1572056,16.6409264
54.6190147,29.2355042,7.25867367
53.4682808,27.7587738,5.38709402
72.0704651,22.0195408,10.1107635
48.4093475,26.6683197,1.57361495
56.0128059,31.9419899,3.20717335
56.2992058,38.4733391,1.42717516
44.5784187,40.8618469,1.18862212
4.39053535,56.5655441,17.8979206
59.8548813,50.9809074,1.86554527
66.3256454,49.7348175,3.10786867
64.8958435,49.3516159,3.6248579
64.4654999,49.0114746,1.49163187
57.9549904,39.7570305,2.14981341
38.1159248,46.0261803,1.66584229
65.608284,57.0458717,3.51751113
63.4370232,56.7809677,5.17838478
63.6586723,58.3795319,3.08328724
55.9219894,47.2416496,2.27200603
52.1121788,51.8105965,16.772316
69.76754,56.9738655,9.73504257
109.60894,48.279274,15.8591099
53.4289207,49.8548622,1.89668775
60.8469429,53.851078,2.23266983
60.0067673,58.6022148,2.96283364
56.9179993,55.3930092,1.61834276
108.047997,47.4972763,16.2223396
110.352089,45.8312912,15.9766016
49.8048706,58.1504135,4.71626091
22.0636463,58.4046555,8.5156908
64.2401505,58.4940033,4.79003525
67.9363174,58.1942596,2.80514741
58.0944214,56.6415596,12.6892405
56.5250626,56.7338257,11.5215187
65.3351364,47.3264122,1.32917666
69.8464584,58.0287285,13.5399179
62.7659225,44.0119858,1.70070565
74.5449371,39.9132385,2.19628024
65.1320724,36.911026,1.38667727
64.97686,35.0728111,1.29477644
58.3041801,38.3080482,1.59220469
61.2180977,31.1244965,8.56812668
60.3597527,37.7012558,1.532426
51.415329,26.2630672,4.97618294
52.3227997,27.9530106,2.96360064
55.3550873,29.9004211,3.69800925
54.4947243,34.8451347,1.60858464
61.7136726,34.8961029,1.5453279
67.5734787,26.4883537,3.63043165
87.7912979,43.7282791,14.5777235
78.6948547,38.1644211,2.3447628
86.8113098,42.2195511,15.6215134
89.2038727,45.0579033,15.9998846
86.5981827,44.6574936,15.5501919
86.0741196,34.6291656,18.2366371
77.3909912,22.9159718,1.3337177
83.2155609,10.9674921,14.5664549
83.2500076,24.6664448,18.9072208
93.3194199,33.3655624,1.32754397
102.754974,5.09255648,16.6870823
82.5685349,28.5248032,1.85110939
96.556633,35.0274467,1.68876815
80.4487457,23.1305447,2.31804752
82.331337,22.038063,2.17952824
95.6401672,15.8985195,18.0162945
84.8079529,23.5533009,1.78612125
86.2310944,26.0374546,1.80070901
2.43505096,5.7162466,1.42022681
98.7479019,40.0425606,1.63674271
100.820808,41.0326004,1.56186736
95.8644257,33.6621323,17.8430939
97.5077057,33.4904823,18.204258
81.5076752,21.8824654,18.177906
104.815994,4.56551266,16.7526321
97.4022369,33.2264748,1.08483696
96.5771713,31.8060608,2.47355437
95.1812668,33.6298752,1.79502881
94.3238449,31.6326008,1.57918894
92.0774612,21.7873211,2.1133554
92.1992111,12.0624332,1.39976144
95.4731445,21.5573711,18.0713501
93.1483154,26.2294254,1.49924839
93.4731064,26.8071823,3.87434602
105.701859,35.2670021,1.73674607
101.381508,11.3875608,4.2273612
111.345718,27.9003086,3.31668425
111.962303,26.2621555,1.41204071
95.1527023,30.2106838,1.84545958
96.7962952,29.3487968,2.2270124
108.867584,18.9228611,18.2395382
106.504333,37.1288452,1.51658523
107.062103,33.5116234,1.9473083
104.096779,34.0890427,1.44009995
108.756546,33.7885857,3.95637488
108.725212,33.1856804,1.64112437
93.5072632,18.9384518,15.7083569
95.0529633,17.8626919,16.0333424
23.0738411,5.93717432,2.81086564
104.706047,47.1511307,2.08143091
117.706245,54.1577187,1.29331851
107.176918,32.4722977,1.58252263
115.845909,9.31108379,17.3766041
113.025597,27.9219513,1.69886792
115.330589,32.3130875,1.48465312
117.444901,31.9108105,1.32601762
116.106102,34.0035973,1.42143428
118.502846,49.9221268,4.60914946
93.7509232,56.5267105,12.7115355
92.0240631,56.659996,12.705658
116.019226,30.1705132,1.37511945
109.266129,31.6548672,1.86355579
112.196152,25.7353325,16.7091961
116.682442,28.2775402,4.94215488
116.555038,42.2277069,7.30094862
115.703323,30.2733173,3.32976079
116.338295,31.7517948,5.33433199
118.396545,19.6463718,3.27718091
116.173782,18.4177322,1.48509347
21.9566479,7.20905304,3.08566427
118.020027,10.1352434,1.55288374
96.9107056,7.63848495,1.41699183
114.30864,14.3669462,1.58751929
110.348083,13.9221897,4.21096611
116.740372,7.77405071,1.62879944
114.637177,7.98570633,1.58274281
108.777267,14.6975441,16.2899094
17.8722668,22.4772377,14.7577438
17.1895943,20.6394043,16.2922935
19.4112206,23.6192989,15.6202374
101.29187,5.6591711,1.64597678
96.7381897,4.59877396,2.11373496
96.5622864,3.31479073,1.46997416
101.417244,9.07923603,2.06093502
109.162041,42.7045555,4.74697065
85.8913193,18.6001148,2.33223295
29.6882267,26.257349,15.9679756
29.464695,28.2825375,15.5793524
94.6052933,16.7032242,1.51477027
92.4512024,10.1503172,1.38865161
95.2477722,18.5268116,2.04083419
92.6770325,20.1462078,1.73300231
87.34375,24.9031372,1.06136429
88.1231537,30.1920643,2.05886197
89.4451447,32.790802,1.69717455
30.0407715,3.36182714,6.58698273
93.2816696,30.6269932,1.46160579
14.7702703,5.78682375,1.6036942
59.9476776,38.2932281,3.32316184
10.2470713,3.34868979,13.0163527
8.63989353,31.8962135,14.2606659
10.2689486,16.3454018,17.8409824
9.52855587,18.0940151,17.824337
10.4615135,4.09475517,1.52622175
18.3708038,11.2002811,18.1616859
116.193565,46.909874,16.7639923
12.3659143,43.8234024,4.60624123
10.5508099,43.914299,6.66557884
52.2058945,27.2397041,14.5986223
49.4202881,28.6585464,15.4843378
13.9102974,20.4132214,1.96704471
51.2242203,25.5427532,12.6729736
19.9801369,1.71541989,4.68435144
25.556406,29.9924736,1.76081097
23.7939415,30.1238861,2.00347996
25.5717831,28.3323689,1.46657217
10.3394423,27.7564125,17.7509956
20.9111881,8.52666187,3.29658341
101.103951,15.2280207,4.05423689
23.0157318,25.1136856,1.58196068
27.120594,28.584446,18.1347122
33.6479874,26.301136,1.28917217
22.6176701,31.3952942,1.76001358
26.0873375,27.0180244,1.49856496
48.2031822,24.1712875,16.7823849
30.9481907,27.0825653,1.42892945
26.2132587,44.7666168,2.9933002
25.2983818,45.8843422,1.80498433
34.3882866,34.3697739,1.8006103
19.1544571,27.7879963,1.71266592
31.1024895,37.3052368,1.5324564
37.9996414,49.4507332,18.3339443
44.448967,43.0582161,1.2009393
43.8516197,41.5918884,18.113739
48.0001717,38.9662247,1.71224833
45.0841637,43.6621399,18.3611927
39.7154045,44.9602623,1.90652168
38.1876945,44.1307716,1.58015335
45.2851715,47.6492424,2.13300824
5.8538394,11.8965836,3.17826366
47.1873398,46.8464813,2.02810693
52.9415245,51.3348274,1.37360823
3.26524091,9.27581024,8.04446983
69.27285,55.8033981,1.48235214
71.1478577,23.4278889,15.017848
60.0280228,37.7348518,16.792181
25.0791626,34.4214897,1.5554049
51.6278267,47.3462181,13.2002754
27.1271172,33.0901794,2.10543489
70.0686722,29.4372044,16.6201649
45.4341011,42.0874023,18.0284901
17.9986515,25.8830643,17.7284107
42.3214378,29.719202,2.06675959
40.3344231,29.0885487,1.83775187
41.2416458,27.8746185,2.18059897
44.6938477,29.8120899,2.02560091
46.8216057,30.1085854,2.04745603
28.8916702,39.8677521,16.2472458
40.4674606,26.4517212,1.69586837
47.577755,31.7318382,2.13776207
33.9287529,14.785284,1.37017584
40.4085922,22.4518051,1.29880118
31.8345451,19.5747166,3.18713307
30.7912636,20.9634418,1.85769331
30.8732777,18.740015,2.11498809
34.2232742,21.892313,3.6202786
34.1805344,22.218523,1.69425845
39.4977798,20.7848186,1.319502
17.0919838,15.3265276,1.44011509
33.6229935,7.50620794,1.29811776
33.6594086,9.28084469,1.41848028
21.2280426,12.177928,1.9229852
8.11051083,1.7134304,13.3733549
19.2375259,14.4425049,1.62780476
21.2630119,43.634285,13.9926023
14.1152411,1.80566525,4.50311661
14.7027998,3.80469275,1.60168946
1.51575482,12.1046782,2.95413876
8.83419704,11.3513985,1.29259706
9.65326977,18.4217129,1.91684175
11.2246113,22.5989361,4.28543139
12.2285719,24.5271358,1.85011458
1.60660005,24.1515522,6.58432484
1.45336378,21.8474636,6.8355217
1.50192642,22.6449776,8.66864681
9.34637165,25.9959602,17.9801636
18.4791451,4.26544189,16.7982407
10.3621178,28.5220928,4.27459526
17.4352264,22.0335598,1.99475467
39.1645813,18.19944,3.07168388
41.5045891,18.0273476,3.21730351
97.3924026,33.1002808,3.22505689
18.0887375,29.3628616,1.66014695
19.8974247,29.7226276,2.03945208
26.6566868,18.8880959,16.1199436
98.1280746,34.4649544,3.99739671
97.9936829,34.4124985,2.04558039
16.6089993,28.8443146,18.1419735
6.62364292,4.43346357,16.9617519
39.4490395,20.588541,2.92776537
95.3694153,36.0873184,2.03812313
97.2838669,36.3635254,2.3718195
93.5137939,36.8878174,4.41209698
93.119812,36.9888611,2.26313639
95.2580109,37.8931236,2.19836855
20.8590565,31.1656551,1.62642264
31.9114399,43.7187424,1.27297449
27.6233616,36.7974663,1.60067952
25.6767693,37.7733841,1.76689363
27.6998463,38.9206924,1.71213436
77.0434341,52.6283035,3.10806608
34.5041161,39.5064201,1.05599546
35.6775551,43.1163216,1.81992912
37.9003448,42.2929535,1.70256615
30.8396282,44.6700859,18.0433445
32.2862129,46.0202866,18.385006
43.0596123,56.6255531,1.42591465
48.5478096,57.5266991,1.30243862
29.8377266,58.2730522,8.57279682
47.3310852,52.5026703,1.63092577
107.937691,1.57320237,8.56474781
49.1939163,51.5010719,1.44028223
1.63804615,16.3179283,3.07206368
1.4352752,15.7246046,5.09534597
6.85504293,19.882473,1.28166187
20.3823757,55.624897,15.2738523
18.1006145,56.4917946,14.6173182
1.42718017,16.1311722,6.88334799
1.73268068,26.0327072,2.55918264
9.50544071,38.0583801,1.98227036
12.5190516,27.3085041,18.1673965
84.8150101,9.33217144,9.97023964
18.4004803,31.2389355,1.71583259
9.34858894,29.7695427,17.9740429
51.5990906,56.2483521,14.5905418
116.758965,4.58328247,5.19743013
15.1679153,30.3955631,15.7828674
40.3491402,22.2434387,3.54173541
26.1170368,39.4969139,1.07886815
21.0438824,41.8173332,17.919199
23.3875122,40.9188766,18.5624294
111.130127,52.1586685,2.32463908
111.17276,50.4248543,3.31301641
40.3251724,56.8307228,12.7121735
37.6594505,51.8900146,1.65644109
47.6696548,48.902607,15.6698408
45.5224419,50.0326195,16.0866375
48.8852272,55.7197571,1.27526033
46.8457298,54.1783142,1.26134074
2.42118454,15.7050276,1.35285425
11.5923367,56.6901894,7.21497869
9.73823738,56.5416718,5.6697216
1.41170394,19.3144302,2.71137857
38.6824188,53.8714905,4.68230104
12.2724113,9.05567169,16.4482861
1.44955921,28.4495716,3.15074348
86.5484161,26.8441639,3.15634775
84.7246017,25.2594337,2.16399121
86.6524658,25.4252682,4.06144333
84.6633301,25.0683956,3.97781992
12.2834749,31.9208794,2.18166208
14.3255672,31.8883171,2.17051435
12.1857805,28.1236668,1.97086442
13.3449583,26.6880569,1.45663178
10.1402941,19.859129,1.57249868
84.7928085,27.5782604,4.7339015
8.88346577,27.7657986,1.40355837
84.9977341,27.7598534,2.46280146
8.61866856,27.8848476,18.1648293
86.4660034,28.9158344,3.37270403
15.1542158,30.3781586,17.9964142
15.9565973,27.9838638,1.80989003
110.941605,46.1225319,3.79562068
74.681839,47.4775162,1.955616
73.9150925,48.006897,3.04329801
5.46034908,40.5196533,17.1974792
6.9495635,39.5544128,18.5748672
10.8406134,46.933567,16.0696564
13.4086485,45.8596153,15.4371347
11.2688456,30.5060234,1.50893819
9.54965973,34.2505951,2.05425239
3.20407248,42.2347221,7.27331495
1.49338329,42.0841522,6.82987213
1.62374687,46.1264801,11.4943027
26.9720058,28.9319248,1.97536755
2.93717146,46.0958443,9.92896748
75.1016617,44.4632149,2.42365527
23.8195038,39.2575073,1.13815331
12.8560743,30.7953796,3.18308568
23.7875023,41.7490959,1.32310152
78.1353683,20.1465492,5.11575794
42.3540001,29.8693104,17.9118023
24.5290871,44.3320847,18.2798157
103.235092,14.4326105,1.82423484
79.5107803,22.0867767,3.86252236
18.5165062,4.24863672,3.20617843
34.623333,56.3107872,1.52454352
38.5646935,53.6315117,1.28573978
38.9978142,56.4784126,1.4263854
116.647591,18.4925251,12.7139959
40.5899086,53.838974,1.17720854
41.7424202,53.1597328,1.61196399
47.0338135,55.8541069,3.22196627
1.48559964,26.5493851,6.70338106
1.51925552,25.7696419,4.69438314
1.45363712,27.7529945,4.89451122
2.54792595,24.2653542,1.43735099
86.142189,36.1465683,16.7554111
87.3596039,36.0340729,15.5837116
5.84097576,26.3215313,1.47863114
8.90400028,24.2396412,3.79211235
9.18297482,22.3043785,3.29736543
116.84243,27.7087307,3.1898973
15.4561014,33.7327881,2.28044271
13.0392075,33.5073547,1.63223195
8.92779922,32.2737503,18.591423
7.63601685,30.7612381,18.6348743
33.6425018,33.6445465,15.9518003
16.7158833,45.7156372,18.2763081
22.6294327,44.8023109,17.9248791
37.6019745,44.2823906,3.92653108
39.349659,45.0561104,3.91271782
108.759163,54.5985565,15.6664543
20.7622051,43.8443451,3.74680734
20.7478142,42.0816765,4.20369911
21.2538681,42.2200203,1.53017056
110.710655,55.2695351,16.7133865
108.993996,52.6305046,16.8593864
2.53816772,44.0695496,1.32558477
3.2124939,43.1964378,12.0898428
3.2381916,46.0194511,12.9197588
3.00709558,43.9902992,9.94028187
33.2120552,44.2830734,17.6816177
38.1819229,56.1212158,3.73353338
37.2542953,57.1467476,1.5103507
32.3187447,56.7173157,4.95698595
30.8685837,56.8027916,6.11182785
37.9541779,54.0814896,2.70666265
37.0435448,55.0762558,1.56621099
34.1916161,56.9173546,5.41232061
110.268692,38.0208817,15.6836004
111.828003,38.1293831,16.4226189
110.780884,42.2645531,3.50261211
4.5424881,43.963295,1.47474313
5.6339674,37.6396255,1.44399559
88.9992676,20.0297623,15.9684916
60.2288475,40.7628975,3.76618695
3.02682447,44.5189362,3.65544581
3.77146196,45.5831223,1.52797592
2.98754907,28.7915611,4.95467758
2.90451026,27.273922,3.69617152
1.4521867,26.6206608,8.65163612
1.62584281,46.1810036,2.65339947
1.44892895,44.1987801,2.90093613
6.94554663,31.7159061,1.32070184
12.8162823,36.1134415,4.31459188
14.2342739,39.807518,15.6603031
10.4204531,32.7814751,1.75787973
1.54160428,31.0032692,9.87915134
24.9574718,25.9217987,3.8901186
25.1075268,24.1443748,3.72338796
11.2379465,38.0758133,15.6867905
12.405592,40.225193,15.8917332
10.1667967,40.0159378,15.5295515
2.55397058,35.4158554,1.32920694
4.61257172,35.569252,1.49867129
3.39960647,33.342083,1.37883282
18.4649582,46.5371857,18.3252583
13.0695982,38.2469788,16.0533447
28.8085861,45.8063698,1.96539688
14.8183327,54.1888695,1.59688258
12.9378748,52.9558716,1.62123597
32.438179,56.9460106,3.10565114
34.2515755,57.0342522,3.6980474
28.7220993,49.9214592,2.00683641
59.0895882,56.847065,11.2828741
57.6678696,56.8691177,10.1209393
59.9313278,56.953743,9.93703175
32.6887779,57.579628,1.37016058
40.1001587,58.0579491,2.92643642
8.03768635,33.7378426,1.41204071
1.71246588,34.0365257,2.65652061
1.45362949,32.4787216,4.76097345
9.51718044,29.909071,13.5073252
5.97985172,34.2061882,1.45659375
4.91935587,32.0770988,1.59704959
6.67005682,36.0373993,1.5880965
1.44797969,35.6882172,3.15622616
10.300828,36.7771759,1.81289721
11.6879578,37.9509888,2.30178165
116.824173,19.8174839,14.1747942
17.5936718,38.0637093,17.7604427
18.8639011,40.0710983,17.5519009
5.67286301,41.2726135,18.5165615
17.6453552,37.9586105,15.617322
19.821661,58.3503723,8.51509857
20.9841881,42.1134644,15.9388456
22.1099224,47.3195343,1.61376369
16.8335114,53.1376839,1.64655387
1.53582537,51.4950867,7.80183125
20.1887856,47.8114014,1.74219084
16.9286404,41.7143173,16.0331154
8.6255331,43.6274185,17.1496086
20.4478874,48.0028725,3.81694412
20.1703014,55.4268799,1.46531916
18.9235363,56.6584473,1.3986603
19.0073109,44.627285,15.7354822
9.40742683,34.140152,4.31637621
81.9927139,17.6888676,4.83325195
4.39461327,37.770237,3.27438641
5.03635406,36.0253677,3.27066541
8.93549919,35.7236366,1.41191161
4.37914467,24.7169056,4.50102091
3.09459949,22.5395756,5.2373662
35.4224548,42.6010361,3.99372149
13.10781,34.837101,3.27388525
8.92766953,32.28965,1.40878296
22.5296192,43.1188889,2.04234529
22.5580444,40.680397,2.08301044
2.55359101,40.0799065,1.32885766
43.0812988,46.1476212,4.06491375
43.4223862,46.5308533,2.06701779
41.3956642,45.7997475,1.92810345
1.49430215,48.2248116,15.260396
1.52192855,47.7601128,5.25234842
8.1065321,58.1115303,6.39920187
10.2859287,57.1977654,3.26536489
19.8123055,48.1568756,16.9529591
41.206768,43.9854698,2.0707767
42.9349136,43.1773643,2.02632236
26.3361282,52.3206749,16.692625
14.9387779,51.7493896,1.40265465
20.9430141,51.6064415,1.28599036
3.38599825,54.8235016,15.4898663
4.52985191,55.0160675,13.3259993
9.3222847,57.3804703,1.30805814
18.8898659,52.7134743,1.51698768
5.1919899,54.4817467,17.0082264
23.7786026,58.1034966,2.92011833
28.7595367,49.9013062,4.35089827
3.83521223,37.586132,1.48642242
1.71223044,38.0364342,2.65660405
3.05413175,39.2221069,3.72224879
3.1461997,38.0071526,5.39574337
1.44914913,38.0882072,5.13072538
17.9195004,9.31178951,15.775775
4.51319885,46.797821,14.7997074
11.3891859,42.5860291,1.75797844
80.6230545,45.16399,15.9516182
79.0378113,43.7119255,16.4790268
1.52009094,42.9078865,10.1761923
1.44873154,48.6846352,8.65377045
10.9039764,46.9608307,17.9654312
32.779068,30.4064827,3.92952299
12.2947063,24.2145805,4.22370863
3.29409742,46.8932457,16.7886124
1.70896506,42.0345192,2.65562463
39.8594971,29.8450699,4.26870966
13.2877769,41.8609543,17.8370953
99.6174393,20.3575439,3.90246606
11.3785391,57.442028,1.34609568
13.3054705,57.0506248,1.34668803
12.7327805,54.9826393,1.60089207
13.6951942,41.8783875,16.0021477
13.7386694,57.0180473,5.355124
3.82622123,41.5822754,1.48509347
73.1362762,26.9887581,4.58689976
3.68993449,43.5135727,5.47881222
16.5587883,57.1847343,10.1073618
84.8477097,20.0671253,15.6814442
82.7798767,20.3066654,15.6383715
67.6732788,38.8919258,4.02227449
8.43198872,55.5521469,1.5414474
10.4932861,55.8605309,1.53818214
69.0979919,40.5933266,3.24199104
65.9785309,39.7305298,4.18043137
8.00412083,56.6397362,5.22637749
1.62374687,47.8276215,11.4943027
1.91744661,47.8130875,6.57927513
66.0764923,57.4435921,1.35100889
64.6965561,56.2520256,1.54710484
61.9310265,56.9119148,3.90673375
38.1639633,21.899559,3.75921583
65.7241821,44.6141472,1.95613992
67.8164062,51.0763321,3.30347085
66.3596649,51.5040779,1.34794855
61.70438,31.7397957,3.0962956
63.4014053,37.7389679,1.41207862
61.7887306,36.7349701,1.28500319
68.7957993,28.8304405,1.52096689
69.04599,31.1586246,1.67869866
22.976799,23.1352673,3.88629127
70.9383011,43.8454552,1.89216173
70.2022781,46.1701431,2.25293779
26.3822746,27.1192741,3.79129982
69.6146469,33.6265335,17.8796043
69.2713776,44.4765778,1.11172676
68.2591324,23.8430824,11.4853268
66.9674759,34.1382065,1.38502181
70.6588287,40.0900688,2.16776538
72.4510574,35.8546143,2.19394135
67.3758011,27.7610989,1.6065191
69.318985,26.6988926,1.5590955
11.7534475,55.6923141,16.5553131
102.750145,20.1861954,15.3396301
65.9622192,58.2809792,4.92794704
102.386024,18.1022472,16.5740395
100.862473,19.2780857,16.0115185
75.3999023,33.499321,4.03627729
72.9284821,46.8352585,18.0271225
69.6394196,42.2126694,1.25761223
74.0415115,43.6198883,18.1555042
78.4276123,41.8965836,1.71262801
78.5000763,39.9225616,1.74017084
9.24374866,3.20633554,15.0500002
84.6897125,36.0715866,17.5801945
10.0889673,12.9019032,14.8206816
11.1857386,14.2768908,15.6792421
89.0712128,34.6840363,2.13528633
68.7285843,37.1855888,17.9592342
3.2868681,19.9218693,7.16953707
3.48458147,17.9848003,5.02946901
3.4144752,18.1250668,7.26565266
85.1023178,31.7974644,17.6157799
78.8265762,28.6396751,1.69853377
67.8161697,28.1024265,3.18526506
97.8431091,34.2871361,15.9068899
71.2633972,30.4814644,1.30417001
49.4981461,43.9699783,15.6678514
86.6606979,58.5488472,6.67378044
85.7596436,56.9123116,5.47563076
38.1110725,16.4239521,3.3013978
38.6005287,11.3324289,4.24888992
81.2277679,54.0258293,1.20679414
80.9536133,57.3861351,1.43097973
82.0942383,50.1830673,17.7494621
3.03867078,19.9073048,9.94779205
77.2605438,46.7708778,1.7114737
84.666748,45.2130623,18.0446949
10.4996653,11.4788465,1.91409278
76.8129044,35.6349411,17.8660431
83.6536713,22.4614201,17.88521
83.636261,10.9391136,9.56639099
77.4121323,32.9188461,1.8737694
76.1630173,29.0783501,2.98994374
77.3919601,29.9562435,3.77155566
75.2927475,30.3651276,4.04060602
76.6787033,28.1989441,4.21716261
77.5622787,33.6654892,17.7007999
80.0969086,58.2129402,2.65702176
115.876709,10.1086655,3.34150863
83.4745026,56.9214554,3.30618954
114.678047,11.5476007,2.84598708
85.9156189,49.4699135,1.61439395
91.1641846,55.2467995,1.59632063
99.2513275,57.4912033,1.45703423
84.393158,52.4500732,1.63179147
82.4792938,51.3465347,1.39142334
30.6794891,43.1355972,16.0782375
96.9703751,54.1237755,1.24483168
96.9575882,56.6468468,1.39932096
100.770493,56.9394379,1.38811243
11.5304384,26.0491409,15.7759876
9.59097767,25.9915104,15.7432585
107.171715,55.6714592,1.43519437
105.778107,57.1287804,1.34360492
10.4595013,24.2240887,15.7436228
109.503876,52.1882858,3.27083254
112.528549,49.2354317,3.14126635
95.0060043,41.9336586,15.5470028
113.400002,58.5162086,7.49999857
4.55326366,29.9901199,11.4733734
107.95842,45.7073135,1.08721375
18.5102329,35.8982162,15.6481075
98.6568375,37.9488297,1.92663789
98.8760681,35.5605049,17.8286953
37.7810287,39.5946922,3.86793685
98.6319885,43.9568558,18.2526608
100.722374,28.7304153,1.73537159
103.889511,28.4561939,2.1028986
108.462845,41.8420143,17.6977482
111.310204,40.0147972,1.44997191
22.4934654,37.2453957,1.70267999
9.51039124,37.5451126,15.7825489
10.2173481,39.6571274,17.6920986
96.9593506,39.2969055,18.1355934
85.3115616,55.7058296,3.35008955
84.0924377,56.4992218,5.40477991
87.1225204,54.9513054,4.32085657
84.8609238,53.861496,3.28051472
93.1059418,36.7562332,17.9896545
92.9462128,32.9467468,18.1315079
39.2720985,39.1049347,3.86701035
90.3553009,38.3786125,18.5404682
83.0235138,26.4636745,3.73281956
85.9510956,35.596302,1.17731488
49.4872665,57.0707626,2.77553129
48.9712715,55.400177,3.34541178
51.6037407,49.2589722,15.8846407
85.651535,38.8388901,1.47500885
84.8367462,29.7494717,18.2309723
53.9824066,51.4052048,16.9540672
89.2662048,45.4210701,1.48260272
87.1737061,43.7438622,2.1770525
87.2908325,46.1389465,1.84477615
41.4943924,21.2302208,1.61160707
85.8252487,43.4384842,1.06231356
86.010498,46.1587677,18.1552925
87.9101562,43.4198647,1.01512539
87.4174652,51.2986183,1.34206343
113.187119,45.6216698,1.44171739
118.240479,39.9460449,6.61326504
108.783722,43.0241203,2.31987
109.627975,32.5330963,18.1128426
86.734314,39.7356949,2.67602158
105.987953,32.9740257,17.1735592
117.036652,44.4230423,1.3105489
109.246384,50.7193298,15.9577084
98.6406021,28.3957462,2.14409518
105.273857,19.7445602,4.63623714
103.006531,17.9861374,4.38998365
96.4392624,27.8434162,1.37482321
98.3366318,30.5356541,4.25270224
100.327362,30.4693756,1.62397742
96.9038696,24.8335552,14.3300428
114.784485,39.0811653,1.53787839
113.077538,39.8853226,1.34765244
29.530344,20.1393261,15.6437025
112.919586,43.3727837,1.71025872
116.81765,43.6600876,3.07977128
108.287216,13.8391666,4.34278011
107.170151,15.9386606,2.23017144
110.542679,30.2170162,17.9875736
112.664162,38.1717415,1.699278
116.800285,39.230732,1.55747044
106.958977,41.6638947,2.22992849
116.668442,40.6994286,2.21569777
112.12635,29.7476025,3.2948215
111.287338,31.7282391,3.19571424
95.6219711,26.195406,2.05610538
111.20903,32.2310867,1.39117277
107.790245,40.5226746,15.7238941
109.096886,35.9327393,15.9862309
110.447884,29.7193165,4.16049767
93.0791397,32.6514816,3.4054184
91.6178665,34.2227859,1.57387316
107.738564,28.2151566,2.05479932
105.9608,28.260006,2.21947193
15.0829248,52.2156677,3.26880503
99.7757416,30.1888599,15.8705616
10.6448669,52.1328354,3.2247684
109.889381,35.8919144,4.43644285
116.041145,37.0968323,1.44521058
116.50882,33.6711235,5.32978296
118.374161,13.8189974,2.65339947
115.556229,12.4289656,1.45547748
14.9047956,3.19067693,7.25273561
116.924232,15.5928364,3.6481936
112.289948,10.528985,1.38823402
115.029266,9.79167557,1.50026596
113.287949,11.9730234,1.6486119
103.529884,8.66631222,3.60454416
105.058647,8.25039005,1.4032166
107.163025,1.61379147,9.99188232
111.081635,3.34742904,13.8151646
118.178871,13.8791704,4.46925592
109.969986,1.92206371,2.49333644
111.038208,4.85757208,3.17193031
116.843712,10.8349409,1.48874617
72.0021057,26.3368645,2.91282058
115.664078,14.207263,3.27614832
116.437241,15.7585344,5.52302361
1.47160411,15.6751614,11.3853302
53.1277122,27.9325752,7.27724075
85.5562592,7.76802111,1.32315469
93.8475113,11.226882,17.8967514
22.3719711,25.4800282,16.346468
22.6991138,28.0977402,16.4396744
81.5945206,16.6819534,1.53575969
83.1997528,17.7931004,1.33809936
83.9939041,18.8854542,1.88875973
80.6566162,42.8880806,16.1106491
83.4880905,12.3182173,1.48450124
81.4388046,14.708457,1.52349555
79.9965439,15.7067976,1.49302912
78.4300003,13.6407394,5.04807425
47.5239449,29.0411472,3.5967226
46.7637253,27.1139278,1.63771462
77.2626266,19.2364559,1.46175766
83.3498688,14.5452499,1.45235646
78.3503952,18.8615551,2.66139579
75.5582047,16.7894154,4.77144527
88.3599243,17.2278309,2.17264056
83.1457138,19.226963,3.54693723
81.5398788,18.7587872,1.61251831
103.34906,36.1726608,15.6501274
106.55526,38.1756744,15.5669289
102.161278,37.4364891,15.7762909
82.887558,11.519557,3.587291
77.1634064,27.8892517,1.72068501
72.7952576,25.129488,1.45579648
40.0598221,19.0279064,1.46217525
42.8526344,24.9057732,1.40034616
24.5431595,15.9368305,3.90527582
22.6979065,15.0711699,3.98930168
32.6217461,5.9877038,1.33200908
1.78147876,13.6754961,4.57345104
1.58250475,12.9864988,9.98656654
16.8296852,10.2834377,1.90622556
18.637886,9.67050076,1.67309439
20.51264,10.7552204,1.56649959
20.613472,13.8689642,1.97681034
90.7873459,5.59122896,16.8433037
37.5903091,16.9970303,16.4576569
36.2068481,18.1166515,16.3200417
38.5891457,19.6493874,16.079195
15.4759216,3.30510855,3.14368105
17.6377907,3.27310824,4.96646309
15.5529919,3.27761889,5.43905878
38.3148842,12.7097788,11.2930346
39.4868507,13.6412935,10.0078373
19.2211399,17.0130539,1.98650014
26.8288765,13.5972795,1.79098129
26.3306293,16.738224,3.91396308
53.1719437,29.8438778,4.14193821
32.4739685,13.7132149,1.31664681
1.55219007,15.0689297,9.8886137
15.609869,12.7959538,3.79918981
18.1909351,23.6520596,1.96958864
22.2628784,13.6918688,1.59827983
29.2589397,33.7903633,17.100462
24.0325108,18.6745262,17.0221539
35.0820007,24.6375122,17.742506
22.9892673,14.5751238,1.53244877
93.3472137,50.9453697,16.5073204
101.176414,52.1441498,1.39105129
101.51165,55.7543106,3.28910327
27.4214325,19.6706505,1.23548365
101.482536,50.4624596,1.82320964
40.9536934,24.285759,1.99557483
23.9423561,19.843008,1.81401348
64.4605789,48.5568314,15.559411
75.3420639,17.0009174,15.2135868
75.7140121,16.8889313,13.3416271
77.9360352,16.3447037,14.575901
31.839138,20.4712849,1.1356777
93.7630081,7.39776039,3.05287385
93.4289398,3.23961926,4.95665169
26.165493,19.0532246,3.8136332
10.1987362,56.6835709,12.6098232
3.3520689,8.57171631,5.69144773
46.9403954,21.4419308,1.47951961
43.5822144,28.1532135,2.03504014
42.4248657,26.7664776,1.67513716
26.515646,20.8393135,1.99478507
1.64045334,24.0772533,15.1948147
1.76677704,24.1563663,13.3903646
1.45326507,18.6262989,8.64733028
17.0483036,14.0742569,17.9929504
2.94927597,49.4849815,16.3581314
4.07230759,51.3274765,17.4642525
114.38707,35.6371727,3.30751848
115.094101,35.2996559,1.5416981
30.3549519,22.4904652,1.41482759
25.0340099,18.0416698,15.849268
41.199173,14.4883871,11.7334175
41.7905807,16.1703339,12.7381439
26.65131,21.0772285,17.767519
18.7586288,11.0413113,2.07218146
116.196518,46.0484734,1.32646561
113.199554,55.1680946,3.10883307
18.9454136,46.6860237,15.9909849
17.0420246,46.0680199,16.1481171
15.337759,47.3295708,16.3801994
16.9984283,47.7796135,16.4622288
16.8408089,49.708149,16.0601807
38.6020088,29.5839787,1.89649022
3.0948348,27.6661892,7.21391582
3.48771787,26.1639824,5.5943222
2.97501159,48.5943146,14.6234388
52.3323174,27.4234982,1.42765367
44.3909111,26.8412704,1.40737045
22.7228527,11.145978,4.38068104
20.8132572,10.2843571,4.27865791
44.4793739,27.0046597,3.5878377
46.6107903,23.0905018,1.58612204
31.2981377,13.4847231,3.33304906
32.8055611,13.802146,3.12459016
24.6161213,13.9444017,3.85322762
108.436829,22.0089626,4.3145237
107.459366,20.1687756,4.15592623
75.1053162,36.3017082,4.61362267
72.428154,35.7387924,4.27547598
3.83463526,26.6419621,1.47061968
1.48919916,49.985218,13.3609009
24.2023544,30.2917557,18.2378216
24.6913147,26.422226,1.85094237
51.3541298,47.1789703,15.4648981
78.0032043,56.5369148,17.5891857
82.6430054,28.1410027,4.22941923
51.0344124,23.348959,9.98258018
58.8196869,49.5133362,3.86058593
47.9351654,26.4413853,17.1379738
84.7037277,45.2756958,15.9695244
85.7048416,47.5663795,16.8323231
51.9674263,26.2684975,3.23577929
30.4594727,33.09478,2.01869798
86.8519974,48.3536339,17.8249607
11.2985907,34.2711754,4.38977098
26.7679443,22.9290791,3.6767087
48.7821083,30.9611988,1.38859093
107.351807,24.0450859,4.44496298
78.2125092,54.4144058,16.7441273
105.774063,56.7406425,5.41758299
1.45681894,31.4196854,3.29145741
9.45538139,29.8488293,15.698864
18.8372402,27.8666973,4.3636179
17.86203,29.6535606,4.3111062
19.8140831,29.5429649,4.26801872
96.531044,3.46346307,16.3243389
104.587463,26.5172405,4.41699505
105.617081,27.9069614,4.68891525
30.15382,30.9690819,1.86536312
97.1504288,15.1838551,4.05391026
94.965271,14.6705561,1.69082606
38.2693443,33.6183624,17.628294
49.2900925,40.1258507,3.80745935
49.8089485,41.9943924,3.87976813
98.939209,17.7861443,15.5466537
107.560501,16.1343842,4.54749537
52.5473289,30.6643867,1.57190633
53.4349976,41.7872467,1.41525292
110.554253,26.1773472,15.7222233
59.0577774,31.4353294,13.4370365
29.3179893,22.0128365,15.5061626
84.6153259,35.1854439,1.94140029
80.3071518,44.9508896,1.95653486
86.9534073,44.0851936,17.8018284
80.1224518,50.6053314,16.4728298
84.5992126,50.5888214,1.75944412
84.4573593,48.7865295,1.99318278
82.503067,51.6121979,3.27642918
12.3644257,28.6167202,4.09809113
11.3343887,26.3209705,4.16638279
84.4895859,50.5672569,4.22888756
90.5173721,36.219635,1.44189215
9.63764954,22.1647968,15.6541367
11.67801,21.9144344,15.8443775
91.5133896,39.7494392,3.72727609
91.0747757,45.4378395,1.2609762
90.9435806,19.9079266,3.88222098
79.02285,28.1104298,3.68601871
86.5651932,24.0769272,2.17642236
100.908867,36.4456902,17.78368
1.46038043,41.427906,9.13871288
3.09515381,42.3379402,9.89909267
4.37215042,37.615612,16.7584801
3.05075264,36.469883,16.2995682
100.626755,40.7307777,15.7808781
100.910995,38.637394,15.7673149
104.614273,56.4956818,16.937603
101.199409,52.1490097,18.6124268
37.3291588,44.0787811,16.1864815
41.9954338,34.8267708,16.9560719
95.1212158,24.1101723,15.9197845
58.1740227,44.3769188,17.8225899
19.03228,55.6469917,16.7577209
100.493454,46.9722519,1.66091383
33.2884789,7.91329908,5.49024105
33.6787033,8.11389828,7.35516119
20.6424885,39.752903,3.89341426
104.152214,37.8249283,17.9416771
88.9747391,40.9285812,1.99962234
116.581253,15.6996136,14.2435341
115.807091,16.6180973,16.6817665
116.614388,17.6844635,14.3212948
110.282272,53.6006317,3.29100943
28.9878769,51.1986847,16.5454273
1.45080459,42.1754761,4.76194572
107.331924,54.371666,3.33358049
8.0484848,41.7275887,1.4181689
39.5624161,27.845253,4.31805468
101.203384,17.5364895,4.10834312
99.5791397,18.3267822,4.36304808
7.48925066,37.6709099,16.9032497
49.3651962,32.8525391,15.4517155
3.24346924,29.7201214,12.7046862
42.4141045,44.8668098,1.33658063
112.568298,58.5117569,6.66615629
49.1633415,43.8486137,17.9411907
94.2827301,22.3183365,1.81049752
93.0463333,19.5691051,4.17470551
56.6331902,37.4610786,17.1135368
87.6702194,56.7144012,4.92307949
77.5639343,29.6133671,15.964983
94.8918533,40.0145378,17.722641
95.3596954,39.8599129,4.14205217
80.0026398,29.7290211,15.9223061
96.9740372,42.4509964,1.46806812
26.2782326,24.9867535,3.85926461
95.3343887,42.2958679,4.27605295
99.1178741,41.9997826,1.99186134
100.852646,46.727047,3.85801935
99.4908066,47.8184204,17.9764881
16.9877968,16.5331516,15.9269686
18.4969292,15.0169039,15.9745665
101.003792,43.7315598,1.4376092
105.680405,27.9492054,15.7458553
101.346504,42.8011627,15.9678383
111.859352,41.573967,1.5332005
106.700668,17.7002125,15.8567858
110.417564,21.9570656,4.37535763
58.4252548,37.1069298,16.5342484
58.183445,38.7756653,16.4351635
95.4770508,49.4456139,15.5519838
91.0134888,49.9976883,15.7361202
47.2096443,48.5952835,1.82066572
41.3740196,54.3342133,3.22905111
18.7242279,17.1895714,15.6667118
20.6284771,15.9816418,15.9680967
19.6939926,17.7748833,16.841526
44.4393311,46.9314728,3.18369317
41.6301918,47.4220047,1.99081349
21.1008148,18.0147495,15.7302723
18.8872223,19.1746426,15.7729349
68.2500916,45.2313919,2.23420382
47.4885254,31.4972649,16.0777969
68.952179,38.6292381,18.7075481
77.7491455,42.7633743,17.0324211
81.900322,43.9897232,1.59444487
80.2360153,46.7595634,1.7799778
97.4032135,44.8153419,1.99067676
27.2984047,4.76274776,16.6913795
87.7826843,37.7789421,3.93386674
28.5780907,7.20692682,17.1406479
90.4167938,47.795578,1.62934625
65.2057648,29.7447109,7.1594677
63.4167747,30.9398899,6.97465611
20.7284355,32.3731079,15.8719435
20.0912952,33.9477844,15.6270571
95.4292221,45.6407623,1.45483959
94.7531281,49.3010406,1.9120425
53.8546257,56.5742035,14.4339266
4.44470978,47.5137253,1.48473656
13.7127285,48.9189796,18.393177
71.2409897,55.5517197,17.2552853
75.919487,21.2261429,3.22143459
33.9271355,46.0439491,1.77352309
35.3661995,45.12043,2.09175849
77.1807022,22.5013638,3.44476962
101.701073,2.87149978,16.3012695
56.6142883,56.3140068,3.31878781
4.11444569,5.93122864,5.56176758
68.35495,53.0621376,1.63387215
32.0003624,33.6774712,16.2655334
31.1659298,31.991457,16.0849056
34.5656433,30.1172943,15.8378468
53.4825096,46.1602249,17.7553997
54.5327187,46.8672295,16.6949501
82.518692,50.1460686,4.17136431
60.0968666,39.3811989,16.0276775
99.9637985,58.2110405,4.74840546
111.003281,53.7732277,1.5980444
103.481026,56.4874954,3.20603418
105.99649,57.8067894,4.0739274
106.065819,56.74786,7.3436718
35.2030754,20.2823486,4.09099865
15.0512962,27.2017727,16.9031887
1.54793751,47.0642738,10.0231915
13.3926859,46.5749397,2.16377854
15.1534185,45.0612297,2.10213161
12.592947,44.1616783,2.41557527
26.9020061,52.4423141,1.64397955
108.582344,42.1904373,15.6812162
3.74830079,16.6947193,16.6950855
89.5866089,55.9835091,15.6577969
87.3624725,55.1202545,16.6946011
18.7098007,44.983181,3.98860312
3.12082863,19.3208923,2.10563993
1.8670007,19.8904228,4.55681276
3.14906263,20.500597,5.37136698
70.1552505,26.1437759,3.18550801
111.386345,11.9121513,3.02163291
17.1451035,22.3611431,3.81789351
16.4960041,23.8733826,4.29032183
110.455597,17.8013554,2.09591222
109.709862,20.3476257,17.7734737
101.284142,13.1727076,2.012995
101.191727,15.6843958,1.34769046
105.208717,17.8006496,1.99504328
104.87542,15.0105858,2.09405184
115.271416,22.5347996,17.0481548
93.479744,11.1327038,2.07496095
93.6517334,9.1864233,2.00603151
61.2460594,36.7275734,15.9987755
91.1748428,37.8150558,4.50198507
112.151573,25.4420357,3.24611449
111.064529,24.2763653,1.41188884
93.2888336,39.039444,4.44349003
12.8532495,15.7769718,15.2183867
36.3558083,33.6646233,15.9058876
35.291378,35.2326012,16.1412678
93.5267639,3.07542515,3.19656467
109.625786,50.4744148,4.15755844
89.1571579,32.9799919,16.0515842
91.2064514,31.7643547,16.1539631
84.6914902,7.61148167,9.97001171
102.851692,20.6834106,2.0521946
81.313324,20.6984386,1.34005857
28.7633343,30.246769,16.989212
92.648674,16.2892838,17.0085907
76.7477036,19.4887161,3.24070787
41.13657,50.0336647,15.6922579
118.376312,13.8732853,11.4943027
11.9467411,19.7106686,15.7596302
10.617878,19.7354031,17.9903851
11.4117317,18.3173504,17.6090202
117.09874,19.1735344,3.72383595
11.4791422,29.6232986,15.6836309
103.457306,3.0086143,16.9213219
115.613335,18.2336578,3.27630019
10.3103352,24.3300686,4.48510408
14.3127337,24.1900444,4.26898336
101.268372,3.85541964,1.49775243
96.9464722,5.92606449,3.32728529
39.5093117,13.9300194,16.2058449
95.2641449,35.5554619,4.29094458
60.1980324,56.9362144,13.4774513
93.5490952,11.2850742,3.92345548
93.4374161,9.23973179,4.00158882
40.4719009,29.9617805,16.1120453
104.285652,34.4187393,4.14283419
105.690109,32.4280739,4.07984304
103.596893,32.0849228,4.43955612
82.0205383,13.4307613,1.38673043
83.9964981,8.79167938,1.3539933
99.3996658,12.2574205,3.89119673
95.1118164,12.699975,1.98853528
95.0866776,25.9950886,16.075201
109.798622,1.55932081,4.7685976
101.464478,50.7773933,15.8922644
8.7092104,24.1625862,16.6939163
53.6203461,56.5919876,3.79720783
30.5270443,30.7966862,4.38472843
1.51049984,28.5786514,10.8097019
41.295166,51.4544907,3.24506664
115.634949,48.791996,16.8678017
98.8302917,28.6210098,4.36275196
15.5116806,37.9359818,15.7244253
14.5546284,36.5935707,15.7441082
59.9975014,44.9889374,17.8611679
57.8557243,47.4268799,16.2720928
35.9508438,40.9297791,3.9516058
77.1671829,29.342411,1.51948607
83.1493301,11.0904207,5.46859121
34.1665611,43.3363609,2.99518347
19.1138382,12.9740448,3.92315936
19.2131805,14.8617916,4.0966711
45.6773033,28.7071629,3.59798312
85.6079483,30.2172604,4.36407328
31.4850903,8.01981068,13.7752666
40.0565567,56.8738861,5.26648855
80.5202942,46.8979836,15.9090929
97.2083206,40.8472824,16.2386951
99.1856995,41.9306641,15.7524319
97.4948273,43.2171097,15.8292961
101.146507,21.4778938,3.94955564
51.8478813,49.2542953,1.73398948
38.2907906,21.845665,1.72623622
103.72242,3.34069347,15.0513678
40.737278,19.6674671,16.7390251
42.0107269,17.9830456,16.7039566
39.497551,18.2395592,17.0614738
114.439529,15.5274687,2.87022662
78.3867722,31.6953411,1.83999205
22.8226662,13.2410364,3.66758084
84.3173676,22.9141121,4.27784538
20.7991409,13.8173189,4.05441904
26.6137047,13.2812538,17.8915882
72.2161942,45.0546379,2.02105975
18.7848263,23.7719574,4.27998686
30.7603874,5.06064701,7.26540184
116.993248,16.0096245,9.93987942
93.020668,54.7655449,3.31487679
63.9935303,45.3889503,2.57422614
48.4561958,56.9330101,4.14263678
48.4037666,56.3236198,5.46217442
91.7215271,56.9127655,3.19010234
89.2451401,35.0807266,16.102705
41.4508629,37.5878792,15.7078247
36.7660141,29.5187702,1.5630672
80.7175522,28.2980289,3.68740821
71.059845,56.7348442,8.50054932
70.3590393,56.3557739,5.51827002
85.6761093,29.9317474,2.15477991
68.352417,56.6796951,7.18116331
72.2183228,42.7013359,16.4905987
24.8679562,27.9067173,18.0047207
3.01606393,28.0417137,9.84803963
22.0573425,29.8152256,17.8478165
14.7498741,19.7276878,15.2080135
84.628746,40.9838486,18.0498447
98.985405,24.2596207,1.87424791
93.2273254,34.8160782,4.02326918
28.4359398,29.8788395,3.53918409
10.5961905,55.228878,3.33800769
3.34881878,45.4736214,15.5598364
12.2963161,35.5714226,15.5749483
4.94621515,46.2237244,3.29337859
3.11085033,46.8809433,2.94564867
1.45084262,40.3764,3.31244683
16.8441277,18.3532314,15.4355707
1.75917566,20.0536842,6.61378908
18.8524437,21.6747036,16.3391476
63.8711166,56.5592117,7.11663866
4.91874838,16.815834,1.63467717
66.3922424,56.4275818,5.51935577
1.48900926,14.5287027,2.71196318
76.1053085,28.9055748,16.9437389
1.4838531,9.99675465,13.3733549
1.5746299,36.050808,8.29651737
1.43680918,48.1417351,3.22602129
6.45111847,48.3741837,1.55548847
1.75436115,49.5175591,3.68680835
7.49090624,57.0046654,3.6054554
5.03679466,44.1437569,3.34256411
1.51077318,37.6684494,6.99341297
1.75335109,36.0011902,6.6518569
1.56124198,31.9470634,8.57044315
6.50401735,18.4426022,1.23940969
41.6410599,56.6797562,5.66171026
1.4568038,18.6306114,4.64834166
40.7236061,55.6492271,4.25154018
1.50342238,23.9992352,11.4456863
8.60591888,12.8955622,1.28275537
9.68393421,45.847374,4.20375967
10.6087503,43.7877274,4.43449116
8.4029808,44.0739975,3.35104632
7.76822615,45.6688881,1.63116872
3.76512098,31.3907986,2.66141105
3.04662156,30.6723289,4.95677328
5.96704102,30.7937088,3.12997437
73.5317841,57.0380363,14.595645
1.75099707,35.9908485,13.3555546
6.65200615,29.1896076,3.44681239
1.54629731,24.2263508,8.56321335
10.5632181,27.7605362,15.5299616
2.26340723,17.8726997,3.15989399
33.3333054,16.1680775,15.9402876
3.05601501,31.9202709,9.95373058
4.91985703,27.9266052,18.4016209
12.6186066,27.7864456,15.754406
9.87034035,42.0276985,4.19997787
17.0554047,13.6017904,4.1112361
15.0784674,17.4405346,17.8039551
22.914278,17.1175823,16.0759602
2.76813221,38.5214386,14.9372168
3.05403304,36.5588989,3.7217629
1.67680514,36.009407,4.79106808
99.1978073,15.5974684,15.8999643
7.89596987,29.8252125,16.738903
21.2041969,3.13774776,3.10753441
1.71671844,14.038763,8.42783833
95.0301208,30.0354023,3.859447
109.290031,12.2251472,4.37328482
108.919724,10.1925392,4.33006048
36.620697,56.688549,3.13549495
35.3559189,55.7047081,3.20431042
30.7448044,27.7354908,3.52570486
39.614769,46.8890686,3.76523018
39.7201347,50.7164154,3.26591182
27.0894833,21.3890095,15.7235136
2.9790287,25.9633236,9.89826488
21.9972153,25.002367,17.9898834
93.2198563,50.4293518,4.18998432
71.2087936,48.6410294,16.7393131
18.8531113,52.3435173,3.2662611
14.2149477,28.1387939,2.62853718
25.9252319,35.4657631,2.99377871
35.5157242,11.9134502,3.33780265
22.6562996,15.2352648,16.0126266
99.6333923,16.0327263,4.31911039
97.4000397,17.39431,4.44261646
107.396217,32.2336845,15.8293724
71.0873871,23.6965141,7.1230402
92.7793503,40.8716888,18.0499954
84.3486862,40.9484482,15.939908
97.4693832,45.0505371,16.3846645
39.277874,15.8689032,16.7209663
16.7645302,49.4717522,17.9883652
54.1837196,28.2577744,3.82768941
14.718997,17.223402,15.6366863
37.3921547,31.8597488,16.1834888
91.113472,44.010498,16.1658707
79.1511383,15.13451,5.32496119
9.53401566,21.8469334,17.8622303
14.3577576,14.5975637,16.9184208
13.343523,18.3782902,15.6456013
34.2335548,39.5383301,16.9231758
24.7882729,38.0804176,17.8401928
22.9452915,40.7991829,4.11055279
57.9309196,56.5840149,4.96761751
53.9170761,58.2779427,13.3925514
115.731026,41.6847305,16.6252232
111.264687,48.2411079,3.13135624
16.9724026,10.1618452,3.89125752
44.2163849,56.6678352,12.7643585
34.428627,26.8596859,2.0722878
88.8002625,4.72754288,16.1725998
107.825859,51.2754898,3.27532053
100.075592,58.2781105,11.5478544
86.8755722,31.9786072,4.08133936
87.1757736,35.6778603,2.24602747
91.011467,30.1639977,18.0797176
84.4479218,56.8496017,7.19158983
101.507523,32.2808571,4.45448589
73.0472488,33.661953,16.1576691
72.1215134,35.0315933,16.3924103
33.2461815,7.34198332,15.1349754
34.6287766,8.98608971,12.7563543
78.7950058,15.2482805,3.65060854
78.135994,26.2805634,1.99500525
40.5078888,37.8547897,3.73627472
3.18254375,15.8066874,5.11985111
51.6278343,47.0418434,17.6484642
102.916588,30.1130657,4.2495203
84.513031,40.9154739,4.13287115
89.1477737,44.9379044,17.911438
34.8129578,35.7380486,4.24654341
35.2483597,37.265583,16.1020679
82.5428391,41.553524,15.9969835
37.6532402,12.0793524,12.786046
99.5641632,26.056673,2.21392083
54.4066505,56.9194641,16.3176575
106.760963,33.9102097,4.38371086
68.4000092,56.9996109,5.14202499
73.5420609,56.853035,4.85368681
102.864571,46.3387108,4.19418383
64.0759964,57.125927,16.8785839
82.634407,17.6875381,3.0182004
45.0680351,30.6634598,16.9524117
45.7425804,41.8700981,16.1799049
45.4408226,45.5076561,1.84406233
89.018631,47.0264244,1.96150124
89.0478668,42.9397659,4.18616486
81.5065536,54.8259926,17.4304295
9.43360996,45.5397644,18.0769691
24.0498028,45.7038498,1.88173544
59.8757477,35.7533417,18.4561157
47.6748581,40.0527077,15.9748859
45.5324745,40.0064888,17.6390324
36.0478401,8.2535181,11.5313454
99.692482,46.119873,15.98456
53.0993195,48.4266853,15.9042473
107.093437,58.472908,9.98807812
22.1645298,13.5347137,16.2289906
72.5847397,44.7529945,16.2157021
77.7558746,23.4049473,16.7313995
77.7536926,16.7733994,12.7729244
76.9868774,17.3463173,11.4205656
26.7302856,37.0727577,17.8225288
96.846344,24.9277802,16.3892517
109.460648,28.3488541,15.4253035
111.28521,28.1678009,16.7018452
1.50341475,27.1487598,9.9962635
98.7258606,35.90411,15.8489647
30.9958191,56.6479683,8.70931149
16.679266,36.5180893,18.0468063
39.6929169,52.5251617,2.9242568
31.707098,16.6794167,18.1377659
72.7067566,42.9403725,2.19630289
39.7304916,54.2938004,2.45768332
76.9643097,24.8873882,3.1307869
87.2208786,36.066967,17.9768066
95.3691559,49.6479607,4.41833162
97.1244888,13.4040689,3.88563824
27.4443512,44.9790802,3.92628813
75.9572296,25.5041752,16.6620235
85.6506805,44.4653854,2.87988615
65.9246597,30.2359257,16.7581463
67.1151962,28.3464928,17.4241409
70.3901138,38.0364189,17.9519749
82.1978836,43.977253,4.09541082
80.965889,19.4085178,3.6500237
80.7253113,17.5871716,3.31350231
80.434639,38.8864136,3.98444176
117.064293,36.7750816,5.43895245
116.124802,34.7613449,3.2087605
35.5350266,53.5355072,2.77316976
63.973465,40.0540123,17.9559231
75.5061798,43.6355286,17.0119324
84.8936539,55.7775764,16.7992592
75.7736511,48.2797775,2.95435882
28.4175701,27.3365479,16.647047
27.1910648,14.9416943,16.0839024
29.7250195,43.4986572,3.06555557
31.5219975,21.0221653,16.1844749
18.383379,11.2680407,15.9228067
46.0750389,56.9621429,10.0754976
3.29437852,31.9189053,12.6813879
3.62856841,32.4013405,14.5935345
103.870346,58.47435,11.4888048
1.86729681,31.9225349,13.3798704
110.326927,18.2201328,4.11709881
9.66516209,3.02533603,3.62783456
99.6065521,10.3583813,15.9502516
106.731422,18.2902393,17.7683697
108.762032,25.3982334,4.25346136
51.4130058,23.7778435,11.396615
49.2572021,24.0868835,12.7710867
110.973038,40.0306702,16.3211803
78.8564072,51.6256866,3.28982472
80.9406433,58.428196,10.0490408
36.4424248,30.0554352,17.8361073
39.2471046,27.9246235,2.29876685
105.09861,40.3114128,17.4634018
108.522873,38.3256378,15.9464083
19.6529713,35.1930542,3.39768791
34.7481537,6.87258482,15.3072348
2.92334294,41.5090714,5.40168905
37.3118591,20.3969326,3.60696673
97.6029434,25.3894024,2.15416479
92.9192276,23.5363827,3.60573649
107.594383,32.3829803,3.98782086
68.3551331,47.1780739,2.22185636
92.257225,8.45246983,3.24568939
71.4388428,33.6677208,16.0134926
104.815521,29.6753254,15.5446634
55.7374954,47.537159,17.8576584
12.9867487,16.0281925,2.44805431
1.50208592,35.9921532,11.4535694
1.84211564,46.1248856,4.47385025
3.26625085,16.2809067,2.94787383
35.9978943,57.0630035,9.97961807
66.1326218,36.7337074,16.9369049
29.0038853,45.7218475,3.73403454
65.1022034,38.2953529,17.9993744
37.0686798,56.9235954,11.3772507
36.5430031,26.5178947,15.9531822
37.4532318,28.5459156,15.9954195
85.525322,37.4398003,2.0134356
23.497364,2.9615097,14.6214495
90.1270142,39.3210373,2.95898366
88.9356308,41.309639,3.98122954
95.9042511,37.5472221,16.2193012
97.1759872,38.9283295,15.8377714
26.4720573,14.9887533,3.62634611
38.4790039,13.555232,14.5135708
23.4575577,2.93236446,5.50961304
10.3739948,11.1441774,17.9962006
112.57457,55.5110016,16.7163792
98.9753036,39.9495506,15.5702858
68.838356,49.4541206,18.164875
92.9893799,55.6137924,16.6105213
91.6002197,15.7380457,17.9687576
99.7013397,44.1031876,16.174284
65.0864639,36.6193924,3.30070686
62.0918159,38.2843437,3.17239356
50.4755898,24.8406563,14.6551962
32.0550537,58.4776001,11.5148363
30.9910431,50.8479691,17.8560791
10.313798,36.1262016,4.27773905
10.8940134,22.9943562,16.8440628
88.638237,31.6063728,17.0257072
99.4331055,32.998188,16.7719364
88.1510162,24.7526741,16.7817326
84.5241699,46.8028793,2.03948236
75.3612442,30.0498924,1.96794081
99.1980362,32.7137375,4.35178661
15.1561594,41.8877144,15.876029
66.346817,46.0292015,2.69962335
80.0550537,58.4115639,13.3896666
39.5843544,46.9097099,15.8852787
37.7218819,48.2387238,15.7938938
116.897461,14.201066,9.95048046
106.805397,26.3005276,4.3810153
61.9024429,34.5653763,15.4071083
105.018341,26.8635654,16.8788414
5.8781929,10.2757072,17.1201439
26.6747227,54.8423195,16.6737328
24.0055447,27.5148449,2.85099149
36.6384659,29.9236126,15.9247513
19.8811207,17.378233,3.13703656
65.6554718,28.3845749,16.3225327
50.1014557,56.7974472,12.6150789
116.332535,23.4941444,5.48531294
81.0685577,21.1667976,3.64629531
38.4824944,42.3411598,16.8587799
108.056137,19.0487518,3.16924977
100.251213,34.7527771,3.83589077
3.1556313,12.7725267,11.4187288
10.5837059,16.3866978,15.766571
11.24125,17.8655167,15.5656528
102.164948,34.4969406,15.4583979
67.4990921,54.8628845,4.77884197
101.657852,3.02029371,3.45816517
96.2961502,10.5337086,16.9399281
37.3510666,9.6784811,13.3958321
85.4472885,43.5252838,17.032465
77.074173,17.243679,3.69036984
17.6865215,25.895813,4.17310333
14.4029255,28.2055435,15.8598537
16.2389812,29.8645935,3.28316498
16.277626,27.6268997,4.56164265
15.04671,29.8355026,4.21637297
75.1633987,34.9749107,16.7353039
89.2590561,36.8738747,16.0402374
38.3105392,56.7654762,12.4909496
39.7766685,48.7125206,4.31299734
70.4212036,41.7008133,15.8442869
70.2898331,35.6122627,15.6253405
8.88005638,16.2699795,16.4554844
1.5021162,28.0078678,8.54641628
84.6700745,42.9380951,1.90790379
74.2856979,56.6826286,7.14203978
83.563179,43.1814919,2.91613913
11.2822342,42.2118034,4.1137042
26.9311886,50.5746689,15.7515965
72.3336563,31.9841213,16.0201912
66.118515,44.2679291,4.31255674
64.4056473,45.2330475,4.40052366
74.2183914,31.9665794,15.5365992
83.5808411,11.1235905,16.8462048
25.108923,22.2060013,4.03983879
47.3936501,28.6478004,16.7775555
111.708717,44.6469688,2.67575574
90.2365494,23.7457829,3.28656697
8.53934288,36.2303123,3.36784387
109.04451,45.0114288,4.44755268
76.4785919,22.2494907,17.0274391
80.102272,16.2698593,4.38404512
78.913147,17.0965252,3.1887126
20.7002316,43.8704071,16.1350403
118.337662,43.986927,15.2127666
43.132019,35.7383995,4.38919401
78.4075928,31.7995758,3.86591697
101.81443,39.8853836,16.8904457
102.506218,34.2234879,3.67124867
86.3754578,23.7603397,4.42740631
69.3664627,51.8283501,3.07358241
70.5185471,43.7561951,15.8697872
18.7002621,50.6484489,15.976511
11.9446001,36.8560143,16.9521084
11.5652037,37.4392548,4.46490431
70.7755814,45.9960022,15.9009972
70.5546875,50.2322922,15.8867512
50.043251,30.0714512,17.0940361
50.5680008,31.22258,15.7264147
77.4562073,26.9885235,3.04089832
30.8118591,5.49948788,12.7750807
63.8176994,44.919178,15.9384804
83.4263077,33.7232475,4.31894302
61.1734924,49.784893,3.95962501
63.1485481,49.6685219,3.84081173
111.770561,41.505394,16.3141174
101.303078,46.9942894,15.9625683
18.7395897,40.7318993,4.21755791
80.3187561,13.9827051,3.65764046
99.0768204,43.8426743,3.97592902
109.973312,39.6941719,3.80344224
111.567703,39.7689095,3.10792184
97.172287,44.6979713,3.81225109
23.7540359,21.6074905,2.89323592
18.9853954,11.0871096,3.88462067
60.6186867,33.4405899,14.5739269
6.96279192,36.008297,4.10996819
101.458282,13.0585108,3.93507409
98.2120361,26.9139595,3.1372416
99.3817596,26.6364574,16.8202324
9.43155193,30.2538776,2.05391836
32.3228912,6.64722204,12.7110348
82.3722534,45.8931503,15.9512539
109.446648,56.8838806,16.3976345
24.2253418,24.2520027,15.741436
47.2756348,48.7351189,4.21682119
85.5825958,39.7296944,16.7767963
86.7158127,39.9485931,15.4671917
87.5455627,37.970047,18.0932045
87.5369949,37.8394928,16.0040913
81.7074738,33.61092,4.30860806
84.3232803,43.0908241,16.0047302
24.3738461,8.45261383,3.25780153
100.241096,24.9576626,3.39458942
107.808548,31.2007847,3.08058381
91.3197784,19.9317722,15.8859005
80.9007034,37.7305832,2.80666614
114.989548,43.9503708,16.6708469
92.6484146,10.3489199,16.4909325
115.424492,3.67328882,4.24775839
15.561512,25.5063553,3.97279263
91.7755508,56.7327003,14.987731
90.5148468,56.7477531,16.9578342
114.323586,28.0471287,3.51300788
37.6185646,49.9371033,15.67628
32.6583481,31.9258614,3.99823976
66.9415207,56.8575897,8.54936981
65.7787247,46.7088509,4.37817526
107.786072,19.8587952,17.7761917
15.5242338,33.5917397,4.41282606
41.1757164,45.9401093,3.89295101
33.5423164,9.64906311,3.20414329
34.4418793,47.5443115,3.16043329
4.70201969,48.3244133,3.33209968
16.518671,43.7604485,15.7837181
115.622467,11.3085766,16.8213558
16.8814373,12.0728598,3.85019016
84.6699829,31.6849537,4.24816847
44.6741638,48.449955,16.8077946
6.50708532,1.75139964,10.003706
22.7285023,23.1856594,16.0534668
110.19519,42.0590019,15.6464367
111.301445,44.2556572,16.5367851
41.6856041,31.9768162,15.8974285
76.7675858,50.7876129,3.96709728
82.8300552,43.9608192,16.1113472
99.0562439,45.5580025,3.97918677
106.708031,43.6811676,4.20861959
97.4962082,9.31483459,16.6945553
97.1145706,16.6938915,15.792223
15.4798326,34.0853539,15.7900667
104.016365,18.9987164,3.36542153
105.587059,16.5869999,18.0420532
104.978683,23.9475212,4.20793629
37.3081741,9.78051281,6.55963707
7.32715988,47.2345734,2.65871525
17.5562115,34.0767593,15.8248768
103.942337,1.39640999,8.4877758
19.7001438,3.03742552,3.55901909
10.2638226,39.7417526,4.30421114
9.64147663,38.2795563,4.25586081
3.27859092,16.087059,12.7405891
101.860756,29.6992683,15.6048527
101.205574,13.4037352,16.4200974
88.1886673,57.0012512,16.3730011
66.4910126,32.3440247,16.8376083
95.437561,15.8913507,15.6637201
95.5861588,12.1982574,4.35799837
63.8685799,43.2670021,16.1563339
14.3996229,27.5664215,4.12638569
82.5638885,21.9021015,4.32646847
16.7653503,51.4335938,3.23514152
33.8177528,56.7099648,6.99409676
61.313385,56.3604965,5.3994112
76.4561768,50.8761444,15.8611298
117.20826,17.4414902,16.0400105
115.670258,18.7542992,16.8646717
44.5516357,29.6481094,15.6163797
38.2234993,29.5071449,3.94427776
100.200409,30.6037865,4.33249807
12.7884512,18.3376408,4.46342373
26.7772617,13.2286816,4.40546751
102.785866,54.8701439,16.5934048
29.6253052,4.42476845,15.076807
98.3526688,16.7815018,3.2092464
64.2707672,36.7702484,16.7737122
45.5003052,47.5322533,4.3934617
6.60875177,44.9720917,3.53935099
62.1158295,35.5558586,16.9781551
94.0173569,43.44067,16.9465637
69.7903061,57.0090561,3.67520499
76.0655289,58.4259911,11.4373331
39.5839005,11.6628532,10.177104
96.9641647,18.7806435,15.8915815
95.2734299,14.1680107,4.09290457
104.132881,22.1943512,2.25954461
37.4639397,46.2330666,3.95463586
60.1465912,58.175396,11.5266218
65.3194275,39.9735336,16.8381233
115.56308,33.1982841,3.27950478
113.442032,42.7684784,16.4106064
2.80474997,30.03339,10.2256737
13.3002157,26.2738285,4.41484594
109.772758,23.5947781,4.4148078
3.309551,23.7501564,7.28969479
3.02184272,24.046339,9.96753597
10.644206,32.2124825,4.53564119
46.4169807,29.82374,16.0884438
9.01218224,32.1743164,3.55916333
59.1681557,31.3257198,11.4705334
111.453476,23.8443813,3.3125
103.355194,29.8656197,16.7091961
2.99817276,18.0746269,10.1333027
60.1183128,32.8243637,11.4620285
41.2551842,56.1893158,2.59896684
1.48285067,12.0003386,6.597857
116.278061,42.5484543,14.5667124
12.3357515,38.6258392,3.2815094
16.6443348,35.7820168,15.9315853
80.5895538,14.3215122,5.2875843
71.3283997,30.8727455,16.5798111
118.348228,46.152935,6.71386814
116.673973,44.1400642,7.29195786
39.9816666,25.938879,3.95033026
11.2711773,56.7921143,14.6330528
116.28067,21.1558323,17.2744961
38.1128578,30.1829967,15.9773464
1.44664323,30.2720871,11.8619051
100.935371,55.6748314,16.7582664
29.1997528,5.56260777,16.7554111
3.43371797,14.471468,3.00791073
17.734127,34.1535606,4.39150238
3.37406063,29.6519051,7.02991676
64.1374664,29.7740746,16.0511742
106.890938,41.5039062,4.41303873
97.3664551,3.40889382,14.5628548
48.25811,56.7208099,7.37543678
105.417244,55.7057076,3.27097678
66.1774902,48.3832932,4.00446653
7.6028471,3.01051283,16.4121246
70.4062424,39.8642883,16.1257458
116.897247,15.6078272,7.30218649
85.3220062,56.8719864,8.53327084
65.1544037,38.2649307,15.9838772
111.778763,33.5697479,3.59654021
12.2007551,3.32667518,12.7657404
1.68197656,31.9953594,6.71855354
76.4051895,31.5084267,3.81610894
82.5087433,39.776123,16.0243969
3.26985025,25.9064522,7.27414227
91.4828796,34.1616096,16.0642052
117.146523,52.3040161,3.58492184
82.2115936,46.2629089,4.32195807
50.7200203,27.8161831,16.7094536
49.9054451,47.7002449,15.5976992
45.9809189,38.316433,4.02066422
45.8613548,36.3505096,4.41461802
64.018074,31.967886,16.8650665
110.562256,25.6742325,4.26750994
109.549667,15.9315529,4.58701372
42.4630089,16.8126221,3.77519321
67.0166702,54.2930107,2.99629211
82.2249908,14.5655031,4.37942076
84.6570282,10.2766943,3.20185757
8.15653706,45.9741478,3.70855713
39.2606621,49.0484695,15.7542992
90.735878,54.9890327,16.6646347
35.5403214,48.8275642,15.7525225
7.416327,10.3426018,16.7435207
66.2563171,52.828022,2.72229099
21.2507553,45.5759087,16.091011
41.2446518,27.9337444,4.2102294
47.2138062,44.7056999,4.12470007
41.2738647,47.559742,4.43359518
93.5867538,16.9809532,15.8173437
97.1918945,44.5819817,5.73149014
116.696358,43.9400291,12.7137222
71.5451736,22.8959846,8.65458298
14.7292566,35.8525352,4.38108349
